x	y	z
735511.9558	7459450.588	2.6469
735426.0825	7459456.685	2.6097
735521.5495	7459515.505	2.5275
735433.1	7459524.3	2.5262
735502.362	7459385.67	2.9583
735419.065	7459389.07	2.9366
735597.829	7459444.49	2.7103
735609.999	7459506.71	2.5537
735585.659	7459382.27	3.0022
735505.3813	7459319.785	3.3954
735422.714	7459321.375	3.3804
735678.2448	7459435.37	2.6694
735690.3365	7459494.355	2.5321
735588.0485	7459318.195	3.4082
735666.153	7459376.385	2.9894
735664.3878	7459318.378	3.3779
735508.4005	7459253.9	3.8422
735426.363	7459253.68	3.8345
735590.438	7459254.12	3.843
735662.6225	7459260.37	3.7867
735758.6605	7459426.25	2.6506
735770.674	7459482	2.5442
735746.647	7459370.5	2.9169
735734.807	7459266.62	3.7115
735740.727	7459318.56	3.3056
735524.5613	7459186.17	4.3046
735442.5485	7459188.125	4.2678
735606.574	7459184.215	4.3327
735677.4065	7459198.515	4.2223
735830.6253	7459414.588	2.6768
735843.406	7459466.485	2.5508
735817.8445	7459362.69	2.921
735748.239	7459212.815	4.1423
735810.645	7459254.975	3.7891
735814.2448	7459308.833	3.3163
735540.722	7459118.44	4.7605
735458.734	7459122.57	4.6958
735692.1905	7459136.66	4.6803
735622.71	7459114.31	4.8139
735902.59	7459402.925	2.7306
735916.138	7459450.97	2.6092
735761.671	7459159.01	4.5529
735824.077	7459201.17	4.243
735889.042	7459354.88	2.9194
735887.7625	7459299.105	3.3133
735886.483	7459243.33	3.8227
735488.258	7459062.04	5.1041
735728.6863	7459086.62	5.0367
735665.204	7459054.88	5.2124
735570.246	7459057.91	5.1612
735517.782	7459001.51	5.5115
735612.2733	7459001.485	5.5102
735559.3425	7458948.09	5.8649
735967.3068	7459392.47	2.7173
735982.3505	7459435.34	2.5753
735792.1685	7459118.36	4.847
735851.1483	7459155.795	4.5753
735952.263	7459349.6	2.902
735951.424	7459301.823	3.1975
735910.128	7459193.23	4.239
735950.585	7459254.045	3.603
735967.8065	7459210.003	3.97
735878.2195	7459110.42	4.8681
735822.666	7459077.71	5.1181
735765.182	7459036.58	5.3644
735707.698	7458995.45	5.585
735654.3005	7458945.06	5.8903
735600.903	7458894.67	6.2747
736032.0235	7459382.015	2.719
736048.563	7459419.71	2.592
736015.484	7459344.32	2.8693
736015.0855	7459304.54	3.0474
735933.773	7459143.13	4.594
735985.028	7459165.96	4.3283
736014.687	7459264.76	3.3542
736025.485	7459226.775	3.699
736036.283	7459188.79	4.046
735909.054	7459069.983	5.1071
735857.3265	7459035.915	5.3698
735804.329	7458993.573	5.6409
735751.3315	7458951.23	5.8904
735701.2892	7458900.22	6.2608
735651.247	7458849.21	6.7073
736088.969	7459373.085	2.6272
736108.9815	7459404.805	2.4934
736068.9565	7459341.365	2.7345
736066.9863	7459305.368	2.9575
735960.7815	7459104.05	4.8375
736008.3195	7459129.325	4.6102
736065.016	7459269.37	3.2446
736074.7133	7459236.36	3.5169
736055.8575	7459154.6	4.3423
736084.4105	7459203.35	3.8019
736097.6523	7459171.96	4.088
736031.611	7459092.69	4.8692
735987.79	7459064.97	5.0923
735939.8885	7459029.545	5.3448
735891.987	7458994.12	5.6078
735843.476	7458950.565	5.9232
735794.965	7458907.01	6.243
735748.278	7458855.38	6.7273
735701.591	7458803.75	7.2431
736122.429	7459338.41	2.7108
736145.9145	7459364.155	2.5765
736169.4	7459389.9	2.4425
736118.887	7459306.195	2.888
736115.345	7459273.98	3.1113
736123.9415	7459245.945	3.3006
736075.432	7459120.41	4.6199
736110.894	7459140.57	4.3811
736132.538	7459217.91	3.5273
736139.447	7459189.32	3.795
736146.356	7459160.73	4.0686
736062.2403	7459063.993	5.025
736021.9425	7459034.585	5.2463
735978.1615	7458998.1	5.5101
735934.3805	7458961.615	5.782
735889.886	7458917.468	6.109
735845.3915	7458873.32	6.4888
735802.9898	7458821.648	7.063
735760.588	7458769.975	7.67
736164.566	7459319.485	2.7405
736187.258	7459347.593	2.5909
736209.95	7459375.7	2.433
736161.024	7459287.27	2.9113
736165.7785	7459255.75	3.0997
736102.538	7459093.4	4.7879
736135.434	7459115.238	4.5432
736170.533	7459224.23	3.3327
736176.5368	7459195.27	3.5718
736182.5405	7459166.31	3.8304
736168.33	7459137.075	4.2053
736228.6015	7459331.03	2.5443
736250.5	7459361.5	2.3527
736159.974	7459089.905	4.6609
736129.644	7459066.39	4.9092
736092.8695	7459035.295	5.1542
736056.095	7459004.2	5.3703
736016.4345	7458966.655	5.6591
735976.774	7458929.11	5.9749
735936.296	7458884.37	6.3272
735895.818	7458839.63	6.7609
735857.7015	7458787.915	7.3868
735819.585	7458736.2	8.0537
736206.703	7459300.56	2.725
736207.6155	7459265.555	2.9162
736208.528	7459230.55	3.1142
736218.725	7459171.89	3.5536
736190.304	7459113.42	4.3238
736213.6265	7459201.22	3.2954
736204.5145	7459142.655	3.9484
736260.3338	7459318.44	2.538
736282.15	7459344.35	2.3826
736190.2833	7459072.853	4.6357
736159.519	7459046.385	4.9331
736128.4975	7459014.748	5.1822
736097.476	7458983.11	5.3903
736061.6313	7458945.208	5.7003
736025.7865	7458907.305	6.0623
735989.5043	7458862.018	6.4392
735953.222	7458816.73	6.9168
735918.5618	7458765.673	7.5839
735883.9015	7458714.615	8.2597
736238.5175	7459292.53	2.7291
736238.6573	7459260.563	2.8733
736247.8115	7459165.44	3.4721
736238.797	7459228.595	2.9653
736221.0475	7459099.32	4.2772
736243.3043	7459197.018	3.1305
736234.4295	7459132.38	3.8833
736292.066	7459305.85	2.5361
736313.8	7459327.2	2.4504
736270.332	7459284.5	2.6741
736269.699	7459255.57	2.7303
736264.3445	7459122.105	3.8517
736220.5925	7459055.8	4.5185
736251.791	7459085.22	4.1592
736189.394	7459026.38	4.8752
736164.1255	7458994.2	5.1082
736138.857	7458962.02	5.328
736106.828	7458923.76	5.7124
736074.799	7458885.5	6.1363
736010.626	7458793.83	7.0523
736042.7125	7458839.665	6.5493
735979.422	7458743.43	7.784
735948.218	7458693.03	8.4762
736269.066	7459226.64	2.8136
736272.982	7459192.815	3.0772
736276.898	7459158.99	3.4595
736310.233	7459291.875	2.4622
736324.3	7459309.4	2.4001
736328.4	7459277.9	2.3169
736334.8	7459291.6	2.2824
736296.166	7459274.35	2.5333
736322	7459264.2	2.3521
736295.3745	7459251.885	2.5364
736321.05	7459248.2	2.3659
736294.1766	7459111.446	3.8729
736285.705	7459079.64	3.9945
736258.203	7459047.32	4.2366
736293.3963	7459046.91	3.9725
736227.0045	7459017.9	4.566
736207.9605	7458984.423	4.7612
736188.9165	7458950.945	4.9474
736155.0333	7458911.485	5.4993
736121.15	7458872.025	6.1107
736080.6365	7458780.67	7.129
736100.8933	7458826.348	6.5854
736047.852	7458731.47	7.8449
736015.0675	7458682.27	8.5715
736294.583	7459229.42	2.6235
736320.1	7459232.2	2.4132
736302.266	7459201.308	2.8387
736331.55	7459209.8	2.5158
736302.6482	7459143.252	3.6286
736309.949	7459173.195	3.2217
736326.8102	7459159.723	3.4615
736324.0087	7459100.787	3.8449
736319.619	7459074.06	3.8341
736328.5895	7459046.5	3.6572
736116.282	7458719.51	8.0152
736081.917	7458671.51	8.7739
736328.3985	7459127.514	3.7511
736343.6714	7459146.251	3.61
736264.615	7459009.42	4.239
736301.0875	7459014.18	3.8751
736251.7955	7458974.645	4.3666
736337.56	7459018.94	3.4027
736203.2385	7458899.21	5.141
736238.976	7458939.87	4.5114
736167.501	7458858.55	5.9344
736159.074	7458813.03	6.5127
736150.647	7458767.51	7.1751
736343	7459187.4	2.8104
736350.9722	7459176.194	3.0782
736358.9444	7459164.987	3.346
736347.2478	7459096.488	3.776
736370.487	7459092.189	3.6259
736344.8965	7459076.169	3.702
736370.1739	7459078.277	3.5271
736361.9632	7459052.869	3.3553
736395.337	7459059.239	3.1771
736149.354	7458673.44	8.8011
736349.5992	7459116.807	3.7548
736370.8	7459106.1	3.7041
736360.4109	7459137.422	3.6601
736377.1504	7459128.593	3.672
736297.271	7458982.523	3.9398
736379.03	7459029.57	3.0077
736342.7465	7458990.4	3.2537
736420.5	7459040.2	2.9437
736390.3733	7459005.825	2.7949
736438	7459021.25	2.7201
736293.4545	7458950.865	3.9218
736257.1285	7458902.07	4.6158
736306.8315	7458916.54	3.7594
736221.391	7458861.41	5.4987
736221.7998	7458819.835	6.1314
736222.2085	7458778.26	6.8274
736183.719	7458721.44	7.9346
736216.791	7458675.37	8.8007
736252.3138	7458734.64	7.6065
736282.419	7458691.02	8.5314
736366.0606	7459202.191	2.6243
736357.2207	7459210.215	2.4553
736371.2226	7459158.037	3.4197
736374.9005	7459194.167	2.7934
736383.5009	7459151.086	3.4935
736385.52	7459187.713	2.8733
736396.1396	7459181.258	2.9532
736347.933	7458961.86	3.1196
736401.7165	7458982.08	2.6805
736356.5345	7458931.01	3.016
736455.5	7459002.3	2.629
736275.281	7458864.27	4.9292
736320.2085	7458882.215	3.9106
736284.5255	7458826.64	5.5326
736365.136	7458900.16	3.108
736293.77	7458789.01	6.2693
736320.9085	7458747.84	7.1398
736348.047	7458706.67	8.067
736381.149	7459228.189	2.1704
736371.4414	7459233.03	2.1001
736390.8566	7459223.348	2.2407
736399.8174	7459217.389	2.3268
736408.7783	7459211.431	2.4129
736402.7423	7458953.705	2.6524
736448.95	7458976.4	2.5917
736335.7118	7458846.975	4.4809
736403.768	7458925.33	2.6744
736386.898	7458867.31	3.4922
736442.4	7458950.5	2.572
736428.799	7458898.655	2.7158
736470.7	7458930	2.5876
736351.215	7458811.735	5.2529
736379.8525	7458774.128	6.1582
736408.49	7458736.52	7.2892
736393.4702	7459256.678	2.0847
736383.0158	7459261.333	2.0501
736403.9245	7459252.023	2.1194
736413.072	7459246.251	2.1629
736422.2196	7459240.478	2.2064
736408.66	7458834.46	4.185
736453.83	7458871.98	3.127
736438.7965	7458800.415	5.0478
736499	7458909.5	2.6411
736468.933	7458766.37	6.4121
736405.7913	7459285.167	1.9991
736394.5903	7459289.636	2
736416.9924	7459280.698	1.9981
736426.3266	7459275.112	1.9991
736435.6609	7459269.526	2
736534.05	7458883.9	2.8102
736519.0165	7458812.335	4.2491
736569.1	7458858.3	3.18
736486.4233	7458842.158	3.6397
736420.779	7459324.201	1.9995
736410.0041	7459328.229	2
736431.5538	7459320.173	1.9991
736441.9817	7459315.831	1.9995
736452.4096	7459311.489	2
736435.7666	7459363.235	2
736425.4179	7459366.821	2
736446.1152	7459359.649	2
736457.6368	7459356.55	2
736469.1584	7459353.451	2
736445.0406	7459404.019	1.9993
736435.1409	7459404.443	2
736454.9403	7459403.594	1.9986
736466.5335	7459402.734	1.9993
736478.1267	7459401.874	2
736454.3147	7459444.802	1.9986
736444.8639	7459442.066	2
736463.7655	7459447.539	1.9971
736475.4303	7459448.918	1.9986
736487.0951	7459450.297	2
736448.0603	7459489.362	1.9494
736438.8579	7459484.675	1.95
736457.2627	7459494.049	1.9487
736467.7227	7459497.816	1.9494
736478.1827	7459501.583	1.95
736441.8059	7459533.922	1.9001
736432.8519	7459527.285	1.9
736450.76	7459540.559	1.9003
736460.0151	7459546.713	1.9001
736469.2703	7459552.868	1.9
736422.9046	7459559.378	1.8512
736415.5921	7459552.371	1.85
736430.2172	7459566.385	1.8524
736438.5433	7459572.906	1.8512
736446.8694	7459579.426	1.85
736404.0033	7459584.834	1.8023
736398.3322	7459577.456	1.8
736409.6744	7459592.212	1.8045
736417.0715	7459599.098	1.8023
736424.4685	7459605.984	1.8
736372.2707	7459604.997	1.7521
736368.0043	7459596.638	1.75
736376.5372	7459613.356	1.7541
736382.5034	7459620.86	1.7521
736388.4695	7459628.364	1.75
736340.5382	7459625.161	1.7019
736337.6763	7459615.821	1.7
736343.4	7459634.5	1.7037
736347.9352	7459642.622	1.7019
736352.4705	7459650.744	1.7
736299.9536	7459634.544	1.6517
736297.7322	7459625.413	1.65
736302.175	7459643.675	1.6535
736305.1315	7459651.882	1.6517
736308.0881	7459660.089	1.65
736259.369	7459643.927	1.6016
736257.7881	7459635.004	1.6
736260.95	7459652.85	1.6033
736262.3279	7459661.142	1.6016
736263.7057	7459669.435	1.6
736211.7095	7459653.039	1.5516
736210.844	7459644.802	1.55
736212.575	7459661.275	1.5533
736213.3389	7459669.196	1.5516
736214.1029	7459677.117	1.55
736164.05	7459662.15	1.5016
736163.9	7459654.6	1.5
736164.2	7459669.7	1.5033
736164.35	7459677.25	1.5016
736164.5	7459684.8	1.5
736111.875	7459672.675	1.4515
736111.45	7459665.25	1.45
736112.3	7459680.1	1.453
736112.725	7459687.525	1.4515
736113.15	7459694.95	1.45
736059.7	7459683.2	1.4014
736059	7459675.9	1.4
736060.4	7459690.5	1.4027
736061.1	7459697.8	1.4014
736061.8	7459705.1	1.4
736017.9625	7459697.888	1.376
736016.5	7459690.5	1.375
736019.425	7459705.275	1.3771
736020.8875	7459712.663	1.376
736022.35	7459720.05	1.375
735976.225	7459712.575	1.3507
735974	7459705.1	1.35
735978.45	7459720.05	1.3514
735980.675	7459727.525	1.3507
735982.9	7459735	1.35
735940.75	7459738.375	1.3504
735937.45	7459730.35	1.35
735944.05	7459746.4	1.3507
735947.35	7459754.425	1.3504
735950.65	7459762.45	1.35
735905.275	7459764.175	1.35
735900.9	7459755.6	1.35
735909.65	7459772.75	1.35
735914.025	7459781.325	1.35
735918.4	7459789.9	1.35
735874.325	7459808.2	1.35
735869	7459800.75	1.35
735879.65	7459815.65	1.35
735884.975	7459823.1	1.35
735890.3	7459830.55	1.35
735843.375	7459852.225	1.35
735837.1	7459845.9	1.35
735849.65	7459858.55	1.35
735855.925	7459864.875	1.35
735862.2	7459871.2	1.35
735815.6875	7459893.5	1.35
735808.55	7459886.4	1.35
735822.825	7459900.6	1.35
735829.9625	7459907.7	1.35
735837.1	7459914.8	1.35
735788	7459934.775	1.35
735780	7459926.9	1.35
735758.075	7459977.225	1.3498
735750.25	7459963.4	1.35
735796	7459942.65	1.35
735804	7459950.525	1.35
735812	7459958.4	1.35
735765.9	7459991.05	1.3497
735774.775	7460003.325	1.3498
735783.65	7460015.6	1.35
735669.2	7459984.35	1.3932
735720.5	7459999.9	1.35
735728.15	7460019.675	1.3497
735658.993	7460030.025	1.3994
735673.362	7460057.638	1.3716
735735.8	7460039.45	1.35
735745.55	7460056.125	1.3497
735687.731	7460085.25	1.3299
735755.3	7460072.8	1.35
735715.1405	7460104.7	1.2668
735742.55	7460124.15	1.2036
735607.693	7460014.475	1.429
735617.9	7459968.8	1.4038
735639.662	7460131.05	1.3143
735597.486	7460060.15	1.4461
735618.574	7460095.6	1.4067
735684.731	7460153.275	1.207
735729.8	7460175.5	1.0998
735545.4373	7460006.24	1.4332
735564.2	7459949.45	1.3782
735526.6745	7460063.03	1.6572
735576.1175	7460177.73	1.4725
735551.396	7460120.38	1.6007
735651.5838	7460195.865	1.2678
735727.05	7460214	1.0631
735618.4365	7460238.455	1.3286
735724.3	7460252.5	1.0264
735483.1815	7459998.005	1.5891
735510.5	7459930.1	1.4271
735455.863	7460065.91	2.0121
735484.218	7460145.16	2.0093
735512.573	7460224.41	1.6308
735620.3323	7460310.693	1.2506
735731.4	7460320.5	0.9896
735381.6098	7459979.95	1.8151
735391.6095	7459901.32	1.6162
735371.61	7460058.58	2.2123
735390.0235	7460146.838	2.4461
735509.2645	7460300.885	1.5117
735408.437	7460235.095	2.1
735406.085	7460305.425	1.7375
735622.228	7460382.93	1.1727
735738.5	7460388.5	0.9527
735505.956	7460377.36	1.3926
735403.733	7460375.755	1.5548
735287.357	7460051.25	2.216
735280.038	7459961.895	1.852
735272.719	7459872.54	1.7042
735295.829	7460148.515	2.593
735304.301	7460245.78	2.3312
735301.51	7460374.15	1.6874
735302.9055	7460309.965	1.9655
735600.3223	7460448.645	1.2323
735710.05	7460448.35	0.9396
735490.5945	7460448.94	1.525
735394.0333	7460454.468	1.7516
735192.2405	7460107.875	2.197
735171.3	7459987.073	1.5441
735150.3595	7459866.27	1.4093
735297.472	7460459.995	1.805
735202.8475	7460417.955	1.6589
735200.7125	7460205.14	2.4011
735201.78	7460311.548	2.0495
735578.4165	7460514.36	1.2919
735681.6	7460508.2	0.9264
735475.233	7460520.52	1.6574
735384.3335	7460533.18	1.9808
735293.434	7460545.84	2.0016
735198.8095	7460503.8	1.7149
735062.562	7460012.25	1.1814
735028	7459860	1.2071
735097.124	7460164.5	1.8626
735100.6545	7460313.13	1.8095
735104.185	7460461.76	1.4502
735536.3638	7460593.483	1.4239
735622.75	7460594.45	1.1358
735449.9775	7460592.515	1.8311
735359.0993	7460606.553	1.9999
735268.221	7460620.59	1.8885
735181.4068	7460603.985	1.7876
734974.9752	7460032.448	1.0374
734955.8	7459879.4	1.1415
734994.1505	7460185.495	1.3431
735003.2655	7460320.638	1.407
735012.3805	7460455.78	1.3394
735094.5925	7460587.38	1.5328
735003.8195	7460582.833	1.396
735494.311	7460672.605	1.5559
735563.9	7460680.7	1.3452
735424.722	7460664.51	1.7665
735333.865	7460679.925	1.6819
735243.008	7460695.34	1.5752
735164.004	7460704.17	1.4307
735085	7460713	1.3412
734995.2585	7460709.885	1.275
734887.3885	7460052.645	0.9577
734883.6	7459898.8	1.0724
734891.177	7460206.49	1.0689
734920.576	7460449.8	1.3014
734905.8765	7460328.145	1.1732
734913.0465	7460578.285	1.402
734905.517	7460706.77	1.2912
735438.1555	7460753.303	1.4362
735519.95	7460738.35	1.4026
735382	7460834	1.2328
735476	7460796	1.3286
735356.361	7460768.255	1.2842
735288	7460872	1.0337
735265.504	7460783.67	1.2075
735173.002	7460805.835	1.1162
735182	7460907.5	0.9764
735080.5	7460828	1.0514
734977.7573	7460816.34	1.0786
734778.308	7460073.548	0.9706
734775.3	7459927.9	0.9562
734781.316	7460219.195	1.0559
734798.775	7460495.38	1.5241
734790.0455	7460357.288	1.2988
734875.0145	7460804.68	1.1486
734791.2455	7460623.865	1.4971
734759.7943	7460745.858	1.3855
735076	7460943	0.9535
734960.256	7460922.795	0.9994
734844.512	7460902.59	1.0599
734728.343	7460867.85	1.2294
734669.2275	7460094.45	0.9832
734667	7459957	0.949
734671.455	7460231.9	1.0954
734674.2145	7460386.43	1.4231
734676.974	7460540.96	1.6428
734644.574	7460687.035	1.6104
734612.174	7460833.11	1.4434
734907.5343	7461021.428	0.9558
735018	7461031	0.9367
734797.0685	7461011.855	0.9896
734684.8338	7460985.203	1.1041
734551.9375	7460072.088	0.9876
734553	7459928.5	0.9536
734550.875	7460215.675	1.1127
734547.7443	7460369.2	1.4206
734544.6135	7460522.725	1.6921
734510.5498	7460656.025	1.7401
734572.599	7460958.55	1.2574
734476.486	7460789.325	1.6485
734442.2733	7460918.198	1.4244
734854.8125	7461120.06	0.94
734960	7461119	0.9312
734749.625	7461121.12	0.9507
734641.3245	7461102.555	0.9936
734533.024	7461083.99	1.0591
734408.0605	7461047.07	1.1383
734430.295	7460199.45	1.1417
734434.6475	7460049.725	0.9951
734439	7459900	0.9533
734421.274	7460351.97	1.4321
734412.253	7460504.49	1.714
734376.5255	7460625.015	1.7887
734340.798	7460745.54	1.7363
734311.9475	7460877.845	1.4902
734283.097	7461010.15	1.1745
734793.692	7461216.103	0.9242
734732.5715	7461312.145	0.9135
734890	7461207	0.9235
734820	7461295	0.9177
734697.384	7461225.205	0.9241
734645.143	7461329.29	0.8986
734584.948	7461227.35	0.9106
734528.5715	7461352.145	0.897
734472.512	7461229.495	0.9326
734366.1068	7461170.71	1.0548
734276.004	7460257.395	1.299
734289.827	7460077.648	1.0151
734303.65	7459897.9	0.9549
734266.983	7460409.915	1.6009
734230.644	7460556.793	1.7877
734194.305	7460703.67	1.7642
734166.264	7460844.375	1.5502
734259.7015	7461111.925	1.1513
734138.223	7460985.08	1.2696
734120.423	7461112.398	1.3393
734412	7461375	0.9268
734236.306	7461213.7	1.1848
734324.153	7461294.35	1.0342
734102.623	7461239.715	1.3411
734145.0065	7460105.57	1.0821
734168.3	7459895.8	0.9797
734121.713	7460315.34	1.4886
734084.7625	7460488.57	1.7843
734047.812	7460661.8	1.8059
734020.5805	7460810.905	1.6454
733993.349	7460960.01	1.4757
733981.1445	7461112.87	1.5961
733968.94	7461265.73	1.5287
734211.5658	7461337.183	1.1029
734320.5085	7461434.65	0.9473
734098.9785	7461380.015	1.2019
734229.017	7461494.3	0.9589
734014.4995	7461467.503	1.2069
734140.0085	7461557.65	0.9863
733974.2755	7460146.553	1.2721
734004.15	7459980.9	1.0143
733944.401	7460312.205	1.6401
733921.6543	7460475.425	1.826
733898.9075	7460638.645	1.8345
733875.0855	7460788.8	1.7729
733851.2635	7460938.955	1.7202
733829.5018	7461082.458	1.7664
733888.9905	7461377.355	1.5484
733807.74	7461225.96	1.7348
733739.533	7461334.133	1.7266
733803.5445	7460187.535	1.4242
733840	7460066	1.153
733930.0205	7461554.99	1.2499
734051	7461621	1.033
733809.041	7461488.98	1.5126
733671.326	7461442.305	1.7061
733767.089	7460309.07	1.6684
733758.546	7460462.28	1.7404
733750.003	7460615.49	1.7287
733729.5905	7460766.695	1.7325
733709.178	7460917.9	1.7994
733677.859	7461052.045	1.8407
733533.611	7461395.63	1.7914
733646.54	7461186.19	1.8288
733590.0755	7461290.91	1.8132
733717.5	7460044.5	1.0807
733852.392	7461633.4	1.2842
733963.5	7461685.5	1.105
733741.284	7461581.3	1.4908
733611.2045	7461534.935	1.6768
733681.0445	7460166.035	1.3697
733595	7460023	1.0253
733527.9435	7460184.15	1.3859
733460	7460046	1.0294
733595.887	7460322.3	1.6528
733591.5613	7460468.195	1.5625
733587.2355	7460614.09	1.4976
733574.8525	7460752.415	1.5535
733481.125	7461488.57	1.754
733332.8753	7461436.198	1.7566
733562.4695	7460890.74	1.7463
733526.1553	7461020.145	1.8735
733374.305	7461339.345	1.7905
733489.841	7461149.55	1.8685
733432.073	7461244.448	1.8281
733774.7635	7461711.81	1.2639
733876	7461750	1.0883
733673.527	7461673.62	1.4462
733551.083	7461627.565	1.609
733428.639	7461581.51	1.6804
733291.4455	7461533.05	1.7042
733374.8425	7460202.265	1.3634
733325	7460069	0.9908
733424.685	7460335.53	1.6115
733424.5765	7460474.11	1.4477
733424.468	7460612.69	1.3821
733415.761	7460863.58	1.593
733420.1145	7460738.135	1.4185
733374.4515	7460988.245	1.8264
733154.252	7461484.59	1.6681
733184.6255	7461383.825	1.7308
733214.999	7461283.06	1.769
733333.142	7461112.91	1.8455
733274.0705	7461197.985	1.8127
733723.6113	7461802.685	1.0996
733825.5	7461849	0.9681
733621.7225	7461756.37	1.2991
733506.222	7461713.393	1.4503
733390.7215	7461670.415	1.5479
733261.7333	7461626.435	1.6005
733243.292	7460205.423	1.269
733204.5	7460067.5	0.9803
733132.745	7461582.455	1.5811
732997.4843	7461537.758	1.5207
733282.084	7460343.345	1.5774
733276.0747	7460479.205	1.4448
733270.0655	7460615.065	1.3904
733226.159	7460888.355	1.5355
733248.1123	7460751.71	1.3938
733010.5785	7461433.22	1.6267
733032.908	7461326.068	1.7163
733055.2375	7461218.915	1.8009
733184.8495	7461013.02	1.7656
733120.0435	7461115.968	1.8105
732862.2235	7461493.06	1.4313
733672.459	7461893.56	0.9699
733775	7461948	0.8951
732857.542	7461604.27	1.3116
732984.39	7461642.295	1.4015
733569.918	7461839.12	1.0892
733461.361	7461799.22	1.2292
733352.804	7461759.32	1.3436
733111.238	7461680.32	1.4548
733232.021	7461719.82	1.4282
733111.7415	7460208.58	1.1926
733084	7460066	0.9811
733139.483	7460351.16	1.5229
733127.573	7460484.3	1.4775
732866.905	7461381.85	1.5836
732881.1905	7461268.31	1.7202
733115.663	7460617.44	1.4266
733076.11	7460765.285	1.3941
733036.557	7460913.13	1.5579
732895.476	7461154.77	1.775
732966.0165	7461033.95	1.7507
732731.939	7461462.603	1.2914
732735.6495	7461573.07	1.1751
732707.4368	7461671.308	1.0942
733597.9695	7461957.81	0.9084
733682.5	7462006.5	0.8645
732837.995	7461705.68	1.2128
732962.614	7461735.748	1.272
733513.439	7461909.12	0.9711
733413.1848	7461872.855	1.0615
733312.9305	7461836.59	1.164
733087.233	7461765.815	1.3063
733200.0818	7461801.203	1.2593
732995.463	7460231.235	1.1579
732979.5	7460115	0.9699
733011.426	7460347.47	1.4799
732994.8915	7460477.408	1.5262
732728.2285	7461352.135	1.4425
732720.6338	7461228.745	1.5611
732978.357	7460607.345	1.5028
732926.0858	7460735.713	1.4596
732713.039	7461105.355	1.5581
732873.8145	7460864.08	1.4766
732793.4268	7460984.718	1.5917
732679.224	7461769.545	1.0622
732540	7461732	0.9105
732576.8785	7461636.935	0.9629
732613.757	7461541.87	1.0541
732601.6545	7461432.145	1.1713
732589.552	7461322.42	1.3212
732560.077	7461189.18	1.3855
733523.48	7462022.06	0.8618
733590	7462065	0.8334
732818.448	7461807.09	1.1033
732940.838	7461829.2	1.1424
733456.96	7461979.12	0.9129
733365.0085	7461946.49	0.9628
733063.228	7461851.31	1.1538
733273.057	7461913.86	1.0229
733168.1425	7461882.585	1.1005
732883.369	7460343.78	1.3575
732879.1845	7460253.89	1.1416
732875	7460164	0.9994
732862.21	7460470.515	1.5831
732841.051	7460597.25	1.6088
732776.0615	7460706.14	1.5121
732530.602	7461055.94	1.3654
732711.072	7460815.03	1.432
732620.837	7460935.485	1.4229
732575.6	7461828.95	0.9482
732473.0747	7461620.965	0.926
732458.5	7461706.5	0.8517
732487.6495	7461535.43	1.0144
732470.9348	7461433.283	1.1387
732454.22	7461331.135	1.2532
732414.6935	7461225.015	1.3131
732714.824	7461866.495	1.0062
732611.2	7461925.9	0.9142
732758.7433	7461951.485	0.9506
732678.5	7462008.5	0.8891
733450.4655	7462075.72	0.845
733506.35	7462116.45	0.826
732838.9865	7461894.47	1.0321
732943.927	7461911.575	1.0351
733394.581	7462034.99	0.8793
733315.1288	7462006.528	0.9101
733048.8675	7461928.68	1.0328
733235.6765	7461978.065	0.9389
733142.272	7461953.373	0.9897
732742.591	7460384.855	1.3355
732741.6455	7460263.028	1.0558
732740.7	7460141.2	0.9726
732375.167	7461118.895	1.3264
732236.2232	7461041.335	1.3027
732721.432	7460511.59	1.5925
732655.352	7460631.12	1.5791
732393.8385	7460971.445	1.3375
732589.272	7460750.65	1.4504
732491.5553	7460861.048	1.3787
733377.451	7462129.38	0.831
733422.7	7462167.9	0.8221
732361.542	7461528.99	1.0112
732369.271	7461604.995	0.9309
732377	7461681	0.865
732340.215	7461434.42	1.1476
732078.608	7461111.225	1.2602
732318.888	7461339.85	1.2555
732219.732	7461181.85	1.2941
732269.31	7461260.85	1.2892
732947.016	7461993.95	0.9333
732859.525	7461981.85	0.9331
732802.6625	7462036.475	0.8813
732745.8	7462091.1	0.8459
733332.202	7462090.86	0.8481
733265.249	7462066.565	0.8689
733034.507	7462006.05	0.9305
733198.296	7462042.27	0.8921
733116.4015	7462024.16	0.9121
732604.1065	7460272.165	1.0022
732606.4	7460118.4	0.9699
731937.484	7461040.6	1.2307
732097.2795	7460963.775	1.2642
732601.813	7460425.93	1.3393
732534.6425	7460556.1	1.525
732257.075	7460886.95	1.3143
732467.472	7460686.27	1.4351
732362.2735	7460786.61	1.3503
733314.2505	7462168.215	0.8218
733251.05	7462207.05	0.8214
733367.7	7462189.2	0.8204
733312.7	7462210.5	0.8183
732209.9975	7461502.19	1.0385
732228.7488	7461595.095	0.9348
732247.5	7461688	0.8737
732188.6705	7461407.62	1.1603
732066.241	7461234.12	1.2225
732127.4558	7461320.87	1.2116
731925.117	7461163.495	1.1967
731762.203	7461192.2	1.1701
731599.289	7461220.905	1.0838
732892.9205	7462046.495	0.881
732844.8103	7462093.398	0.8541
732796.7	7462140.3	0.8341
732980.4115	7462058.595	0.879
733009.5058	7462121.723	0.8444
733038.6	7462184.85	0.8274
733260.801	7462147.23	0.8291
733189.4	7462203.6	0.8232
733210.5995	7462128.583	0.8419
733155.95	7462190.6	0.8266
733051.7035	7462079.525	0.871
733160.398	7462109.935	0.855
733106.0508	7462094.73	0.8652
731741.531	7461066.205	1.2729
731545.578	7461091.81	1.1411
731697.2378	7460961.063	1.5096
731517.789	7460974.905	1.0989
732491.45	7460263.44	0.9831
732495.25	7460132.3	0.9671
731876.6865	7460947.22	1.3489
732024.1553	7460878.325	1.2526
732487.65	7460394.58	1.1792
732423.7825	7460513.628	1.3439
732171.624	7460809.43	1.282
732359.915	7460632.675	1.3495
732265.7695	7460721.053	1.2907
732088.2265	7461585.195	0.9182
732118	7461695	0.8526
732058.453	7461475.39	1.0253
731912.75	7461286.39	1.1123
731985.6015	7461380.89	1.0921
731782.875	7461318.195	1.0361
731653	7461350	0.9979
732926.316	7462111.14	0.8468
732967.308	7462163.92	0.8305
732886.958	7462150.32	0.8337
733008.3	7462216.7	0.8229
732847.6	7462189.5	0.8226
733068.9	7462153	0.8
733122.5	7462177.6	0.8
733095.7	7462165.3	0.86
731815.889	7460853.84	1.7555
731652.9445	7460855.92	1.6209
731490	7460858	1.0193
731951.031	7460792.875	1.2316
732373.487	7460363.23	1.073
732378.7935	7460254.715	0.9812
732384.1	7460146.2	0.9603
732312.9225	7460471.155	1.2182
732086.173	7460731.91	1.1785
732252.358	7460579.08	1.2326
732169.2655	7460655.495	1.1855
731968.6133	7461608.848	0.8784
732013.5	7461697.5	0.8384
731849	7461632.5	0.8583
731909	7461700	0.8335
731923.7265	7461520.195	0.9418
731789	7461565	0.8929
731721	7461457.5	0.9511
731853.3008	7461419.195	1.0079
732900.25	7462209.3	0.8209
732980.6	7462222.9	0.8224
732952.9	7462229.1	0.8212
732933.779	7462186.61	0.8259
733095.65	7462218.675	0.86
733074.65	7462211.3	0.8
733116.65	7462226.05	0.8
731843.3595	7460739.99	1.3979
731692.1798	7460752.82	1.6643
731541	7460765.65	1.183
732242.8765	7460389.39	1.0595
732259.1133	7460274.07	0.9784
732275.35	7460158.75	0.9695
731978.5015	7460679.025	1.0628
732182.312	7460497.315	1.1359
732080.4068	7460588.17	1.0766
733095.6	7462272.05	0.86
733080.4	7462269.6	0.8
733110.8	7462274.5	0.8
731731.415	7460649.72	1.0665
731592	7460673.3	1.1971
732139.433	7460293.425	0.9928
732166.6	7460171.3	0.9806
731870.83	7460626.14	1.0202
732112.266	7460415.55	1.0458
731991.548	7460520.845	1.0035
733095.6	7462304.125	0.86
733082.85	7462302.9	0.8
733108.35	7462305.35	0.8
731729.1833	7460571.488	0.9677
731615	7460588.65	1.0446
732048.313	7460283.443	1.0059
732063.3	7460180.15	0.9941
731843.3665	7460554.325	0.9809
732033.326	7460386.735	1.016
731938.3463	7460470.53	0.9972
733095.6	7462336.2	0.86
733085.3	7462336.2	0.8
733105.9	7462336.2	0.8
731957.193	7460273.46	1.0165
731960	7460189	1.0081
731726.9515	7460493.255	0.9679
731638	7460504	0.9878
731815.903	7460482.51	0.9726
731954.386	7460357.92	1.0131
731885.1445	7460420.215	0.9951
733094.35	7462383.25	0.86
733084.3	7462383.25	0.8
733104.4	7462383.25	0.8
731895.856	7460263.695	1.019
731897.15	7460196.3	1.0159
731716.9303	7460434.128	0.9694
731644.6	7460441	0.9841
731894.562	7460331.09	1.0145
731789.2605	7460427.255	0.9759
731841.9113	7460379.173	0.9974
733093.1	7462430.3	0.86
733083.3	7462430.3	0.8
733102.9	7462430.3	0.8
731834.519	7460253.93	1.02
731834.3	7460203.6	1.0196
731706.909	7460375	0.9765
731651.2	7460378	0.9853
731834.738	7460304.26	1.017
731762.618	7460372	0.9852
731798.678	7460338.13	1.0056
733093.85	7462476.35	0.86
733083.8	7462476.35	0.8
733103.9	7462476.35	0.8
731779.5	7460211.55	1.0205
731668.05	7460320.4	0.9986
731779.719	7460261.88	1.0196
731723.759	7460317.4	1.001
731751.739	7460289.64	1.0151
733094.6	7462522.4	0.86
733084.3	7462522.4	0.8
733104.9	7462522.4	0.8
731724.7	7460219.5	1.0201
731684.9	7460262.8	1.0152
731704.8	7460241.15	1.0191
733086.525	7462561.075	0.86
733076.5	7462559.6	0.8
733096.55	7462562.55	0.8
731659.15	7460225.35	1.02
731673.2	7460205.45	1.02
731645.1	7460245.25	1.0186
733078.45	7462599.75	0.86
733068.7	7462596.8	0.8
733088.2	7462602.7	0.8
731613.5	7460209.55	1.02
731605.3	7460227.7	1.0193
731621.7	7460191.4	1.02
733073.075	7462636.725	0.86
733063.3	7462633.55	0.8
733082.85	7462639.9	0.8
731576.85	7460196.875	1.02
731585.4	7460179.1	1.02
731568.3	7460214.65	1.02
733067.7	7462673.7	0.86
733057.9	7462670.3	0.8
733077.5	7462677.1	0.8
731540.2	7460184.2	1.02
731531.3	7460201.6	1.0199
731549.1	7460166.8	1.0199
733053.5	7462710.45	0.8
733058.9	7462752.55	0.86
733073.1	7462715.8	0.8
733049.1	7462750.6	0.8
733068.7	7462754.5	0.8
733063.3	7462713.125	0.86
731489.275	7460172.35	1.0199
731495.25	7460156.85	1.0196
731483.3	7460187.85	1.0204
731438.35	7460160.5	1.0199
731435.3	7460174.1	1.0202
731441.4	7460146.9	1.0198
731391.975	7460143.2	1.0203
731395.75	7460128.75	1.0199
731388.2	7460157.65	1.0219
731345.6	7460125.9	1.0207
731341.1	7460141.2	1.023
731350.1	7460110.6	1.0196
731311.375	7460097.925	1.0197
731316.35	7460082.5	1.0193
731306.4	7460113.35	1.0214
731277.15	7460069.95	1.0202
731271.7	7460085.5	1.0209
731282.6	7460054.4	1.02
731249.35	7460050.9	1.0198
731251.55	7460030.65	1.0194
731247.15	7460071.15	1.0204
731221.55	7460031.85	1.0199
731222.6	7460056.8	1.0199
731220.5	7460006.9	1.0198
731192.6	7460032.15	1.0199
731188.95	7460008.7	1.0201
731196.25	7460055.6	1.0198
731163.65	7460032.45	1.0202
731169.9	7460054.4	1.0199
731157.4	7460010.5	1.0208
731139.55	7460056	1
731129.7	7460038.3	1
731149.4	7460073.7	1
731115.45	7460079.55	1
731102	7460066.1	1
731128.9	7460093	1
731085.875	7460116.1	1
731071.4	7460102.15	1
731100.35	7460130.05	1
731056.3	7460152.65	1
731071.8	7460167.1	1
731040.8	7460138.2	1
731020.2	7460199.025	1
731005.2	7460186.15	1
731035.2	7460211.9	1
730984.1	7460245.4	1
730998.6	7460256.7	1
730969.6	7460234.1	1
730943.175	7460295.625	1
730929.4	7460282.35	1
730956.95	7460308.9	1
730902.25	7460345.85	1
730915.3	7460361.1	1
730889.2	7460330.6	1
730869.6	7460386.125	1
730856.55	7460370.9	1
730882.65	7460401.35	1
730836.95	7460426.4	1
730823.9	7460411.2	1
730850	7460441.6	1
730801.55	7460471.025	1
730787.95	7460455.8	1
730815.15	7460486.25	1
730766.15	7460515.65	1
730780.3	7460530.9	1
730752	7460500.4	1
730735.25	7460555.875	1
730720.45	7460540.7	1
730750.05	7460571.05	1
730704.35	7460596.1	1
730688.9	7460581	1
730719.8	7460611.2	1
730678.375	7460647.1	1
730661.95	7460631.4	1
730694.8	7460662.8	1
730652.4	7460698.1	1
730635	7460681.8	1
730669.8	7460714.4	1
730621.325	7460750.25	1
730605.85	7460732.15	1
730636.8	7460768.35	1
730590.25	7460802.4	1
730603.8	7460822.3	1
730576.7	7460782.5	1
730553.5	7460814.875	1
730547.55	7460793.75	1
730559.45	7460836	1
730516.75	7460827.35	1
730515.1	7460849.7	1
730518.4	7460805	1
730480.85	7460818.5	1
730484	7460799.7	1
730477.7	7460837.3	1
730144.6	7460580.85	1.0228
730160.8	7460568.15	1.0196
730128.4	7460593.55	1.03
730163.4	7460616.65	1.0251
730178.3	7460603.2	1.02
730148.5	7460630.1	1.0356
730196.2	7460642.35	1.0207
730210.35	7460630.05	1.0188
730182.05	7460654.65	1.0305
730444.95	7460809.65	1.0128
730440.3	7460824.9	1.017
730449.6	7460794.4	1.0094
730404.525	7460788.025	1.0191
730408.45	7460771.8	1.0199
730400.6	7460804.25	1.0198
730125.8	7460545.05	1.0212
730108.3	7460557	1.0249
730143.3	7460533.1	1.0196
730104.85	7460510.1	1.0199
730119.3	7460495.95	1.0197
730090.4	7460524.25	1.0211
730229	7460668.05	1.0195
730215.6	7460679.2	1.0262
730242.4	7460656.9	1.0189
730275.65	7460718.65	1.023
730280.6	7460705.9	1.0212
730252.325	7460693.35	1.0226
730243.15	7460705.3	1.0311
730261.5	7460681.4	1.0195
730323.95	7460727.55	1.0229
730367.3	7460749.2	1.0198
730364.1	7460766.4	1.0199
730360.9	7460783.6	1.0204
730319	7460740.3	1.0254
730314.425	7460758.2	1.0296
730309.85	7460776.1	1.0294
730083.9	7460475.15	1.0197
730072.5	7460491.5	1.0197
730095.3	7460458.8	1.0197
730046.15	7460462.5	1.0198
730051.8	7460446.9	1.0198
730040.5	7460478.1	1.0197
730270.7	7460731.4	1.031
730264.75	7460750	1.046
730258.8	7460768.6	1.0552
730008.4	7460449.85	1.0199
730008.5	7460464.7	1.0198
730008.3	7460435	1.0199
729974.45	7460467.25	1.0199
729969.5	7460452.7	1.0199
729979.4	7460481.8	1.02
730195.825	7460742.925	1.0885
730201.4	7460726.9	1.0731
730190.25	7460758.95	1.098
730126.9	7460735.85	1.1144
730121.7	7460749.3	1.1189
730132.1	7460722.4	1.106
729940.5	7460484.65	1.02
729930.7	7460470.4	1.0198
729950.3	7460498.9	1.0206
729925.075	7460517.05	1.0218
729909.75	7460504.15	1.0205
729940.4	7460529.95	1.023
730069.925	7460727.275	1.1184
730077	7460710.5	1.1118
730062.85	7460744.05	1.1203
730012.95	7460718.7	1.1209
730004	7460738.8	1.1207
730021.9	7460698.6	1.1183
729909.65	7460549.45	1.0269
729930.5	7460561	1.0313
729888.8	7460537.9	1.0235
729885.75	7460573.75	1.0364
729871.1	7460561.8	1.0348
729900.4	7460585.7	1.0404
729963.625	7460697.7	1.117
729973.9	7460682.25	1.1119
729953.35	7460713.15	1.1187
729914.3	7460676.7	1.1035
729902.7	7460687.5	1.1108
729925.9	7460665.9	1.0935
729881.9	7460653.575	1.0954
729865.7	7460669	1.1098
729898.1	7460638.15	1.0703
729870.3	7460610.4	1.0624
729849.5	7460630.45	1.0948
729861.85	7460598.05	1.061
729853.4	7460585.7	1.0588
729838.325	7460614.25	1.0902
729827.15	7460598.05	1.0856
729828.7	7460650.5	1.1128
729814.8	7460630.45	1.1119
729800.9	7460610.4	1.1091
729783.95	7460642.775	1.1203
729773.15	7460623.5	1.1172
729794.75	7460662.05	1.1204
729753.1	7460655.1	1.1206
729760.8	7460673.6	1.1206
729745.4	7460636.6	1.1187
729700.625	7460661.275	1.1201
729697.55	7460640.45	1.118
729703.7	7460682.1	1.1205
729648.15	7460667.45	1.1206
729646.6	7460690.6	1.1207
729649.7	7460644.3	1.119
729598.8	7460654.725	1.1178
729604.2	7460628.1	1.1144
729593.4	7460681.35	1.1187
729449.65	7460484.2	0.9614
729472.1	7460491.7	0.981
729427.2	7460476.7	0.9528
729549.45	7460642	1.0973
729558.7	7460611.9	1.0932
729495.05	7460596.5	1.0431
729505.45	7460567.95	1.0384
729540.2	7460672.1	1.0973
729484.65	7460625.05	1.0456
729480	7460655.1	1.0508
729470.6	7460455.45	0.9898
729449.2	7460451.5	0.9802
729492	7460459.4	1.0027
729482.825	7460425.9	1.0072
729511.05	7460423.45	1.0157
729454.6	7460428.35	0.9965
729452.2	7460524	0.9627
729440.65	7460551	1
729428.7	7460512.95	0.9391
729405.2	7460501.9	0.9275
729405.9	7460532.45	1
729371.15	7460513.9	0.9027
729429.1	7460578	1
729383.1	7460551.95	1
729424.45	7460608.05	1
729419.8	7460638.1	0.9787
729374.35	7460581.225	1
729365.6	7460610.5	0.8984
729495.05	7460396.35	1.0173
729460	7460405.2	1.0107
729530.1	7460387.5	1.0197
729477.075	7460371.775	1.0202
729509.95	7460354.65	1.0201
729444.2	7460388.9	1.0166
729337.1	7460525.9	0.8781
729324.25	7460554.4	1
729311.4	7460582.9	0.852
729271	7460549.8	1
729275.85	7460520.2	0.8527
729266.15	7460579.4	0.8337
729459.1	7460347.2	1.0211
729428.4	7460372.6	1.0199
729489.8	7460321.8	1.0203
729412.025	7460331.325	1.0221
729442.2	7460301.7	1.0207
729381.85	7460360.95	1.0166
729217.75	7460545.2	1
729220.9	7460575.9	0.8223
729214.6	7460514.5	0.8319
729172.225	7460549.45	1
729174.35	7460518.75	0.8228
729170.1	7460580.15	0.8195
729364.95	7460315.45	1.0219
729335.3	7460349.3	1.0172
729394.6	7460281.6	1.0204
729305.1	7460282.1	1.0215
729337.4	7460242.4	1.0197
729272.8	7460321.8	1.0204
729126.7	7460553.7	1
729134.1	7460523	0.8207
729119.3	7460584.4	0.8195
729076.425	7460539.4	1
729097.05	7460505	0.8204
729055.8	7460573.8	0.8199
729245.25	7460248.75	1.0212
729280.2	7460203.2	1.0179
729177.075	7460220.225	1.018
729212	7460170.55	1.0149
729210.3	7460294.3	1.0226
729142.15	7460269.9	1.0192
729112.4	7460313.5	1.0119
729026.15	7460525.1	1
729060	7460487	0.8225
728992.3	7460563.2	0.8197
728986.475	7460451.45	1
729037.25	7460409.85	0.8699
728935.7	7460493.05	0.8252
729108.9	7460191.7	1.0066
729143.8	7460137.9	0.9994
729037.6845	7460135.998	0.9663
729074	7460078.25	0.9569
729074	7460245.5	1.0143
729001.369	7460193.745	1
729044.25	7460289.1	1.0081
728967.0698	7460241.725	1
729014.5	7460332.7	0.9589
728946.8	7460377.8	1
728932.7705	7460289.705	1
728879.1	7460422.9	0.844
728870.3103	7460330.128	0.93
728807.85	7460370.55	0.8304
728563.55	7460430.15	0.8236
728966.469	7460080.295	0.9308
729004.2	7460018.6	0.9268
728895.0308	7460031.025	0.9235
728946.05	7459970.6	0.9222
728565.0355	7460375.775	0.8389
728626.1	7460393.8	0.827
728615.631	7460334.183	0.8517
728681.35	7460356	0.8365
728928.738	7460141.99	0.9728
728889.8895	7460194.35	1
728844.0115	7460091.45	0.9219
728805.2715	7460149.365	1
728851.041	7460246.71	0.93
728736.6	7460318.2	0.8361
728666.2265	7460292.59	0.8641
728793.8205	7460282.455	0.8371
728766.5315	7460207.28	0.93
728716.379	7460249.935	0.8726
728294.717	7460522.49	0.8208
728327.6	7460575.8	0.8198
728395.7835	7460514.095	0.82
728410.15	7460560.35	0.8197
728496.85	7460505.7	0.8201
728492.7	7460544.9	0.82
728237	7460585.65	0.8191
728501	7460466.5	0.8226
728381.417	7460467.84	0.8265
728502.4855	7460412.125	0.8339
728395.6675	7460412.26	0.8447
728823.5925	7459981.755	0.9208
728887.9	7459922.6	0.92
728731.9218	7459918.603	0.9284
728805	7459838.25	0.9151
728503.971	7460357.75	0.8571
728409.918	7460356.68	0.8698
728549.912	7460312.365	0.8728
728452.5125	7460303.955	0.8923
728759.285	7460040.91	0.92
728720.6535	7460104.38	1
728658.8435	7459998.955	0.9343
728616.208	7460069.575	1
728595.853	7460266.98	0.8857
728682.022	7460167.85	0.93
728495.107	7460251.23	0.911
728638.9375	7460217.415	0.8997
728573.5725	7460140.195	0.9322
728534.3398	7460195.713	0.9272
728204.117	7460532.34	0.8222
728146.4	7460595.5	0.8177
728099.2585	7460529.47	0.822
727994.4	7460526.6	0.8216
728065.75	7460580.9	0.8178
727985.1	7460566.3	0.8195
728640.251	7459855.45	0.9597
728722.1	7459753.9	0.8999
728418.3145	7459775.665	0.9631
728527.2	7459669.6	0.868
728529.2828	7459815.558	0.9794
728624.65	7459711.75	0.8838
728425.4	7459662.35	0.8808
728261.834	7460469.18	0.8296
728132.767	7460478.04	0.8317
728288.8495	7460412.395	0.8537
728166.9325	7460413.945	0.8557
728315.865	7460355.61	0.8789
728201.098	7460349.85	0.8836
728355.113	7460295.545	0.9066
728239.6728	7460286.02	0.9175
728558.402	7459957	0.9859
728511.7625	7460034.77	1
728433.9155	7459919.365	1.0143
728390.308	7460004.938	1.0144
728394.361	7460235.48	0.9347
728465.123	7460112.54	0.9762
728278.2475	7460222.19	0.9587
728429.742	7460174.01	0.9612
728346.7005	7460090.51	1.0118
728312.474	7460156.35	0.9968
728003.7	7460486.9	0.8274
728045.0155	7460415.495	0.8465
727939.091	7460395.255	0.8389
727894.65	7460465.05	0.8229
728316.5145	7459768.415	0.9486
728323.6	7459655.1	0.8763
728186.0843	7459760.683	0.9307
728194.2	7459650.7	0.8716
728309.429	7459881.73	1.0093
728268.8535	7459975.105	1.0195
728177.9685	7459870.665	0.9976
728144.1653	7459960.115	1.0173
728086.331	7460344.09	0.8798
727983.532	7460325.46	0.8795
728124.2325	7460276.495	0.9172
728020.0052	7460256.435	0.9239
728162.134	7460208.9	0.9647
728228.278	7460068.48	1.0202
728056.4785	7460187.41	0.9801
728195.206	7460138.69	1.0091
728110.362	7460049.565	1.0202
728083.4203	7460118.488	1.0167
728055.654	7459752.95	0.9325
728064.8	7459646.3	0.8652
727880.733	7460306.83	0.8598
727833.1665	7460375.015	0.8276
727785.6	7460443.2	0.8193
727915.778	7460236.375	0.909
728046.508	7459859.6	1.0023
728019.477	7459945.125	1.0188
727992.446	7460030.65	1.0199
727950.823	7460165.92	0.9766
727971.6345	7460098.285	1.0134
727938.268	7459760.018	0.9359
727935.35	7459671.05	0.8789
727809.4715	7460232.25	0.8739
727761.1608	7460299.2	0.835
727712.85	7460366.15	0.8212
727941.186	7459848.985	1.0034
727912.5765	7459930.618	1.0202
727883.967	7460012.25	1.018
727844.5165	7460161.795	0.9446
727864.2417	7460087.023	1.0002
727820.882	7459767.085	0.9433
727805.9	7459695.8	0.8897
727835.864	7459838.37	0.9954
727805.676	7459916.11	1.019
727689.155	7460223.385	0.8393
727640.1	7460289.1	0.8181
727738.21	7460157.67	0.8972
727775.488	7459993.85	1.0085
727756.849	7460075.76	0.9699
727745.025	7459751.078	0.9382
727750.65	7459675.45	0.8829
727739.4	7459826.705	0.997
727712.4612	7459900.648	1.0128
727578.7	7460192.5	0.8238
727685.5225	7459974.59	0.987
727627.755	7460126.785	0.8553
727656.6387	7460050.688	0.9257
727669.168	7459735.07	0.925
727695.4	7459655.1	0.8731
727642.936	7459815.04	0.9899
727619.2465	7459885.185	0.9984
727595.557	7459955.33	0.9557
727517.3	7460095.9	0.8379
727556.4285	7460025.615	0.8855
727603.759	7459723.435	0.9055
727643.05	7459660.9	0.8578
727538.35	7459711.8	0.8911
727590.7	7459666.7	0.855
727564.468	7459785.97	0.9549
727539.604	7459862.918	0.9843
727514.74	7459939.865	0.9403
727482.62	7460010.458	0.8713
727450.5	7460081.05	0.8332
727486	7459756.9	0.9166
727459.9615	7459840.65	1.0068
727433.923	7459924.4	0.9503
727408.8115	7459995.3	0.8765
727383.7	7460066.2	0.8468
727386.0503	7459844.203	1.0111
727406	7459768.5	0.9367
727366.1005	7459919.905	0.9605
727339.6753	7459991.203	0.8873
727313.25	7460062.5	0.8717
727312.139	7459847.755	1.0543
727326	7459780.1	0.97
727298.278	7459915.41	0.9986
727242.8	7460058.8	0.9159
727270.539	7459987.105	0.9249
727165.6558	7460048.763	0.9299
727225.5	7460083.55	0.9597
727245.93	7459852.868	1.0636
727257.2	7459797.05	1.0148
727181.2615	7460013.975	0.9406
727234.66	7459908.685	1.0402
727207.9608	7459961.33	0.9968
727150.05	7460083.55	0.9711
727208.2	7460108.3	0.9871
727091.9	7460058.8	0.9807
727105.8115	7460013.975	0.9763
727179.721	7459857.98	1.0934
727188.4	7459814	1.0291
727119.723	7459969.15	1.0155
727171.042	7459901.96	1.1042
727145.3825	7459935.555	1.0592
727186.35	7460127.4	1.005
727075.45	7460077.55	1.0059
727111.75	7460121.4	1.0135
727059	7460096.3	1.0182
727164.5	7460146.5	1.0165
727130.9	7460102.475	0.9958
727039.5058	7459978.263	1.0191
727033.8	7460025.4	1.0161
726973.2	7459942.55	1.0491
726975.7	7459992	1.0127
727131.5	7459817.7	1.0396
727045.2115	7459931.125	1.0724
727122.821	7459861.68	1.158
727084.0163	7459896.403	1.1682
726970.7	7459893.1	1.1343
727074.6	7459821.4	1.209
727022.65	7459857.25	1.2762
727009.25	7459818.05	1.4567
727049.6	7459792.95	1.2724
726968.9	7459843.15	1.3532
726995.85	7459778.85	1.4852
726967.1	7459793.2	1.5401
726966.4	7459744.95	1.5082
726935.6	7459764.45	1.4295
727024.6	7459764.5	1.2525
726997.2	7459725.45	1.3838
727035.2	7459680.25	1.0693
727073.2	7459635.05	1.0001
727067.05	7459711.75	1.0257
727109.5	7459659	0.9338
726936.95	7459711.05	1.2603
726904.1	7459735.7	1.1878
726969.8	7459686.4	1.1727
727003.35	7459648.75	1.0571
727036.9	7459611.1	1.0168
726895.875	7459676.125	1.0587
726867.8	7459699.4	1.0199
726923.95	7459652.85	1.1326
726954.075	7459622.725	1.1161
726984.2	7459592.6	1.0283
726854.8	7459641.2	1.0144
726831.5	7459663.1	0.9894
726878.1	7459619.3	1.0605
726904.8	7459596.7	1.0725
726931.5	7459574.1	1.0298
726793.5	7459613.475	0.8828
726776.7	7459639.15	0.866
726810.3	7459587.8	0.9288
726830.5	7459561.45	0.9933
726850.7	7459535.1	1.0147
726732.2	7459585.75	0.851
726721.9	7459615.2	0.8248
726677.075	7459585.4	0.8367
726677.4	7459614.5	0.8214
726742.5	7459556.3	0.9292
726676.75	7459556.3	0.9057
726756.2	7459526.2	1.0014
726769.9	7459496.1	1.0178
726678.8	7459527.55	0.9815
726680.85	7459498.8	1.0112
726618.875	7459879.7	0.7191
726594.95	7459897.8	0.7298
726642.8	7459861.6	0.7182
726578.05	7459835.5	0.7205
726559	7459860.6	0.7372
726597.1	7459810.4	0.7188
726538.9	7459799.375	0.7179
726521	7459818	0.7286
726556.8	7459780.75	0.7184
726621.95	7459585.05	0.8703
726632.9	7459613.8	0.8377
726585.325	7459604.25	0.8993
726600.05	7459628.9	0.8636
726611	7459556.3	0.9414
726601.4	7459528.9	0.9972
726570.6	7459579.6	0.9413
726591.8	7459501.5	1.0196
726555.875	7459553.575	0.993
726541.15	7459527.55	1.0146
726659.7	7459923.9	0.7187
726630.9	7459935	0.7189
726688.5	7459912.8	0.7212
726662.5	7459966.075	0.718
726633.95	7459970.35	0.7185
726691.05	7459961.8	0.7199
726499.75	7459763.25	0.7176
726483	7459775.4	0.7337
726516.5	7459751.1	0.7184
726548.7	7459623.45	0.9072
726492.5	7459671.35	0.7772
726527.1	7459673.5	0.7877
726567.2	7459644	0.8674
726496.125	7459717.3	0.7316
726470.45	7459722.3	0.7549
726521.8	7459712.3	0.7285
726520.6	7459647.4	0.845
726547.15	7459658.75	0.8344
726530.2	7459602.9	0.9334
726494.05	7459636.05	0.8708
726510.35	7459578.25	0.9935
726490.5	7459553.6	1.0149
726475.375	7459607.55	0.9767
726456.7	7459579.05	1.0169
726665.3	7460008.25	0.717
726637	7460005.7	0.7182
726693.6	7460010.8	0.7176
726650.4	7460059	0.7181
726621.35	7460050.65	0.7183
726679.45	7460067.35	0.7222
726457.9	7459669.2	0.8239
726440.4	7459636.85	0.9588
726422.9	7459604.5	1.0148
726378.775	7459654.775	1.0115
726355.6	7459624.6	1.0204
726401.95	7459684.95	0.9306
726635.5	7460109.75	0.7195
726605.7	7460095.6	0.7195
726665.3	7460123.9	0.7271
726609.475	7460157.025	0.7203
726583.95	7460144.65	0.7186
726635	7460169.4	0.7288
726317.15	7459672.7	1.0206
726288.3	7459644.7	1.02
726346	7459700.7	1.0176
726299.65	7459713.35	1.0207
726271.65	7459691.9	1.0201
726327.65	7459734.8	1.0203
726583.45	7460204.3	0.7214
726562.2	7460193.7	0.7192
726604.7	7460214.9	0.7304
726563.75	7460226.525	0.7231
726550.1	7460213.4	0.7193
726577.4	7460239.65	0.7316
726282.15	7459754	1.0205
726309.3	7459768.9	1.0215
726255	7459739.1	1.02
726287.675	7459823.325	1.0204
726257.9	7459818.4	1.0201
726317.45	7459828.25	1.0198
726544.05	7460248.75	0.7234
726538	7460233.1	0.7196
726550.1	7460264.4	0.7361
726512.95	7460251.75	0.7235
726512.7	7460236.6	0.7197
726513.2	7460266.9	0.7365
726351.15	7460024.25	1.0017
726396.7	7460012	1.0043
726370.875	7460073.85	0.9374
726325.9	7460073.95	0.9681
726415.85	7460073.75	0.9202
726361.15	7459949.8	1.022
726325.6	7459887.6	1.0203
726293.2	7459892.65	1.0205
726260.8	7459897.7	1.0202
726315.6	7459962.05	1.0203
726283.225	7459959.5	1.0207
726250.85	7459956.95	1.0206
724260.25	7459340.25	1.5277
724298	7459260.5	1.422
724173	7459304	1.5178
724222.5	7459420	1.4718
724205	7459243	1.4962
724141	7459365	1.4473
726481.85	7460254.75	0.7326
726476.3	7460269.4	0.7549
726487.4	7460240.1	0.722
726447.65	7460240.775	0.734
726429.65	7460256.35	0.7664
726465.65	7460225.2	0.7226
726413.45	7460226.8	0.742
726443.9	7460210.3	0.7258
726401.05	7460196.25	0.7671
726439.45	7460172.9	0.7467
726435	7460135.5	0.7861
726388.65	7460165.7	0.8104
726390.6	7460123.45	0.8521
726346.2	7460111.4	0.9089
726352.75	7460146.55	0.8743
726316.85	7460127.4	0.9271
726305.6	7460036.5	1.0089
726273.25	7460026.35	1.0176
726240.9	7460016.2	1.0195
726255.475	7460082.525	0.9967
726214.4	7460075.1	1.0014
726296.55	7460089.95	0.9781
724574.25	7459285.25	1.3414
724708.5	7459324.5	1.4387
724604	7459229	1.1773
724440	7459246	1.2344
724719	7459244	1.2104
724489	7459214	1.1201
724391	7459278	1.3598
724544.5	7459341.5	1.4732
724347.5	7459376.5	1.5357
724304	7459475	1.4715
724498	7459451.75	1.6284
724451.5	7459562	1.5621
726383	7460243.3	0.8021
726362.65	7460219.6	0.8252
726327.575	7460273	0.8721
726357	7460291.55	0.8852
726342.3	7460195.9	0.8596
726287.5	7460143.4	0.9543
726314.9	7460169.65	0.9046
726298.15	7460254.45	0.8952
726234.25	7460221.7	0.938
726237.7	7460138.7	0.9748
726187.9	7460134	0.9635
726266.2	7460238.075	0.9408
726184.45	7460217	0.9154
725881.7813	7459938.05	0.978
725911.25	7460032.7	0.983
725944	7459821.5	0.9737
725942	7459913	0.9875
726748.8778	7462934.398	0.9026
726913	7463026	0.8759
726653.5	7463056	0.8535
726827	7463094	0.8521
726584.7555	7462842.795	0.8805
726480	7463018	0.8588
726452.8778	7462741.648	0.8659
726321	7462640.5	0.8518
726414.5	7462927.5	0.8716
726349	7462837	0.872
727536.0318	7462337.155	0.9143
727684	7462518.5	0.8403
727649	7462221	0.8805
727766	7462423	0.8435
726844.2555	7462812.795	0.9381
726999	7462958	0.8934
726952.142	7462679.615	0.9507
727105	7462798.5	0.9159
727423.0635	7462453.31	0.931
727060.0285	7462546.435	0.9698
727602	7462614	0.8345
727211	7462639	0.9169
727241.546	7462499.873	0.9737
727406.5	7462626.5	0.866
727455.8205	7461640.543	0.952
727615	7461715.5	0.8802
727436.5	7461523	0.9415
727615	7461612	0.8813
725852.3125	7459843.4	0.9567
725946	7459730	0.974
725785.1808	7459782.758	0.9491
725876.5	7459671	0.9816
725119.5	7459372.75	1.0808
725225.5	7459498.5	1.089
725211.5	7459348.5	1.0451
725013.5	7459247	0.9852
725268	7459437	1.0465
725155	7459260	0.993
725718.049	7459722.115	0.965
725807	7459612	0.99
725646.0245	7459662.808	0.9786
725733	7459573	0.9872
725574	7459603.5	0.9502
725659	7459534	0.9747
725027.5	7459397	1.1248
724872	7459234	0.9883
724942	7459473	1.3133
724785	7459319.5	1.234
724698	7459405	1.5501
724856.5	7459549	1.5693
724648.5	7459527	1.722
724793.1193	7459652.788	1.7837
724599	7459649	1.8386
724729.7385	7459756.575	2.0253
724651	7459815.5	2.0707
726417.9205	7460495.605	1.065
726519.5	7460522.5	0.9681
726423.5	7460380.9	0.948
726516	7460422	0.933
726331	7460339.8	0.9308
726316.341	7460468.71	1.1178
726292.5	7460326.4	0.9188
726252.491	7460445.38	1.1103
726254	7460313	0.9531
726188.641	7460422.05	1.0955
726217.5	7460306.5	0.9513
726136.8918	7460402.525	1.0907
725693.8615	7459894.515	1.0289
725624.16	7459985.26	1.2103
726181	7460300	0.9384
726085.1425	7460383	1.0998
726010.5315	7460355.91	1.1214
726095.3	7460283.25	0.9658
725758.625	7459956.8	0.9675
725685.415	7460052.355	1.1072
725819.5625	7460054.6	0.9711
725745.7128	7460133.915	1.0525
725880.5	7460152.4	0.9658
725935.9205	7460328.82	1.1238
725806.0105	7460215.475	1.056
726009.6	7460266.5	0.9794
725870.9655	7460272.148	1.0533
725945.05	7460209.45	0.949
727475.141	7461758.085	0.9593
727615	7461819	0.8847
727416.0483	7461845.828	1.0275
727573.5	7461919	0.9058
727532	7462019	0.929
727388.0635	7462155.81	1.0025
727356.9555	7461933.57	1.0729
727234.529	7462047.13	1.1185
726689.511	7462667.59	0.93
726799.284	7462560.73	0.9811
726491.2555	7462555.795	0.8663
726293	7462444	0.8505
726609.892	7462419.115	0.9281
726420.5	7462277.5	0.8768
727244.127	7462292.62	1.0129
726909.057	7462453.87	1.0077
727076.592	7462373.245	1.0157
727112.1025	7462160.69	1.0348
726728.5285	7462282.435	0.9739
726920.3155	7462221.563	1.0183
727335.282	7461697.17	1.1059
727258.5965	7461772.655	1.2821
727296.641	7461565.585	1.0244
727180.6993	7461617.93	1.3259
727258	7461434	0.9834
726915	7461067	1.0849
727160	7461105	1.0332
727102.802	7461463.205	1.2996
727008.901	7461265.103	1.3028
727209	7461269.5	1.0041
726876.25	7460992.75	0.9884
727050.5	7461018	0.9938
726837.5	7460918.5	0.9307
726702	7460967.5	0.9485
726941	7460931	0.9468
726734	7460906	0.9171
726412.341	7460610.31	1.1401
726523	7460623	0.9679
726373.855	7460723.365	1.2192
726497	7460738.5	1.0395
725629.098	7459832.23	1.1089
725183	7459560	1.0723
725489	7459673	0.9818
725099	7459626.5	1.2069
725562.905	7459918.165	1.2575
725366.0905	7459791.515	1.1452
725559.049	7459752.615	1.061
725232.5453	7459709.008	1.1116
725336	7459616.5	0.9482
725464.4978	7459854.84	1.205
725015	7459693	1.4676
725129.0905	7459801.515	1.4406
724937.7385	7459778.575	1.7668
725035.9145	7459897.045	1.7991
724860.477	7459864.15	2.0309
724942.7385	7459992.575	2.059
724781.7385	7459923.075	2.1583
724703	7459982	2.0878
724857.6193	7460065.288	2.0735
724772.5	7460138	1.9904
726301.682	7460597.62	1.2759
726250.71	7460708.23	1.3627
726212.482	7460564.36	1.2941
726153.1218	7460665.043	1.4185
725369.9465	7459957.065	1.4566
726123.282	7460531.1	1.2875
726055.5335	7460621.855	1.4738
726056.2835	7460498.55	1.315
725985.9393	7460584.63	1.5347
725496.712	7460004.1	1.4379
725554.4585	7460076.005	1.4595
725411.5755	7460091.015	1.6423
725473.0983	7460158.53	1.6693
725989.285	7460466	1.3717
725925.763	7460428.57	1.402
725916.345	7460547.405	1.6137
725852.1538	7460506.353	1.6608
725612.205	7460147.91	1.3714
725671.863	7460213.23	1.3198
725534.621	7460226.045	1.6487
725596.3275	7460290.553	1.6287
725862.241	7460391.14	1.4105
725731.521	7460278.55	1.3158
725796.881	7460334.845	1.3061
725787.9625	7460465.3	1.6972
725658.034	7460355.06	1.6495
725722.9983	7460410.18	1.6676
727181.911	7461848.14	1.3395
727080.9945	7461938.45	1.2236
727064.7575	7461670.275	1.5546
726960.384	7461761.728	1.4927
726980.078	7462028.76	1.0391
726548	7462111	0.9378
726856.0105	7461853.18	1.1331
726764.039	7462069.88	0.992
726713.0052	7461918.34	1.0051
726570	7461983.5	0.9556
726947.604	7461492.41	1.6207
726808.802	7461260.705	1.492
726839.7735	7461585.005	1.7123
726712.9258	7461400.905	1.7017
726670	7461029	1.0269
726586.078	7461216.805	1.4345
726478.2005	7461117.983	1.2484
726570.5	7460941.5	0.9794
726471	7460854	1.0773
726370.323	7461019.16	1.2798
726335.369	7460836.42	1.2795
726248.5885	7460969.19	1.4426
726199.738	7460818.84	1.4513
726126.854	7460919.22	1.5712
726093.7615	7460765.725	1.5397
726019.8633	7460859.83	1.6748
725243.181	7459910.03	1.5073
725134.0905	7460015.515	1.8805
725284.81	7460043.98	1.7148
725190.7615	7460129.243	1.9242
725025	7460121	2.0111
725096.713	7460214.505	1.9184
724933.5	7460207.5	1.9234
724842	7460294	1.8377
725015.7815	7460300.678	1.8525
724934.85	7460386.85	1.788
725987.785	7460712.61	1.6263
725912.8725	7460800.44	1.7652
725915.595	7460670.71	1.6937
725840.9593	7460754.608	1.8174
725326.439	7460177.93	1.8912
725391.738	7460241.055	1.8793
725247.4325	7460242.97	1.9808
725313.423	7460312.353	1.9886
725843.405	7460628.81	1.7625
725778.5445	7460584.135	1.8165
725769.046	7460708.775	1.8719
725705.4748	7460662.018	1.9115
725457.037	7460304.18	1.8775
725520.792	7460367.875	1.8872
725379.4135	7460381.735	2.0252
725445.92	7460443.73	2.0342
725713.684	7460539.46	1.8769
725584.547	7460431.57	1.9181
725649.1155	7460485.515	1.9281
725641.9035	7460615.26	1.9547
725512.4265	7460505.725	2.0382
725577.165	7460560.493	2.0052
726731.943	7461677.6	1.3647
726661.9715	7461766.8	1.0555
726617.0495	7461541.105	1.5821
726592	7461856	0.9872
726511.7748	7461652.053	1.0698
726406.5	7461763	0.9862
726502.156	7461404.61	1.6357
726361.578	7461537.305	1.1594
726385.901	7461294.465	1.597
726256.3362	7461415.283	1.4365
726269.646	7461184.32	1.5735
726151.0945	7461293.26	1.7047
726161.808	7461101.96	1.6252
726053.3138	7461201.64	1.8188
726053.97	7461019.6	1.7513
725955.533	7461110.02	1.9434
725945.965	7460953.935	1.8553
725855.983	7461039.218	2.01
725837.96	7460888.27	1.9113
725756.433	7460968.415	2.0291
725766.3235	7460838.505	1.9372
725687.982	7460916.248	2.034
725168.426	7460308.01	1.9389
725235.108	7460383.65	1.9833
725098.063	7460393.855	1.8924
725027.7	7460479.7	1.7974
725168.929	7460474.45	1.9508
725102.75	7460565.25	1.7324
725694.687	7460788.74	1.9665
725632.405	7460739.9	1.9762
725619.531	7460864.08	2.0466
725557.8213	7460814.655	2.0622
725301.79	7460459.29	2.0225
725371.048	7460519.585	2.0215
725239.795	7460555.045	1.8708
725307.199	7460608.668	1.6959
725570.123	7460691.06	1.964
725440.306	7460579.88	1.9889
725505.2145	7460635.47	1.9833
725496.1115	7460765.23	2.0364
725374.603	7460662.29	1.7218
725435.3573	7460713.76	1.9162
726221	7461670	1.0392
726126.7715	7461536.1	1.2666
725946.627	7461588.648	1.3036
726003.5	7461713	1.0625
726032.543	7461402.2	1.6513
725889.754	7461464.295	1.6337
725944.8195	7461301.32	1.8848
725816.5568	7461367.165	1.8609
725857.096	7461200.44	2.0196
725743.3595	7461270.035	2.0194
725766.001	7461124.5	2.07
725665.6158	7461193.408	2.0957
725674.906	7461048.56	2.0896
725587.872	7461116.78	2.1197
725609.6405	7460993.99	2.0917
725528.5923	7461061.37	2.1274
725544.375	7460939.42	2.088
725483.2375	7460889.41	2.0827
725469.3125	7461005.96	2.1214
725412.6368	7460954.483	2.0783
725177.8	7460650.8	1.4339
725243.35	7460697.75	1.2921
725165.8	7460759	1.0614
725422.1	7460839.4	2.0231
725308.9	7460744.7	1.4266
725365.5	7460792.05	1.7874
725355.961	7460903.005	1.9169
725231.35	7460805.95	1.2362
725293.6555	7460854.478	1.6127
725766.4825	7461641.195	1.2471
725786	7461756	1.0526
725601.2913	7461657.798	1.2417
725650	7461758.5	1.1143
725436.1	7461674.4	1.1084
725514	7461761	1.0685
725746.965	7461526.39	1.5224
725552.5825	7461557.095	1.3824
725688.294	7461433.01	1.7375
725529.6468	7461469.023	1.5799
725629.623	7461339.63	1.9287
725506.711	7461380.95	1.7899
725565.2305	7461262.315	2.0336
725456.9045	7461309.058	1.9448
725500.838	7461185	2.109
725407.098	7461237.165	2.0855
725447.544	7461128.75	2.1225
725365.7688	7461182.393	2.121
725394.25	7461072.5	2.1144
725342.036	7461019.555	2.0532
725324.4395	7461127.62	2.0814
725277.047	7461074.09	1.9362
725289.822	7460966.61	1.7997
725153.8	7460867.2	1.1429
725221.811	7460916.905	1.4337
725229.6545	7461020.56	1.6738
725169.9023	7460970.455	1.3757
725110.15	7460920.35	1.1313
725358.2	7461587.8	1.2252
725370.9995	7461505.035	1.4151
725266.5653	7461528.365	1.4005
725266.2	7461608.1	1.2135
725383.799	7461422.27	1.6642
725266.9305	7461448.63	1.6316
725348.5785	7461355.8	1.8839
725242.3348	7461384.178	1.8516
725313.358	7461289.33	2.0536
725254.629	7461182.74	2.0951
725217.739	7461319.725	2.006
725283.9935	7461236.035	2.1176
725212.058	7461128.625	1.906
725163.744	7461197.445	1.9651
725190.7415	7461258.585	2.0581
725169.487	7461074.51	1.6436
725117.9935	7461024.005	1.3965
725066.5	7460973.5	1.158
725121.173	7461143.33	1.7366
725075.1115	7461076.565	1.4801
725029.05	7461009.8	1.261
725018.1395	7461696.178	1.2072
724980.75	7461770.5	1.0832
725101.15	7461687.95	1.1508
725028.1	7461747.5	1.1317
725174.2	7461628.4	1.2723
725055.529	7461621.855	1.3541
725162.131	7461551.695	1.4684
725051.1005	7461552.533	1.5628
725150.062	7461474.99	1.6821
725046.672	7461483.21	1.8044
725136.091	7461412.555	1.8709
725040.7968	7461421.568	1.9859
724810.525	7460838.175	0.8275
724875	7460861.8	0.8206
724821.45	7460789.1	0.8199
724746.05	7460814.55	0.8986
724860.5	7460799.1	0.8135
724782.4	7460779.1	0.8602
725122.12	7461350.12	1.9925
725034.9215	7461359.925	2.0465
725097.4895	7461281.135	1.9937
725019.7193	7461294.763	1.9838
725072.859	7461212.15	1.8261
725032.2295	7461129.125	1.5404
724991.6	7461046.1	1.3455
725004.517	7461229.6	1.7635
724968.4585	7461153.75	1.4739
724932.4	7461077.9	1.212
724935.129	7461704.405	1.192
724933.4	7461793.5	1.1062
724852.6498	7461699.573	1.2566
724888.75	7461778.6	1.1504
724770.1705	7461694.74	1.33
724844.1	7461763.7	1.2033
724936.858	7461615.31	1.4262
724816.5495	7461620.545	1.4513
724940.07	7461553.37	1.6681
724832.608	7461549.92	1.7686
724943.282	7461491.43	1.9039
724945.5025	7461430.58	2.0415
724848.6665	7461479.295	2.0068
724857.6113	7461418.165	2.0616
724947.723	7461369.73	2.0446
724941.949	7461308.39	1.9134
724866.556	7461357.035	1.9861
724869.3625	7461302.3	1.8871
724799.6	7460887.25	0.8614
724889.5	7460924.5	0.8668
724709.7	7460850	0.9725
724776.55	7460930.825	0.9226
724859.55	7460968.1	0.9222
724693.55	7460893.55	1.0348
724936.175	7461247.05	1.7167
724904.6875	7461178.375	1.4446
724873.2	7461109.7	1.2123
724872.169	7461247.565	1.7014
724848.6095	7461181.833	1.4319
724825.05	7461116.1	1.1982
724696.241	7461625.78	1.3717
724725.146	7461546.47	1.6575
724641.3835	7461515.983	1.5466
724607.7705	7461594.64	1.2686
724754.051	7461467.16	2.0376
724674.9965	7461437.325	1.9593
724769.72	7461405.75	2.1917
724694.8617	7461376.825	2.1692
724792.5315	7461185.29	1.5494
724785.389	7461344.34	2.0763
724808.163	7461248.08	1.7831
724714.727	7461316.325	2.0997
724796.776	7461296.21	1.9497
724743.1855	7461217.895	1.7997
724728.9562	7461267.11	1.9696
724753.5	7460974.4	1.0085
724829.6	7461011.7	0.9843
724677.4	7460937.1	1.1328
724724.05	7461014.6	1.1436
724803.25	7461067.1	1.1102
724644.85	7460962.1	1.2668
724557.621	7461485.495	1.4729
724519.3	7461563.5	1.2429
724492.1838	7461436.578	1.6306
724455.7	7461506.65	1.35
724776.9	7461122.5	1.3455
724694.6	7461054.8	1.3505
724727.554	7461155.105	1.6255
724656.6973	7461102.345	1.6322
724595.942	7461407.49	1.8935
724528.6675	7461366.505	1.9471
724620.0035	7461347.9	2.1885
724552.1335	7461308.95	2.1869
724644.065	7461288.31	2.2034
724678.208	7461187.71	1.8726
724618.7945	7461149.89	1.8888
724575.5995	7461251.395	2.2276
724661.1365	7461238.01	2.0435
724597.197	7461200.643	2.0714
724426.7465	7461387.66	1.5963
724392.1	7461449.8	1.3633
724368.547	7461336.82	1.4524
724335.3	7461391.65	1.2759
724539.9348	7460863.53	1.2448
724591.45	7460895.35	1.2901
724545.6	7460775.25	1.0229
724570.6	7460803.6	1.1034
724488.4195	7460831.71	1.0947
724520.6	7460746.9	0.9817
724438.7348	7460815.18	1.0423
724478.85	7460744.4	0.9827
724389.05	7460798.65	1.0344
724437.1	7460741.9	0.9961
724612.3	7460987.1	1.4225
724585.8405	7461049.585	1.6942
724534.2695	7460951.81	1.5523
724506.3165	7461010.65	1.8758
724461.393	7461325.52	1.8919
724401.794	7461281.99	1.7936
724484.2635	7461270	2.1441
724416.1695	7461226.83	2.091
724559.381	7461112.07	1.9991
724507.134	7461214.48	2.2816
724478.3635	7461069.49	2.188
724430.545	7461171.67	2.3398
724533.2575	7461163.275	2.2029
724454.4543	7461120.58	2.3712
724310.3475	7461285.98	1.3309
724278.5	7461333.5	1.1629
724245.0675	7461265.89	1.0974
724342.195	7461238.46	1.6845
724348.0755	7461183.66	1.9552
724276.915	7461218.37	1.5143
724273.6358	7461154.345	1.8862
724456.239	7460916.52	1.4161
724426.7925	7460971.715	1.8052
724398.6195	7460885.96	1.2438
724341	7460855.4	1.1179
724347.5463	7460929.008	1.5091
724268.3	7460886.3	1.3408
724397.346	7461026.91	2.1735
724353.956	7461128.86	2.1607
724296.473	7460972.055	1.8826
724270.3565	7461090.32	2.2686
724375.651	7461077.885	2.3329
724283.4148	7461031.188	2.4824
724211.635	7461198.28	1.5736
724199.196	7461125.03	2.0031
724146.198	7461105.265	2.2426
724158.9175	7461172.44	1.887
724093.2	7461085.5	2.4658
724029.5083	7461094.193	2.3779
723965.8165	7461102.885	2.1927
723894.4083	7461104.843	2.0531
723823	7461106.8	1.7659
724183.1623	7461891.078	0.8255
724195.9	7461966.65	0.8199
724219.6	7461879.45	0.8279
724232.8	7461953.3	0.8199
724146.7245	7461902.705	0.8229
724159	7461980	0.8199
724110.1623	7461893.703	0.833
724115.85	7461963.15	0.8219
724073.6	7461884.7	0.847
724072.7	7461946.3	0.8265
724170.4245	7461815.505	0.8633
724206.4	7461805.6	0.8642
724158.4013	7461752.283	0.9173
724200.7	7461741.3	0.9077
724106.2	7461146.6	2.1658
724048.7175	7461156.635	2.1995
724074.0037	7461219.593	2.0148
724132.1	7461212.8	1.8704
723991.235	7461166.67	2.0696
724015.9075	7461226.385	2.0062
723920.6675	7461174.135	1.9406
723850.1	7461181.6	1.7283
723956.2288	7461236.093	1.9059
723896.55	7461245.8	1.7658
724146.378	7461689.06	0.9493
724195	7461677	0.9474
724120.2568	7461636.855	0.9641
724162	7461619.5	0.9652
724099.29	7461282.55	1.7183
724158	7461279	1.5058
724098.57	7461335.025	1.463
724097.85	7461387.5	1.26
724148.8	7461319.45	1.4415
724139.6	7461359.9	1.3271
724094.1355	7461584.65	0.9708
724129	7461562	0.9701
724088	7461526	0.9932
724186.757	7461051.78	2.4375
724195.6	7460917.2	1.7555
724133.4785	7461038.09	2.7159
724191.1785	7460984.49	2.3663
724138.3893	7460977.07	2.6703
724143.3	7460916.05	2.1818
724080.2	7461024.4	2.8125
724010.299	7461031.75	2.6195
724085.6	7460969.65	2.8468
724015.3745	7460973.325	2.8057
723940.398	7461039.1	2.2922
723868.149	7461035.55	2.0851
723945.149	7460977	2.4879
723795.9	7461032	1.6904
723877.0245	7460969.25	2.2309
723808.9	7460961.5	1.8376
724134.449	7461825.41	0.8672
724104.4745	7461824.255	0.8821
724074.5	7461823.1	0.8892
724116.1025	7461763.265	0.9282
724074.4263	7461771.408	0.9282
724032.75	7461779.55	0.923
724097.756	7461701.12	0.9587
724044.378	7461718.56	0.959
724078.5135	7461654.21	0.9676
724029.0383	7461663.5	0.9686
724040.58	7461286.1	1.7721
724048.34	7461350.6	1.4649
723991.79	7461298.05	1.7441
723943	7461310	1.6793
723998.92	7461351.05	1.534
723949.5	7461351.5	1.5714
724059.271	7461607.3	0.9704
724013.6985	7461608.44	0.9745
724053.1355	7461548.65	0.9916
724006.4553	7461553.865	1.0063
724056.1	7461415.1	1.2718
724047	7461490	1.0894
724006.05	7461404.05	1.4221
723999.212	7461499.29	1.118
724002.631	7461451.67	1.2712
724051.55	7461452.55	1.1845
724091	7460914.9	2.5985
724020.45	7460914.9	2.8046
724047.1025	7460861.72	2.5863
724115.4	7460872.7	2.1347
723949.9	7460914.9	2.5165
723978.805	7460850.74	2.4191
723885.9	7460902.95	2.2654
723821.9	7460891	1.8784
723923.0025	7460839.495	2.2359
723867.2	7460828.25	1.9825
723991	7461736	0.9512
723979.563	7461672.79	0.9677
723927.4788	7461669.05	0.9658
723945	7461724.5	0.9527
723885.6463	7461388.425	1.525
723929	7461370.5	1.5468
723871	7461359.5	1.5879
723902	7461348	1.5925
723968.126	7461609.58	0.9791
723909.9575	7461613.6	0.9776
723959.775	7461559.08	1.0114
723902.7748	7461564.44	1.0081
723956	7461393	1.5019
723951.424	7461508.58	1.0974
723895.592	7461515.28	1.0793
723953.712	7461450.79	1.3016
723900.2925	7461417.35	1.4383
723897.9423	7461466.315	1.2456
723875.3945	7461665.31	0.9677
723899	7461713	0.9578
723818.5633	7461680.213	0.9589
723843	7461731	0.9435
724073.755	7460808.54	2.3311
724139.8	7460830.5	1.8408
724065.0063	7460744.73	2.3713
724130.535	7460762.33	1.9421
724007.71	7460786.58	2.3491
723999.4775	7460727.13	2.2435
723960.105	7460776.04	2.2103
723912.5	7460765.5	2.0903
723945.2637	7460713.915	2.1213
723891.05	7460700.7	1.9248
721898.321	7464250.336	0.722
721892.924	7464246.479	0.715
721883.5919	7464276.771	0.722
721903.718	7464254.193	0.712
721878.348	7464272.757	0.715
721888.8359	7464280.786	0.712
723842.2925	7461406.35	1.4907
723840	7461371	1.5805
723793.8963	7461411.675	1.4559
723793.5	7461382.5	1.5284
723745.5	7461417	1.4297
723747	7461394	1.4299
723851.789	7461617.62	0.9793
723839.76	7461521.98	1.0884
723844.585	7461441.7	1.3549
723794.1265	7461629.425	0.9759
723845.7745	7461569.8	1.0175
723769.6825	7461521.815	1.1007
723842.1725	7461481.84	1.1983
723794.2925	7461440.85	1.3518
723781.9045	7461575.62	1.0189
723781.9875	7461481.333	1.196
723736.464	7461641.23	0.9647
723761.732	7461695.115	0.9343
723787	7461749	0.9049
723662.0985	7461634.665	0.9664
723718.0345	7461581.44	1.0109
723683.5493	7461696.083	0.9108
723705	7461757.5	0.8744
723605.3665	7461697.05	0.8779
723623	7461766	0.8315
723535.423	7461714.443	0.8504
723549	7461785.5	0.8221
723465.4795	7461731.835	0.8362
723475	7461805	0.821
723402.2398	7461736.418	0.8347
723409	7461810	0.8206
723339	7461741	0.8403
723343	7461815	0.8302
724056.2575	7460680.92	2.3556
724121.27	7460694.16	2.0006
724055.268	7460624.983	2.5137
724109.6255	7460638.045	2.2254
724000.9105	7460611.92	2.4504
723991.245	7460667.68	2.2944
723930.4225	7460651.79	2.1731
723869.6	7460635.9	1.882
723948.441	7460599.305	2.3936
723888.9705	7460590.153	2.1679
723829.5	7460581	1.6528
721913.05	7464223.9	0.722
721907.5	7464220.2	0.715
721918.6	7464227.6	0.712
721930.7793	7464195.228	0.722
721925.1111	7464191.189	0.715
721936.4476	7464199.268	0.712
723744	7461440	1.3625
723721.8025	7461480.825	1.2242
723676.228	7461442.908	1.3217
723701.95	7461403.625	1.3801
723699.605	7461521.65	1.1244
723650.506	7461482.19	1.2253
723643.669	7461574.875	1.0312
723605.7695	7461520.663	1.1243
723288	7461602	0.9002
723587.733	7461628.1	0.9432
723561.033	7461559.135	1.0281
723521.846	7461643.385	0.9055
723501.6698	7461575.12	0.9741
723455.959	7461658.67	0.8795
723335	7461667	0.8648
723442.3065	7461591.105	0.933
723395.4795	7461662.835	0.8646
723333.1415	7461587.635	0.9122
723387.724	7461589.37	0.9206
724279.599	7459898.498	1.4117
724334.1	7459915.35	1.2791
724279.9	7459845.4	1.2438
724321.6	7459868.1	1.1944
724054.2785	7460569.045	2.5216
724097.981	7460581.93	2.3325
724059.7328	7460515.708	2.5338
724101.402	7460526.315	2.2921
724010.576	7460556.16	2.525
724018.0635	7460505.1	2.5647
723958.1065	7460543.545	2.4872
723968.2385	7460493.97	2.4887
723905.637	7460530.93	2.4408
723918.4135	7460482.84	2.4256
723847.5185	7460528.515	2.013
723789.4	7460526.1	1.1523
723864.3568	7460471.345	2.2667
723810.3	7460459.85	1.2989
724279.298	7459951.595	1.5826
724346.6	7459962.6	1.3597
724273.5073	7460009.893	1.7266
724343.8	7460023.75	1.4665
724065.187	7460462.37	2.5312
724104.823	7460470.7	2.2572
724096.126	7460417.153	2.3618
724137.903	7460427.62	2.043
724267.7165	7460068.19	1.8784
724341	7460084.9	1.5849
724254.1	7460121.888	2.0657
724325.7	7460136.35	1.7304
724127.065	7460371.935	2.352
724170.983	7460384.54	2.0024
724159.5947	7460326.938	2.3268
724208.7415	7460341.72	1.9986
724240.4835	7460175.585	2.2138
724192.1245	7460281.94	2.3197
724310.4	7460187.8	1.8905
724246.5	7460298.9	1.9953
724216.304	7460228.763	2.2997
724278.45	7460243.35	1.9517
721948.5087	7464166.557	0.722
721942.7222	7464162.177	0.715
721954.2951	7464170.936	0.712
721963.4268	7464137.452	0.722
721957.3692	7464133.894	0.715
721969.4845	7464141.01	0.712
722965.0668	7461316.178	0.8436
722941	7461276	0.8323
722867.5	7461354.5	0.8395
722852	7461313	0.8349
722989.1335	7461356.355	0.8636
722883	7461396	0.8473
722993	7461420	0.8734
723630.6535	7461404.99	1.3917
723659.9	7461367.25	1.3648
723617.85	7461330.875	1.3665
723534.333	7461490.17	1.1441
723601.407	7461442.73	1.3105
723567.87	7461466.45	1.2256
723481.4935	7461506.855	1.0604
723489.3195	7461422.6	1.2549
723588.6035	7461368.615	1.428
723538.9615	7461395.608	1.3697
723286.1415	7461522.635	0.9532
723241	7461537	0.9288
723242.3938	7461467.49	0.9609
723172	7461490.5	0.9264
723331.283	7461508.27	0.9757
723428.654	7461523.54	0.9929
723379.9685	7461515.905	0.9842
723312.7875	7461444.48	1.0019
723436.48	7461439.285	1.145
723374.6338	7461441.883	1.0471
724225.098	7459881.645	1.5262
724238.2	7459822.7	1.2741
724172.7415	7459860.328	1.6139
724196.5	7459800	1.312
724211.996	7459940.59	1.7777
724203.2145	7459996.035	1.9712
724148.983	7459920.655	1.9337
724136.1003	7459978.548	2.1367
724025.551	7460454.04	2.573
724054.349	7460406.685	2.5477
723978.3705	7460444.395	2.5269
724008.3728	7460397.058	2.5462
723931.19	7460434.75	2.4869
723962.3965	7460387.43	2.4789
723881.195	7460414.175	2.3927
723831.2	7460393.6	1.4529
723921.2233	7460371.765	2.4207
723880.05	7460356.1	2.0079
724194.433	7460051.48	2.1122
724182.5	7460107.425	2.3069
724123.2175	7460036.44	2.2042
724113.2468	7460093.65	2.2112
724083.147	7460359.33	2.5856
724110.448	7460312.155	2.576
724038.375	7460349.72	2.597
724060.1225	7460301.778	2.5759
724170.567	7460163.37	2.3788
724137.749	7460264.98	2.5304
724154.158	7460214.175	2.5095
724103.276	7460150.86	2.1727
724081.87	7460253.835	2.4525
724092.573	7460202.348	2.2484
721978.345	7464108.347	0.722
721972.0161	7464105.61	0.715
721984.674	7464111.084	0.712
721984.1475	7464089.399	0.722
721975.5081	7464088.455	0.715
721992.787	7464090.342	0.712
723067.375	7464226.325	1.2
723063.6	7464234.3	1.1
723109.15	7464241.8	1.2
723071.15	7464218.35	1.1
723104.9	7464250.7	1.1
723113.4	7464232.9	1.1
723592.25	7461209.25	1.2522
723095.267	7461316.71	0.9187
723103	7461444	0.9144
723062.6335	7461277.855	0.8961
723030	7461239	0.8808
723198.646	7461412.345	0.9634
723190.8335	7461278.755	0.9911
723099.1335	7461380.355	0.9224
723159.6918	7461234.628	0.9747
723128.55	7461190.5	0.9605
723194.7398	7461345.55	0.9849
723575.8	7461294.5	1.4424
723510.053	7461324.765	1.453
723537.9245	7461231.045	1.523
723481.9623	7461254.405	1.4807
723444.306	7461355.03	1.2895
723294.292	7461380.69	1.0153
723426	7461277.765	1.321
723290.346	7461310.745	1.0601
723369.299	7461367.86	1.1197
723358.173	7461294.255	1.172
724120.385	7459839.01	1.6982
724154.8	7459777.3	1.3467
724048.9585	7459809.675	1.7678
724084.35	7459742.1	1.3457
724085.97	7459900.72	2.0739
724068.986	7459961.06	2.2586
724013.567	7459877.25	2.1629
723997.5293	7459941.628	2.3089
724052.002	7460021.4	2.2192
724043.9935	7460079.875	2.08
723981.4915	7460006.005	2.1685
723977.048	7460067.173	1.8824
723993.603	7460340.11	2.4976
724009.797	7460291.4	2.4823
723961.2515	7460329.355	2.4113
723928.9	7460318.6	2.3366
723965.0235	7460283.425	2.3389
723920.25	7460275.45	1.9147
724035.985	7460138.35	1.981
724025.991	7460242.69	2.2872
724030.988	7460190.52	2.0317
723972.6045	7460128.34	1.6308
723968.7955	7460237.495	1.8727
723970.7	7460182.918	1.5183
723977.532	7459780.34	1.7937
724013.9	7459706.9	1.3218
723887.2188	7459760.138	1.667
723914.6255	7459686.91	1.3275
721989.95	7464070.45	0.722
721979	7464071.3	0.715
722000.9	7464069.6	0.712
721981.6	7464057.925	0.722
721974.4	7464061.8	0.715
721988.8	7464054.05	0.712
723025.6	7464210.85	1.2
723022.3	7464217.9	1.1
723028.9	7464203.8	1.1
722975.4	7464186.675	1.2
722971.15	7464194.9	1.1
722979.65	7464178.45	1.1
723554.3745	7461145.795	1.3678
723608.7	7461124	1.06
723537.2623	7461089.698	1.4939
723587.5	7461077.1	1.1303
723520.15	7461033.6	1.557
723566.3	7461030.2	1.2263
723500.049	7461167.59	1.5468
723453.8715	7461184.045	1.4469
723487.0245	7461102.295	1.6448
723449.0608	7461107.998	1.5492
723256.75	7461191.4	1.0502
723227.1	7461142	1.024
723293.475	7461097.8	1.0767
723330.2	7461004.2	1.0871
723269.35	7461068.05	1.0339
723311.6	7460994.1	1.051
723286.4	7461240.8	1.086
723407.694	7461200.5	1.328
723411.097	7461113.7	1.4046
723317.6	7461127.55	1.1206
723347.047	7461220.65	1.1877
723364.3485	7461120.625	1.2353
723941.164	7459853.78	2.1438
723926.0725	7459922.195	2.2678
723859.812	7459833.365	2.014
723850.4058	7459907.748	2.157
723910.981	7459990.61	2.0577
723910.1025	7460054.47	1.6837
723840.9995	7459982.13	1.9142
723845.1363	7460051.083	1.5051
723909.224	7460118.33	1.2953
723911.6	7460232.3	1.104
723910.412	7460175.315	1.0228
723849.273	7460120.035	1.1609
723865.0615	7460182.343	0.9295
723880.85	7460244.65	0.9439
723796.9055	7459739.935	1.421
723815.351	7459666.92	1.1278
723687.677	7459724.435	1.2575
723688.6255	7459641.46	1.0154
723778.46	7459812.95	1.7994
723774.739	7459893.3	2.0415
723686.7285	7459807.41	1.6625
723696.2548	7459887.75	2.024
721973.25	7464045.4	0.722
721969.8	7464052.3	0.715
721976.7	7464038.5	0.712
721957.75	7464037.025	0.722
721953.45	7464045.6	0.715
721962.05	7464028.45	0.712
722925.2	7464162.5	1.2
722920	7464171.9	1.1
722930.4	7464153.1	1.1
722857.625	7464134.825	1.2
722852.45	7464144.2	1.1
722862.8	7464125.45	1.1
723474	7461037	1.68
723444.25	7461031.95	1.6045
723472.1065	7460952.09	1.7341
723514.5	7460957.5	1.5839
723414.5	7461026.9	1.4647
723348.8	7461014.3	1.143
723429.713	7460946.68	1.57
723381.65	7461020.6	1.2868
723379.5565	7460944.165	1.2104
723329.4	7460941.65	1.0789
723578.4485	7459708.935	1.1297
723561.9	7459616	0.9658
723484.691	7459738.098	1.1396
723458.6	7459649	0.9895
723771.018	7459973.65	1.9345
723789.322	7460121.74	1.2262
723780.17	7460047.695	1.5625
723819.711	7460189.37	0.9728
723850.1	7460257	0.8851
723705.781	7459968.09	2.0543
723727.853	7460133.45	1.3924
723716.817	7460050.77	1.8082
723772.0788	7460209.003	1.0488
723816.3045	7460284.555	0.9064
723594.997	7459801.87	1.4721
723617.7705	7459882.2	1.9319
723510.782	7459827.195	1.4218
723544.4385	7459905.618	1.8863
723640.544	7459962.53	2.1361
723653.464	7460053.845	2.0102
723578.095	7459984.04	2.1481
722761.7	7463769.725	0.85
722757.9	7463778.05	0.8
722821.55	7463797.4	0.85
722765.5	7463761.4	0.78
722817.4	7463806.4	0.8
722825.7	7463788.4	0.78
721942.25	7464028.65	0.722
721937.1	7464038.9	0.715
721947.4	7464018.4	0.712
721922.625	7464029.525	0.722
721917.4	7464038.9	0.715
721927.85	7464020.15	0.712
722790.05	7464107.15	1.2
722784.9	7464116.5	1.1
722795.2	7464097.8	1.1
722726.025	7464071.5	1.2
722718.75	7464084.15	1.1
722733.3	7464058.85	1.1
723499.963	7460872.23	1.6414
723555	7460878	1.2628
723554.2523	7460801.038	1.3479
723612.5	7460808.5	1.0499
723496.0045	7460793.575	1.6035
723444.926	7460866.46	1.5436
723377.463	7460867.73	1.2398
723310	7460869	1.0639
723433.4935	7460799.12	1.412
723371.7467	7460803.56	1.1221
723310	7460808	1.0263
723390.9335	7459767.26	1.1046
723355.3	7459682	0.9908
723304.8603	7459835.558	1.1571
723248.65	7459766.5	0.9919
723724.4465	7460228.635	1.169
723782.509	7460312.11	0.9057
723678.0953	7460253.358	1.3931
723738.2545	7460328.255	1.0256
723426.567	7459852.52	1.3952
723471.1065	7459929.035	1.8342
723361.0705	7459904.615	1.324
723417.738	7459975.75	1.7383
723666.384	7460145.16	1.6606
723515.646	7460005.55	2.1687
723617.936	7460178.46	1.9707
723474.4055	7460046.885	2.1986
723591.015	7460075.355	2.1877
723546.1707	7460112.673	2.3932
722701.85	7463742.05	0.85
722698.4	7463749.7	0.8
722705.3	7463734.4	0.78
722640.275	7463709.525	0.85
722634.75	7463718.55	0.8
722645.8	7463700.5	0.78
721836.775	7464025	0.7179
721854.95	7464010.35	0.717
721818.6	7464039.65	0.7197
721854.2	7464031.95	0.7162
721845.6	7464039	0.717
721862.8	7464024.9	0.7159
721903	7464030.4	0.722
721897.7	7464038.9	0.715
721908.3	7464021.9	0.712
721885.525	7464007.55	0.722
721872.4	7464017.35	0.715
721898.65	7463997.75	0.712
722662	7464035.85	1.2
722652.6	7464051.8	1.1
722671.4	7464019.9	1.1
722577.775	7463984.725	1.2
722568.15	7464000.65	1.1
722587.4	7463968.8	1.1
723608.5415	7460729.845	1.1454
723670	7460739	0.9781
723617.3735	7460650.003	1.1888
723682	7460649	1.0448
723547.083	7460720.69	1.5228
723552.747	7460651.005	1.5445
723484.572	7460726.235	1.6552
723489.1578	7460659.01	1.6124
723422.061	7460731.78	1.3334
723425.5685	7460667.015	1.3413
723366.0305	7460739.39	1.0959
723310	7460747	1.0046
723364.7843	7460679.508	1.0767
723304	7460692	0.998
723626.2055	7460570.16	1.2996
723694	7460559	1.172
723608.2343	7460492.84	1.508
723671.5	7460471.5	1.208
723218.787	7459903.855	1.0563
723142	7459851	1.0019
723174.0705	7459984.963	1.0057
723092.2	7459946.65	0.9293
723649	7460384	1.4471
723631.744	7460278.08	1.664
723694	7460344.4	1.2361
723567.44	7460338.735	1.7206
723590.263	7460415.52	1.6118
723599.592	7460308.408	1.7595
723671.5	7460364.2	1.3592
723295.574	7459956.71	1.1994
723364.3695	7460022.465	1.6163
723255.941	7460023.275	1.1517
723325.764	7460078.558	1.5529
723569.488	7460211.76	2.2809
723433.165	7460088.22	2.177
723501.3265	7460149.99	2.5295
723527.684	7460252.615	2.4713
723395.587	7460133.84	2.2242
723461.6355	7460193.228	2.7951
722578.7	7463677	0.85
722571.1	7463687.4	0.8
722586.3	7463666.6	0.78
722520.2	7463643.8	0.85
722507.4	7463654.2	0.8
722533	7463633.4	0.78
721715.8358	7464043.498	0.7243
721760.45	7464060.85	0.7214
721682.95	7464070.55	0.7259
721729.3	7464081.4	0.721
721671.2215	7464026.145	0.7333
721636.6	7464059.7	0.74
721622.4	7464020.35	0.7533
721791.6	7464040.3	0.7217
721748.7215	7464016.445	0.7274
721819.35	7464018.05	0.7204
721772.9078	7463990.473	0.7308
721847.1	7463995.8	0.715
721797.094	7463964.5	0.7291
721868.05	7463984.7	0.7217
721829.1555	7463946.423	0.7311
721889	7463973.6	0.712
721861.217	7463928.345	0.7493
721912.9085	7463922.823	0.7941
721928.2	7463967.05	0.7665
721964.6	7463917.3	0.8545
721967.4	7463960.5	0.8075
722493.55	7463933.6	1.2
722483.7	7463949.5	1.1
722503.4	7463917.7	1.1
722397.575	7463871.025	1.2
722387.35	7463887.3	1.1
722407.8	7463854.75	1.1
723129.354	7460066.07	0.9597
723042.4	7460042.3	0.9014
723138.9023	7460154.53	1.0033
723073.85	7460155.95	0.9891
723558.411	7460581.32	1.6369
723544.9685	7460514.18	1.6733
723493.7435	7460591.785	1.6195
723483.8795	7460525.435	1.5594
723429.076	7460602.25	1.3561
723422.7905	7460536.69	1.2848
723363.538	7460619.625	1.1208
723298	7460637	1.036
723361.3953	7460551.095	1.1943
723300	7460565.5	1.2801
723531.526	7460447.04	1.6272
723474.0155	7460459.085	1.4441
723508.703	7460370.255	1.7639
723453.7238	7460391.915	1.7318
723216.308	7460089.84	1.0464
723287.1585	7460134.65	1.4971
723203.9545	7460153.11	1.0736
723265.523	7460190.34	1.6375
723485.88	7460293.47	2.5549
723358.009	7460179.46	2.3039
723433.432	7460324.745	2.8267
723421.9445	7460236.465	3.0303
723327.0915	7460227.57	2.5138
723380.2618	7460276.158	3.2646
722317.8	7463591.75	0.7646
722382.75	7463631.05	0.8458
722262.75	7463615	0.8729
722321.8	7463641.1	0.8449
722680.5	7463416	0.7253
722443.7	7463621	0.8
722372.85	7463568.5	0.7458
722461.7	7463610.6	0.85
722409.35	7463549.05	0.728
722479.7	7463600.2	0.78
722445.85	7463529.6	0.7106
722591	7463450.5	0.7096
722621	7463503	0.7429
722518.425	7463490.05	0.7109
722550.35	7463551.6	0.765
721705.843	7463992.59	0.7334
721726.4655	7463962.895	0.7378
721657.0215	7463986.795	0.7393
721608.2	7463981	0.7567
721667.3828	7463945.873	0.7424
721608.3	7463928.85	0.7537
721747.088	7463933.2	0.7386
721677.744	7463904.95	0.7424
721790.261	7463908.145	0.7339
721731.3118	7463872.468	0.7367
721833.434	7463883.09	0.753
721784.8795	7463839.985	0.7453
721897.617	7463878.595	0.8207
721961.8	7463874.1	0.901
721862.0148	7463824.943	0.8296
721939.15	7463809.9	0.9501
722301.6	7463808.45	1.2
722291	7463825.1	1.1
722312.2	7463791.8	1.1
722208.6	7463747.625	1.2
722196.55	7463764.55	1.1
722220.65	7463730.7	1.1
723148.4505	7460242.99	1.3734
723105.3	7460269.6	1.3815
723143.15	7460311.75	1.9535
723191.601	7460216.38	1.384
723243.8875	7460246.03	2.0407
723186.3005	7460285.14	2.1063
723227.044	7460300.71	2.7618
723416.505	7460471.13	1.258
723398.7445	7460413.575	1.5755
723359.2525	7460482.565	1.5121
723302	7460494	2.0259
723341.6723	7460431.763	2.3756
723284.6	7460449.95	3.3266
723380.984	7460356.02	2.9246
723296.174	7460275.68	2.8707
723324.092	7460380.96	3.7766
723338.579	7460315.85	3.6297
723267.7875	7460316.28	3.2397
723295.9397	7460348.62	4.1827
722302	7463516	0.7578
722252.85	7463552.45	0.811
722203.7	7463588.9	0.9262
722286.5	7463441.5	0.7687
722357	7463487.5	0.7313
722223.975	7463495.075	0.7979
722161.45	7463548.65	0.8918
722650.5	7463363.5	0.7131
722740	7463329	0.7318
722629.5	7463295.75	0.7225
722740	7463258.5	0.7442
722561	7463398	0.7076
722412	7463459	0.7136
722486.5	7463428.5	0.7087
722519	7463333	0.7207
722341.5	7463413	0.7453
722430.25	7463373	0.7245
721608.4	7463876.7	0.7515
721672.3625	7463836.79	0.7429
721598.8378	7463794.01	0.7443
721525.2	7463846.35	0.7582
721736.325	7463796.88	0.7425
721826.4125	7463771.29	0.8367
721672.4755	7463741.67	0.7438
721916.5	7463745.7	0.9983
721769.9378	7463712.735	0.8275
721867.4	7463683.8	0.9905
722115.6	7463686.8	1.2
722102.1	7463704	1.1
722129.1	7463669.6	1.1
722019.95	7463622.425	1.2
722007.7	7463640.2	1.1
722032.2	7463604.65	1.1
721525.313	7463751.23	0.7444
721442	7463816	0.7584
721432.7323	7463717.778	0.7487
721336.6	7463792.3	0.7582
723181	7460353.9	3.0968
723210.2005	7460355.39	3.516
723188.5503	7460383.62	3.5657
723168.95	7460373.1	3.181
723239.401	7460356.88	3.9197
723267.2	7460405.9	4.3157
723253.3005	7460381.39	4.3786
723208.1505	7460394.14	3.8825
723222.4752	7460414.37	4.039
723236.8	7460434.6	3.9148
722195.1	7463437.7	0.809
722119.2	7463508.4	0.8967
722104.55	7463386.35	0.858
722035.1	7463478.2	0.973
722608.5	7463228	0.7439
722740	7463188	0.766
722583.5	7463147.525	0.783
722747	7463102.55	0.801
722271	7463367	0.7802
722477	7463268	0.7408
722174	7463294.5	0.8328
722420	7463192.5	0.7792
722374	7463317.5	0.7462
722297	7463243.5	0.7906
721608.626	7463686.46	0.7312
721713.463	7463654.18	0.8394
721528.8645	7463643.255	0.7387
721818.3	7463621.9	0.9876
721924.3	7463558.05	1.2
721913.3	7463576.4	1.1
721935.3	7463539.7	1.1
721639.0823	7463577.078	0.831
721749.3	7463510.9	1.0944
721834.175	7463466.075	1.2
721796.8	7463488.15	1.1
721871.55	7463444	1.1
721564.7015	7463499.975	0.8388
721449.103	7463600.05	0.7488
721340.1515	7463684.325	0.7568
721231.2	7463768.6	0.7621
721373.6385	7463525.945	0.7739
721254.1943	7463600.798	0.7752
721134.75	7463675.65	0.7709
723108.8	7460364.95	2.3177
723192.4	7460534.35	2.4794
723156.9	7460392.3	3.2399
723166.9	7460411.85	3.5699
723097.05	7460401.4	2.5031
723102.275	7460435.15	2.8042
723176.9	7460431.4	3.8039
723206.4	7460463.3	3.7019
723191.65	7460447.35	3.9208
723107.5	7460468.9	3.0114
723154.7	7460513.2	3.0017
723131.1	7460491.05	3.1583
723140.7	7460584.25	2.1588
723178.4	7460605.4	1.7228
723087.575	7460648.925	1.7827
723146.2	7460676.2	1.4669
723034.45	7460713.6	1.4638
723114	7460747	1.2204
722980.3	7460765.95	1.2557
723056.1	7460798.75	1.1345
722926.15	7460818.3	1.1251
722998.2	7460850.5	1.0447
722880.5	7460855.375	1.067
722834.85	7460892.45	1.0562
722952.95	7460873.7	1.0201
722907.7	7460896.9	1.0054
722823.5	7462885.55	0.8927
722014	7463335	0.8741
721951	7463448	0.921
721921.45	7463281.575	0.9165
721879.4	7463398.15	1.0314
722754	7463017.1	0.8578
722558.5	7463067.05	0.8356
722684.65	7462925	0.9102
722498.075	7462978.75	0.9093
722077	7463222	0.8692
722363	7463117	0.8307
721963.5	7463165	0.9224
722311.5	7463032.5	0.9019
722220	7463169.5	0.8443
722137.5	7463098.75	0.9074
721807.8	7463348.3	1.1
721828.9	7463228.15	0.9587
721744.05	7463374.1	1.2082
721711.9383	7463262.645	0.9679
721680.3	7463399.9	1.1
721594.9765	7463297.14	0.9407
721489.237	7463425.87	0.8561
721426.8175	7463325.048	0.8871
721298.174	7463451.84	0.8084
721168.237	7463517.27	0.7959
721258.6585	7463352.955	0.8467
721038.3	7463582.7	0.7829
721095.9043	7463419.403	0.8251
720933.15	7463485.85	0.8109
723048.95	7460374.05	1.7758
723060.7	7460337.6	1.6368
722950.65	7460351.25	1.2921
722981.35	7460296	1.212
723038.1	7460506.4	2.5861
723037.2	7460410.5	1.8882
723103	7460563.1	2.5201
723037.65	7460458.45	2.2374
722919.95	7460406.5	1.3746
723028.95	7460621.65	2.1882
723070.55	7460534.75	2.7594
722923.55	7460545.2	2.1587
722921.75	7460475.85	1.7572
722976.25	7460583.425	2.4784
722954.9	7460680.2	1.7217
722881.95	7460632.1	1.9835
722904.5	7460733.15	1.4579
722826.5	7460702.325	1.6959
722854.1	7460786.1	1.3029
722771.05	7460772.55	1.3933
722808.05	7460837.05	1.2346
722762	7460888	1.0846
722723.275	7460835.025	1.1591
722675.5	7460897.5	1.0429
722754.15	7462793.45	0.9366
722893	7462754	0.9236
722722.25	7462687.55	0.9739
722870.35	7462642.65	0.9578
722615.3	7462832.9	0.9631
722437.65	7462890.45	0.9777
722574.15	7462732.45	1.0183
722380.575	7462794.225	1.0572
721850	7463108	0.9617
722260	7462948	0.9823
722187	7462856	1.0834
722055	7463028	0.97
721679.8265	7463151.19	0.9553
721734	7463003	1.0031
721960.5	7462929.5	1.0399
721509.653	7463194.38	0.9526
721364.398	7463224.225	0.9144
721563.8265	7463046.19	0.9748
721376.0055	7463085.64	0.9561
721219.143	7463254.07	0.8822
721023.5715	7463321.535	0.8582
720828	7463389	0.7927
721188.1845	7463125.09	0.9286
720991.0923	7463189.295	0.8886
720794	7463253.5	0.8212
722690.35	7462581.65	1.0228
722847.7	7462531.3	0.9896
722644.675	7462457.825	1.0749
722782.35	7462417.65	1.0298
722599	7462334	1.1281
722717	7462304	1.056
722603.1405	7462196.14	1.1626
722852.35	7460328.45	1.2561
722902	7460254.4	1.0969
722706	7460286.65	1.3431
722759.65	7460206.55	1.0853
722559.65	7460244.85	1.4341
722617.3	7460158.7	1.1279
722380.3	7460134.375	1.3826
722466.1	7460035.25	1.1164
722802.7	7460402.5	1.4051
722652.35	7460366.75	1.6121
722805.85	7460493.25	1.6585
722634.425	7460467.125	1.7752
722809	7460584	1.9034
722748.5	7460671.5	1.7643
722616.5	7460567.5	1.7627
722565.425	7460658.85	1.5571
722688	7460759	1.3548
722638.5	7460833	1.1547
722514.35	7460750.2	1.229
722589	7460907	1.0185
722492.725	7460832.45	1.0877
722471.1	7460914.7	1.012
722533	7462632	1.0728
722323.5	7462698	1.1321
722507	7462498	1.135
722283.25	7462568.5	1.22
722114	7462764	1.1652
721866	7462831	1.11
722059.5	7462639	1.2669
721816	7462699	1.2118
721618	7462898	1.0278
721387.613	7462947.055	0.9999
721572.5	7462759	1.1216
721340.8815	7462809.993	1.0738
721157.226	7462996.11	0.9736
720958.613	7463057.055	0.932
721109.263	7462860.985	1.0292
720760	7463118	0.8819
720886.8815	7462928.743	0.9897
720664.5	7462996.5	0.9414
722481	7462364	1.1967
722243	7462439	1.3151
722485.1405	7462226.14	1.24
722229.8203	7462296.07	1.39
722489.281	7462088.28	1.1828
722216.6405	7462153.14	1.4412
722210.1155	7462009.923	1.436
722486.6405	7461947.14	1.067
722203.5905	7461866.705	1.4067
722484	7461806	0.9968
722206.9348	7461712.268	1.3434
722500	7461642	0.9541
722200.95	7460023.9	1.3885
722314.9	7459911.8	1.0506
721847.039	7459701.43	1.2879
722051	7459518	0.9669
722023.9945	7459862.665	1.3854
722182.95	7459714.9	0.9737
721835.5	7459419.5	1.0022
722502	7460331	1.7601
722463	7460441	1.8226
722294.5	7460233.5	1.7984
722229.9248	7460366.015	2.0086
722087	7460136	1.8862
721996.8495	7460291.03	2.0828
721865.039	7460010.43	1.83
721801.9688	7460201.38	2.0564
722210.279	7461557.83	1.2824
722516	7461478	0.9483
722209.7538	7461412.195	1.2718
722532	7461330	0.9615
722209.2285	7461266.56	1.3144
722548	7461182	0.9388
722141.061	7461134.465	1.4707
722450.6	7461052.2	1.0105
722424	7460551	1.67
722382.35	7460646.2	1.5031
722165.3495	7460498.53	1.8719
722112.7493	7460629.325	1.7575
722340.7	7460741.4	1.341
722353.2	7460922.4	1.1534
722072.8935	7461002.37	1.6091
722346.95	7460831.9	1.2245
722060.149	7460760.12	1.7165
722066.5213	7460881.245	1.6473
722005	7462514	1.3673
721766	7462567	1.3209
721974.5	7462366	1.4599
721733.685	7462421.923	1.4298
721527	7462620	1.2382
721294.15	7462672.93	1.1704
721492.87	7462477.845	1.3659
721236.253	7462535.278	1.2901
721061.3	7462725.86	1.1024
720815.15	7462800.43	1.0461
720979.636	7462592.71	1.2001
720569	7462875	0.9901
720729.318	7462657.105	1.1179
720479	7462721.5	0.9758
719466.5	7462746	0.9639
719617.1075	7462701.355	0.9582
719693	7462816	0.9128
719757.5538	7462663.178	0.9704
719832	7462774	0.926
719898	7462625	1.0035
719971	7462732	0.9355
720002.25	7462568	0.9469
720043.5	7462650	0.9354
720106.5	7462511	0.9488
720116	7462568	0.9394
721944	7462218	1.5362
721701.37	7462276.845	1.5228
721933.5905	7462072.705	1.5997
721668.7625	7462137.76	1.5963
721923.181	7461927.41	1.6395
721636.155	7461998.675	1.6569
721913.8695	7461782.535	1.6598
721617.8845	7461854.093	1.6956
721631.539	7459602.93	1.364
721620	7459321	1.0089
721384.522	7459623.133	1.5594
721354.5	7459357.5	1.0548
721904.558	7461637.66	1.6704
721599.614	7461709.51	1.7155
721887.5075	7461494.39	1.6819
721581.4808	7461563.738	1.7445
721643.078	7459884.86	1.7702
721607.088	7460111.73	1.9788
721414.544	7459888.765	1.864
721383.5908	7460116.518	1.956
721906.699	7460446.06	1.97
721571.098	7460338.6	1.9875
721843.1485	7460612.45	1.9029
721738.8985	7460392.33	1.98
721414.3245	7460558.775	1.9472
721352.6375	7460344.27	1.9678
721628.7365	7460585.613	1.9185
721870.457	7461351.12	1.6958
721563.3475	7461417.965	1.769
721831.522	7461216.73	1.7638
721537.1203	7461270.013	1.7948
721792.587	7461082.34	1.82
721779.598	7460778.84	1.8708
721510.893	7461122.06	1.8257
721786.0925	7460930.59	1.8491
721518.5745	7460778.895	1.9075
721514.7338	7460950.478	1.869
721458.74	7462335.69	1.4874
721178.356	7462397.625	1.4279
721403.9345	7462202.815	1.5909
721122.4603	7462261.048	1.5585
719390.6075	7462631.355	0.9865
719240	7462676	0.9356
719294.8038	7462547.678	1.0208
719117	7462610.5	0.9162
720897.972	7462459.56	1.3223
720643.486	7462513.78	1.1835
720840.986	7462319.28	1.4601
720389	7462568	1.0339
720532.493	7462380.64	1.2397
720224	7462442	1.003
719541.215	7462586.71	1.0393
719683.1075	7462552.355	1.0501
719472.6075	7462484.855	1.0895
719627.1105	7462442.65	1.1242
719825	7462518	1.04
719961	7462486	0.9741
719781.6135	7462400.445	1.0987
720097	7462454	0.9668
719929.8068	7462392.723	1.0192
720078	7462385	1.0015
721137.505	7459643.335	1.6577
721089	7459394	1.1223
720921.075	7459714.548	1.8644
720871.5	7459487.5	1.2434
720704.645	7459785.76	1.9898
720654	7459581	1.4712
720551.5335	7459772.575	1.9591
720540.5	7459529	1.284
721349.129	7462069.94	1.6774
721066.5645	7462124.47	1.6753
721321.8995	7461925.65	1.7419
721039.6998	7461982.325	1.7723
721294.67	7461781.36	1.7849
721012.835	7461840.18	1.8416
721275.454	7461633.085	1.8133
720991.424	7461685.965	1.8828
721186.01	7459892.67	2.0478
721160.0935	7460121.305	2.0147
720970.65	7459941.595	2.1701
720950.2097	7460172.095	2.054
721256.238	7461484.81	1.8139
720970.013	7461531.75	1.8752
721242.7185	7461323.295	1.7935
720961.1115	7461366.045	1.8396
721134.177	7460349.94	1.9428
720929.7695	7460402.595	1.9293
721195.864	7460564.445	1.9048
720953.397	7460613.168	1.8508
721257.551	7460778.95	1.8777
721229.199	7461161.78	1.7916
720952.21	7461200.34	1.8064
721243.375	7460970.365	1.8228
720977.0245	7460823.74	1.7963
720964.6173	7461012.04	1.7828
718838	7462471.5	0.9273
718994	7462545	0.9262
719199	7462464	1.0314
718982.2075	7462388.395	1.0356
719164.1038	7462323.948	1.1294
720784	7462179	1.5884
720421.5	7462247.5	1.3162
720757.5	7462039	1.706
720421	7462094	1.5496
719404	7462383	1.1491
719571.1135	7462332.945	1.202
719346	7462259.5	1.2324
719521.3068	7462206.723	1.3118
720059	7462316	1.0419
719738.227	7462282.89	1.1869
720084.5	7462149	1.3011
719898.6135	7462299.445	1.0969
719696.6135	7462153.945	1.3481
719890.5568	7462151.473	1.2848
720398.422	7459759.39	1.9429
720427	7459477	1.0694
720250.9238	7459767.615	1.961
720323	7459515.5	1.3052
720755.29	7459990.52	2.1666
720740.326	7460222.885	2.0452
720562.567	7460016.15	2.1605
720531.3065	7460245.395	2.0844
720369.844	7460041.78	2.2132
720322.287	7460267.905	2.1449
720178.8475	7460019.73	2.2178
720132.58	7460238.248	2.1711
720731	7461899	1.8104
720420.5	7461940.5	1.7746
720707.394	7461738.845	1.9196
720414.5775	7461775.21	1.9738
720683.788	7461578.69	1.9528
720408.655	7461609.92	2.0776
720679.5045	7461408.795	1.935
720402.4833	7461437.105	2.0932
720725.362	7460455.25	1.956
720710.93	7460661.89	1.9105
720500.046	7460474.64	2.0276
720465.9473	7460681.55	2.0081
720675.221	7461238.9	1.9171
720696.498	7460868.53	1.8962
720396.3115	7461264.29	2.0666
720685.8595	7461053.715	1.9015
720431.8485	7460888.46	2.0334
720414.08	7461076.375	2.0458
718826.2075	7462314.895	1.0006
718682	7462398	0.9312
718749.2168	7462167.473	1.0676
718592	7462239.5	0.9747
718970.415	7462231.79	1.1235
719129.2075	7462183.895	1.2155
718906.4335	7462095.445	1.1737
719071.3283	7462054.475	1.2719
720103.4255	7459775.84	2.0336
720219	7459554	1.4321
719746.5675	7459651.835	1.6943
719947	7459410	1.3058
719924.9965	7459713.838	1.8724
720083	7459482	1.3507
719717	7459399	1.2398
719288	7462136	1.3088
719655	7462025	1.5052
720110	7461982	1.6567
719471.5	7462080.5	1.4154
720121.761	7461811.575	1.8865
719882.5	7462003.5	1.5252
719236.223	7462013.505	1.3665
719629.593	7461852.82	1.6409
719432.908	7461933.163	1.5147
719875.677	7461832.198	1.7165
719987.851	7459997.68	2.1775
719942.873	7460208.59	2.1458
719766.993	7459945.675	2.0701
719722.4368	7460172.708	2.1126
720274.73	7460494.03	2.1128
719897.895	7460419.5	2.0785
720220.9645	7460701.21	2.0833
720086.3125	7460456.765	2.1106
719756.3915	7460639.585	1.9639
719677.8805	7460399.74	2.0521
719988.678	7460670.398	2.0208
720133.522	7461641.15	2.0005
720125.462	7461465.415	2.0613
719868.854	7461660.895	1.787
719862.7005	7461474.7	1.8658
720117.402	7461289.68	2.093
720167.199	7460908.39	2.104
719856.547	7461288.505	1.9306
720142.3005	7461099.035	2.1089
719891.0435	7460884.03	1.9915
719873.7953	7461086.268	2.001
719394.316	7461785.825	1.5832
718672.226	7462020.05	1.0913
718502	7462081	0.9984
718618.363	7461854.025	1.0951
718564.5	7461688	1.043
718474.5	7461925.5	1.001
718447	7461770	0.9675
718842.452	7461959.1	1.1974
719184.446	7461891.01	1.3969
719013.449	7461925.055	1.2906
718762.226	7461782.55	1.1802
719137.3385	7461733.03	1.4181
718949.7823	7461757.79	1.2951
719516.5675	7459640.835	1.6278
719487	7459388	1.2685
719262.733	7459674.385	1.5418
719227.5	7459438	1.1843
719008.8985	7459707.935	1.4481
718968	7459488	1.1633
718765.506	7459710.513	1.3765
718722.0036	7459486.645	1.1011
718522.1136	7459713.09	1.3875
718476.0072	7459485.29	1.1495
718287.3365	7459705.998	1.3759
718227.4301	7459484.6	1.1369
718052.5595	7459698.905	1.3208
717978.853	7459483.91	1.096
717851.6223	7459720.733	1.2839
717788.491	7459521.325	1.0853
717135.4148	7459777.623	0.9676
717160.4037	7459641.225	0.9487
716975.2402	7459785.781	0.973
717025.6015	7459656.999	0.9548
717295.5895	7459769.465	1.0017
717650.685	7459742.56	1.199
717295.206	7459625.45	0.9569
717598.129	7459558.74	1.0404
717473.1373	7459756.013	1.0844
717446.6675	7459592.095	0.9912
719546.135	7459893.67	1.9684
719502.0005	7460136.825	2.0563
719297.966	7459910.77	1.844
719276.9423	7460154.705	1.9677
719604.186	7461680.64	1.7068
719599.939	7461483.985	1.7932
719347.2085	7461627.845	1.6264
719342.8325	7461449.518	1.7262
719457.866	7460379.98	2.0021
719255.9185	7460398.64	1.9253
719536.377	7460619.825	1.9111
719297.2355	7460632.008	1.8483
719614.888	7460859.67	1.9174
719595.692	7461287.33	1.8911
719338.4565	7461271.19	1.8265
719605.29	7461073.5	1.9478
719338.5525	7460865.375	1.8552
719338.5045	7461068.283	1.8741
719090.231	7461575.05	1.4453
718682	7461606	1.083
718886.1155	7461590.525	1.2482
719085.726	7461415.05	1.5575
718853.863	7461433.775	1.3015
718622	7461452.5	1.0885
719049.797	7459927.87	1.7202
719051.884	7460172.585	1.8724
718809.0085	7459934.38	1.6403
718820.669	7460168.793	1.7975
718568.22	7459940.89	1.656
718347.243	7459927.395	1.6283
718589.454	7460165	1.812
718376.202	7460141.823	1.7906
718126.266	7459913.9	1.6
717914.7535	7459920.14	1.5269
718162.95	7460118.645	1.814
717973.2665	7460112.645	1.7356
717110.4259	7459914.021	1.003
716924.8789	7459914.563	0.9845
717076.3388	7460053.003	1.052
716891.3047	7460054.641	1.0065
717783.583	7460106.645	1.6555
717703.241	7459926.38	1.4208
717295.973	7459913.48	1.0808
717499.607	7459919.93	1.242
717261.373	7460051.365	1.1703
717610.1795	7460083.745	1.5449
717435.7763	7460067.555	1.3812
719053.971	7460417.3	1.8593
719081.221	7461255.05	1.6742
719062.217	7460871.08	1.7726
719058.094	7460644.19	1.7949
718821.6105	7461277.025	1.4401
719071.719	7461063.065	1.7544
718832.3295	7460403.205	1.8319
718821.18	7460859.895	1.7223
718826.7548	7460631.55	1.7925
718821.3953	7461068.46	1.6232
718562	7461299	1.2233
718571.0715	7461073.855	1.5054
718389.5	7461304	1.1673
718610.688	7460389.11	1.8454
718405.161	7460356.25	1.8497
718595.4155	7460618.91	1.803
718393.5283	7460566.92	1.8238
718199.634	7460323.39	1.8633
718031.7795	7460305.15	1.8379
718191.641	7460514.93	1.8361
718021.1345	7460473.73	1.8356
717042.2517	7460191.985	1.1267
716857.7304	7460194.72	1.0494
717034.3929	7460331.561	1.0769
716861.0879	7460337.058	1.0255
717863.925	7460286.91	1.7938
717850.628	7460432.53	1.8103
717690.5215	7460264.01	1.752
717682.807	7460401.748	1.7693
717226.773	7460189.25	1.2566
717517.118	7460241.11	1.6533
717371.9455	7460215.18	1.4787
717207.698	7460326.065	1.2094
717514.986	7460370.965	1.6721
717361.342	7460348.515	1.4618
718580.143	7460848.71	1.6857
718381.8955	7460777.59	1.7412
718398.5715	7461078.855	1.4184
718264.2438	7460961.24	1.5318
718217	7461309	1.1456
718146.592	7461144.89	1.3148
718064.717	7461222.723	1.242
718133	7461368	1.101
718183.648	7460706.47	1.7752
718010.4895	7460642.31	1.7918
718129.916	7460843.625	1.662
717970.6738	7460774	1.7249
717837.331	7460578.15	1.7889
717675.0925	7460539.485	1.7316
717811.4315	7460704.375	1.7566
717656.9085	7460661.358	1.7017
717026.5341	7460471.138	1.0223
716864.4453	7460479.395	1.007
717041.7167	7460591.981	1.0084
716889.3985	7460606.152	1.0166
717188.623	7460462.88	1.1227
717512.854	7460500.82	1.6104
717350.7385	7460481.85	1.3634
717194.035	7460577.81	1.1028
717502.3855	7460618.34	1.5712
717348.2103	7460598.075	1.3518
717982.842	7461300.555	1.1676
718049	7461427	1.0545
717913.6398	7461334.485	1.1309
717981.5	7461444	1.0387
718076.184	7460980.78	1.5158
717996.434	7461077.445	1.4217
717930.858	7460905.69	1.6293
717871.6158	7461001.025	1.5441
717916.684	7461174.11	1.3167
717845.7795	7461224.97	1.2529
717812.3735	7461096.36	1.4318
717760.2285	7461153.598	1.3509
717785.532	7460830.6	1.7182
717746.7975	7460924.605	1.67
717638.7245	7460783.23	1.7153
717611.8695	7460879.73	1.6774
717056.8993	7460712.824	1.0315
716914.3517	7460732.908	1.0283
717077.4314	7460807.937	1.0252
716943.6363	7460821.449	1.0254
717491.917	7460735.86	1.5902
717199.447	7460692.74	1.1534
717476.9415	7460834.855	1.5986
717211.2265	7460794.425	1.2353
717345.682	7460714.3	1.428
717344.084	7460814.64	1.4759
717844.4375	7461368.415	1.0847
717914	7461461	1.0199
717770.7583	7461374.048	1.0572
717842.5	7461456.5	1.0082
717774.875	7461275.83	1.1759
717708.063	7461018.61	1.5512
717641.292	7461145.84	1.3365
717699.0165	7461291.595	1.1265
717708.0835	7461210.835	1.2541
717550.8065	7461135.505	1.3068
717674.6775	7461082.225	1.4521
717585.0145	7460976.23	1.5684
717624.9115	7461213.55	1.22
717567.9105	7461055.868	1.447
717097.9635	7460903.05	0.9904
716972.921	7460909.99	0.9964
717115.962	7460978.75	0.9737
717002.0675	7460983.665	0.9714
717461.966	7460933.85	1.5474
717223.006	7460896.11	1.2463
717461.1435	7461029.51	1.4358
717342.486	7460914.98	1.4465
717229.8565	7460973.835	1.2124
717345.5	7461001.673	1.3685
717697.079	7461379.68	1.0117
717771	7461452	0.9851
717624.4013	7461388.215	0.9858
717689	7461452	0.9524
717551.7235	7461396.75	0.9552
717607	7461452	0.9326
717485.1828	7461418.068	0.9316
717418.642	7461439.385	0.9311
717537.5	7461460.5	0.9227
717468	7461469	0.9239
717623.158	7461307.36	1.0737
717541.7395	7461216.265	1.174
717559.8025	7461324.43	1.0287
717490.2668	7461254.218	1.0934
717133.9605	7461054.45	0.9452
717031.214	7461057.34	0.9471
717154.5275	7461119.745	0.9435
717069.8465	7461126.575	0.9286
717460.321	7461125.17	1.282
717236.707	7461051.56	1.1596
717420.731	7461184.005	1.1953
717348.514	7461088.365	1.2754
717239.2085	7461112.915	1.1019
717329.9697	7461148.46	1.2292
717175.0945	7461185.04	0.9291
717108.479	7461195.81	0.9217
717200.7473	7461251.52	1.0923
717157.3895	7461257.805	0.9961
717496.447	7461341.5	0.9915
717438.794	7461292.17	1.0225
717432.8655	7461375.635	0.9477
717369.284	7461409.77	0.9583
717382.018	7461332.478	0.9729
717325.242	7461372.785	1.0592
717381.141	7461242.84	1.1988
717241.71	7461174.27	1.2108
717331.1705	7461289.32	1.1999
717311.4255	7461208.555	1.2219
717244.105	7461245.235	1.2194
717287.6378	7461267.278	1.2235
717226.4	7461318	1.2202
717206.3	7461319.8	1.1972
717246.5	7461316.2	1.2263
717281.2	7461335.8	1.2225
717263.85	7461326	1.2268
717225.775	7461346.975	1.2209
717211.35	7461345.9	1.214
717240.2	7461348.05	1.223
717252.475	7461354.8	1.223
717264.75	7461361.55	1.2194
717225.15	7461375.95	1.2212
717216.4	7461372	1.2203
717233.9	7461379.9	1.2204
717241.1	7461383.6	1.2195
717248.3	7461387.3	1.2158
717202.402	7461413.225	1.223
717193.55	7461409.95	1.2207
717211.254	7461416.5	1.2246
717218.302	7461420.675	1.2249
717225.35	7461424.85	1.2233
717179.654	7461450.5	1.2134
717170.7	7461447.9	1.2181
717188.608	7461453.1	1.2088
717195.504	7461457.75	1.2034
717202.4	7461462.4	1.1975
717156.527	7461488.975	1.246
717147.8	7461485	1.2495
717165.254	7461492.95	1.2405
717172.752	7461498.525	1.2365
717180.25	7461504.1	1.2303
717133.4	7461527.45	1.2925
717124.9	7461522.1	1.2914
717141.9	7461532.8	1.2923
717150	7461539.3	1.2902
717158.1	7461545.8	1.2852
717114.75	7461553.85	1.3096
717107.55	7461548.15	1.3072
717121.95	7461559.55	1.3118
717128.175	7461566.475	1.3132
717134.4	7461573.4	1.3136
717096.1	7461580.25	1.3181
717090.2	7461574.2	1.3164
717102	7461586.3	1.3191
717106.35	7461593.65	1.3195
717110.7	7461601	1.3191
717070.375	7461591.675	1.3186
717065.75	7461585.25	1.3176
717075	7461598.1	1.3193
717078.25	7461605.075	1.3198
717081.5	7461612.05	1.3201
717044.65	7461603.1	1.3178
717041.3	7461596.3	1.3171
717048	7461609.9	1.3183
717050.15	7461616.5	1.3184
717052.3	7461623.1	1.3184
717000.225	7461602.425	1.3145
716998.65	7461594.7	1.3131
717001.8	7461610.15	1.3157
717002.975	7461617.825	1.3163
717004.15	7461625.5	1.3158
716955.8	7461601.75	1.309
716956	7461593.1	1.3073
716955.6	7461610.4	1.3101
716955.8	7461619.15	1.3105
716956	7461627.9	1.3103
716904.45	7461598.875	1.2929
716904.7	7461589.95	1.2901
716904.2	7461607.8	1.2955
716904.45	7461617.05	1.2976
716904.7	7461626.3	1.2976
716853.1	7461596	1.2519
716853.4	7461586.8	1.2522
716852.8	7461605.2	1.2514
716853.1	7461614.95	1.2519
716853.4	7461624.7	1.2539
716813.175	7461593.7	1.2263
716813.95	7461585.25	1.2276
716812.4	7461602.15	1.2249
716811.975	7461611.45	1.2245
716811.55	7461620.75	1.2267
716773.25	7461591.4	1.2203
716774.5	7461583.7	1.2209
716772	7461599.1	1.2207
716770.85	7461607.95	1.2217
716769.7	7461616.8	1.2231
716750.025	7461576.2	1.2206
716753.2	7461570.25	1.2207
716746.85	7461582.15	1.2205
716742.5	7461589.225	1.2208
716738.15	7461596.3	1.2216
716726.8	7461561	1.2237
716731.9	7461556.8	1.2229
716721.7	7461565.2	1.2245
716714.15	7461570.5	1.2264
716706.6	7461575.8	1.2284
716710.975	7461529.7	1.2303
716717.65	7461526.8	1.2281
716704.3	7461532.6	1.2329
716696.775	7461536.025	1.2358
716689.25	7461539.45	1.2385
716695.15	7461498.4	1.2347
716703.4	7461496.8	1.2317
716686.9	7461500	1.2375
716679.4	7461501.55	1.2399
716671.9	7461503.1	1.2416
716685.25	7461463.625	1.2287
716693.15	7461462.85	1.2268
716677.35	7461464.4	1.2307
716669.875	7461466	1.2329
716662.4	7461467.6	1.2352
716675.35	7461428.85	1.2238
716682.9	7461428.9	1.2222
716667.8	7461428.8	1.2253
716660.35	7461430.45	1.2272
716652.9	7461432.1	1.2291
716659.0025	7461374.19	1.2193
716667.1	7461372.9	1.2182
716650.905	7461375.48	1.2201
716643.2275	7461377.74	1.2208
716635.55	7461380	1.2218
716642.655	7461319.53	1.2197
716651.3	7461316.9	1.2186
716634.01	7461322.16	1.2201
716626.105	7461325.03	1.2203
716618.2	7461327.9	1.2207
716626.6205	7461267.06	1.2201
716634.4826	7461263.677	1.2199
716618.7583	7461270.443	1.2202
716611.1542	7461273.471	1.2202
716603.55	7461276.5	1.2202
716610.5859	7461214.589	1.22
716617.6651	7461210.453	1.2197
716603.5067	7461218.725	1.2202
716596.2033	7461221.913	1.2202
716588.9	7461225.1	1.2202
716564.318	7461144.995	1.2202
716571.8826	7461139.927	1.2196
716556.7533	7461150.063	1.2204
716548.3267	7461153.056	1.2205
716539.9	7461156.05	1.2206
716518.05	7461075.4	1.2195
716526.1	7461069.4	1.2179
716510	7461081.4	1.22
716500.45	7461084.2	1.22
716490.9	7461087	1.2201
716441.25	7460986.9	1.2196
716448.2	7460980.2	1.2187
716434.3	7460993.6	1.22
716425.325	7460997.725	1.2202
716416.35	7461001.85	1.2204
716364.45	7460898.4	1.2197
716370.3	7460891	1.2191
716358.6	7460905.8	1.22
716350.2	7460911.25	1.2203
716341.8	7460916.7	1.2205
716321.8	7460837.713	1.2193
716328.85	7460832	1.2186
716314.75	7460843.425	1.2197
716306.425	7460848.163	1.22
716298.1	7460852.9	1.2201
716279.15	7460777.025	1.2199
716287.4	7460773	1.2196
716270.9	7460781.05	1.22
716262.65	7460785.075	1.22
716254.4	7460789.1	1.2201
716266.2294	7460703.929	1.2193
716275.0118	7460701.164	1.2186
716257.447	7460706.693	1.2197
716248.292	7460709.834	1.22
716239.137	7460712.974	1.22
716253.3088	7460630.833	1.2187
716262.6235	7460629.329	1.218
716243.994	7460632.337	1.2193
716233.934	7460634.593	1.2197
716223.8741	7460636.849	1.22
716236.2294	7460522.554	1.2194
716246.0118	7460520.364	1.2184
716226.447	7460524.743	1.22
716216.842	7460526.109	1.2202
716207.237	7460527.474	1.2204
716219.15	7460414.275	1.22
716229.4	7460411.4	1.2192
716208.9	7460417.15	1.2201
716199.75	7460417.625	1.2201
716190.6	7460418.1	1.2201
716191.05	7460364.638	1.2202
716201.05	7460360.2	1.2202
716181.05	7460369.075	1.2201
716172.225	7460372.313	1.2201
716163.4	7460375.55	1.2201
716162.95	7460315	1.2201
716172.7	7460309	1.2201
716153.2	7460321	1.2202
716144.7	7460327	1.2201
716136.2	7460333	1.22
716094.425	7460240.05	1.2201
716103.2	7460233.25	1.2195
716085.65	7460246.85	1.2203
716077.4	7460252.25	1.2203
716069.15	7460257.65	1.2202
716025.9	7460165.1	1.2208
716033.7	7460157.5	1.2199
716018.1	7460172.7	1.2211
716010.1	7460177.5	1.2212
716002.1	7460182.3	1.2211
715961.4	7460090.825	1.195
715966.9	7460080.6	1.1889
715955.9	7460101.05	1.1997
715950.7	7460109.85	1.2025
715945.5	7460118.65	1.2042
715896.9	7460016.55	1.0974
715900.1	7460003.7	1.0896
715893.7	7460029.4	1.105
715891.3	7460042.2	1.1128
715888.9	7460055	1.1202
715846.8375	7459981.7	1.0375
715849.2	7459970.4	1.0311
715844.475	7459993	1.0438
715842.5125	7460004.275	1.0503
715840.55	7460015.55	1.0566
715796.775	7459946.85	0.9771
715798.3	7459937.1	0.9719
715795.25	7459956.6	0.9825
715793.725	7459966.35	0.9879
715792.2	7459976.1	0.9933
715698.975	7459928.65	0.8907
715700.7	7459919.95	0.8866
715697.25	7459937.35	0.8946
715695.525	7459946.05	0.8985
715693.8	7459954.75	0.9025
715601.175	7459910.45	0.8017
715603.1	7459902.8	0.7985
715599.25	7459918.1	0.8049
715597.325	7459925.75	0.8081
715595.4	7459933.4	0.8113
715552.9875	7459881.95	0.7461
715558.6	7459874.35	0.7459
715547.375	7459889.55	0.7464
715542.8625	7459896.025	0.7469
715538.35	7459902.5	0.7475
715504.8	7459853.45	0.6909
715514.1	7459845.9	0.6938
715495.5	7459861	0.6884
715488.4	7459866.3	0.6863
715481.3	7459871.6	0.6843
715427.825	7459800.675	0.5993
715435.25	7459793.9	0.6011
715420.4	7459807.45	0.5978
715413.9	7459813.65	0.5969
715407.4	7459819.85	0.5964
715350.85	7459747.9	0.5116
715356.4	7459741.9	0.5123
715345.3	7459753.9	0.5114
715339.4	7459761	0.5124
715333.5	7459768.1	0.5149
715270.75	7459691.75	0.4992
715276.2	7459685	0.4991
715265.3	7459698.5	0.4993
715258.9	7459704.975	0.4997
715252.5	7459711.45	0.5004
715190.65	7459635.6	0.4999
715196	7459628.1	0.4999
715185.3	7459643.1	0.4999
715178.4	7459648.95	0.4999
715171.5	7459654.8	0.5001
715147.775	7459601.8	0.4998
715153.45	7459594.05	0.4998
715142.1	7459609.55	0.4998
715134.35	7459615.675	0.5
715126.6	7459621.8	0.5002
715104.9	7459568	0.4998
715110.9	7459560	0.4998
715098.9	7459576	0.4999
715090.3	7459582.4	0.5
715081.7	7459588.8	0.5002
715081.8377	7459523.488	0.5
715089.7355	7459518.994	0.5
715073.9398	7459527.982	0.5
715064.4949	7459531.041	0.5
715055.05	7459534.1	0.5
715058.7753	7459478.976	0.5
715068.5711	7459477.987	0.5
715048.9795	7459479.964	0.5
715038.6898	7459479.682	0.5
715028.4	7459479.4	0.5
715056.0815	7459447.961	0.5
715064.8977	7459447.838	0.5
715047.2653	7459448.085	0.5
715037.4826	7459446.542	0.5
715027.7	7459445	0.5
715053.3876	7459416.947	0.5
715061.2243	7459417.688	0.5001
715045.551	7459416.206	0.5
715036.2755	7459413.403	0.4999
715027	7459410.6	0.4999
715059.0188	7459349.549	0.5
715067.6121	7459349.744	0.5
715050.4255	7459349.353	0.5
715041.5128	7459348.051	0.4999
715032.6	7459346.75	0.4999
715064.65	7459282.15	0.5
715074	7459281.8	0.5
715055.3	7459282.5	0.5
715046.75	7459282.7	0.5
715038.2	7459282.9	0.5
715065.2375	7459210.975	0.5
715074.1	7459209.75	0.5001
715056.375	7459212.2	0.5
715047.9125	7459213.35	0.5
715039.45	7459214.5	0.5
715065.825	7459139.8	0.5001
715074.2	7459137.7	0.5001
715057.45	7459141.9	0.5001
715049.075	7459144	0.5
715040.7	7459146.1	0.5
715053.3118	7459113.357	0.5
715062.0299	7459111.566	0.5
715044.5938	7459115.149	0.5
715035.2969	7459116.999	0.5
715026	7459118.85	0.5
715040.7986	7459086.915	0.5
715049.8597	7459085.432	0.5
715031.7375	7459088.397	0.5
715011.3	7459091.6	0.5
715021.5188	7459089.999	0.5
715034.4207	7459055.342	0.5
715043.0027	7459053.553	0.5
714991.7673	7459042.983	0.5
714990.7383	7459064.667	0.5
714992.7963	7459021.299	0.5
715008.3817	7459059.645	0.5
715025.8387	7459057.131	0.5
715017.1102	7459058.388	0.5
714975.1529	7459026.32	0.5
714970.1766	7459037.733	0.5
714980.1293	7459014.907	0.5
715028.0428	7459023.768	0.5
715036.1456	7459021.673	0.5
715019.9399	7459025.864	0.5
715005.4633	7459027.69	0.5
715012.7016	7459026.777	0.5
714951.176	7459001.897	0.5
714945.2949	7459014.451	0.5
714957.0572	7458989.342	0.5
715027.4412	7458978.874	0.5
715034.9212	7458976.98	0.5
715019.9613	7458980.769	0.5
715012.9365	7458981.327	0.5
715005.9117	7458981.885	0.5
714927.1992	7458977.473	0.5
714920.4133	7458991.168	0.5
714933.9851	7458963.777	0.5
715026.8396	7458933.98	0.5
715033.6967	7458932.288	0.5
715019.9826	7458935.673	0.5
715013.1713	7458935.877	0.5
715006.36	7458936.08	0.5
714901.8651	7458959.44	0.5
714896.8888	7458973.821	0.5
714906.8414	7458945.06	0.5
715024.1688	7458882.919	0.5
715030.9034	7458881.826	0.5
715017.4343	7458884.013	0.5
715010.1371	7458884.766	0.5
715002.84	7458885.52	0.5
714876.531	7458941.408	0.5
714873.3643	7458956.473	0.5
714879.6978	7458926.343	0.5
715021.498	7458831.858	0.5
715028.1102	7458831.364	0.5
715014.8859	7458832.352	0.5
715007.1029	7458833.656	0.5
714999.32	7458834.96	0.5
714848.4826	7458946.886	0.5
714853.9113	7458919.039	0.5
714825.8629	7458924.517	0.5
714828.1249	7458911.734	0.5
714823.6009	7458937.299	0.5
714851.197	7458932.962	0.5
715017.6773	7458781.159	0.5
715024.3871	7458780.626	0.5
715010.9676	7458781.691	0.5
715003.3838	7458783.046	0.5
714995.8	7458784.4	0.5
715013.8566	7458730.459	0.5
715020.6639	7458729.889	0.5
715007.0493	7458731.03	0.5
714999.6646	7458732.435	0.5
714992.28	7458733.84	0.5
715010.1583	7458680.131	0.5
715016.7456	7458679.475	0.5
715003.5711	7458680.787	0.5
714996.1655	7458682.034	0.5
714988.76	7458683.28	0.5
715006.4601	7458629.802	0.5
715012.8273	7458629.061	0.5
715000.0928	7458630.544	0.5
714992.6664	7458631.632	0.5
714985.24	7458632.72	0.5
715000.6373	7458579.354	0.5
715006.9137	7458578.731	0.5
714994.3609	7458579.977	0.5
714988.0404	7458581.068	0.5
714981.72	7458582.16	0.5
714994.8144	7458528.905	0.5
715001	7458528.4	0.5
714988.6289	7458529.41	0.5
714983.4144	7458530.505	0.5
714978.2	7458531.6	0.5
714980.3822	7458481.052	0.5
714986.4	7458479.35	0.5
714974.3644	7458482.755	0.5
714968.8322	7458484.752	0.5
714963.3	7458486.75	0.5
714965.95	7458433.2	0.5
714971.8	7458430.3	0.5
714960.1	7458436.1	0.5
714954.25	7458439	0.5
714948.4	7458441.9	0.5
714921.6375	7458387.925	0.5
714927	7458383.55	0.5
714916.275	7458392.3	0.5
714910.9125	7458396.675	0.5
714905.55	7458401.05	0.5
714877.325	7458342.65	0.5
714882.2	7458336.8	0.5
714872.45	7458348.5	0.5
714867.575	7458354.35	0.5
714862.7	7458360.2	0.5
714796.2165	7458324.838	0.5
714801.158	7458318.025	0.5
714791.275	7458331.65	0.5
714786.7125	7458338.475	0.5
714782.15	7458345.3	0.5
714715.108	7458307.025	0.5
714720.116	7458299.25	0.5
714710.1	7458314.8	0.5
714705.85	7458322.6	0.5
714701.6	7458330.4	0.5
714618.6838	7458287.86	0.5
714622.8675	7458280.02	0.5
714614.5	7458295.7	0.5
714610.875	7458303.7	0.5
714607.25	7458311.7	0.5
714522.2595	7458268.695	0.5
714525.619	7458260.79	0.4999
714518.9	7458276.6	0.5001
714515.9	7458284.8	0.5002
714512.9	7458293	0.5003
714425.663	7458250.678	0.5001
714428.076	7458242.905	0.5005
714423.25	7458258.45	0.5001
714420.65	7458266.825	0.5002
714418.05	7458275.2	0.5003
714329.0665	7458232.66	0.5001
714330.533	7458225.02	0.5003
714327.6	7458240.3	0.4999
714325.4	7458248.85	0.4992
714323.2	7458257.4	0.4981
714209.1333	7458210.08	0.5004
714211.8165	7458203.11	0.5006
714206.45	7458217.05	0.5001
714203.5002	7458225.025	0.4993
714200.5505	7458233	0.4978
714089.2	7458187.5	0.4768
714093.1	7458181.2	0.4779
714085.3	7458193.8	0.4754
714081.6005	7458201.2	0.4738
714077.901	7458208.6	0.4733
713989.075	7458170.575	0.4506
713992.3	7458164.85	0.452
713985.85	7458176.3	0.4506
713982.2758	7458182.925	0.4516
713978.7015	7458189.55	0.45
713888.95	7458153.65	0.4258
713891.5	7458148.5	0.4271
713886.4	7458158.8	0.4245
713882.951	7458164.65	0.423
713879.502	7458170.5	0.4214
713787.25	7458136.15	0.35
713789.35	7458130.7	0.35
713785.15	7458141.6	0.35
713782.54	7458147.568	0.35
713779.93	7458153.535	0.35
713685.55	7458118.65	0.35
713687.2	7458112.9	0.35
713683.9	7458124.4	0.35
713682.129	7458130.485	0.35
713680.358	7458136.57	0.35
713564.203	7458094.9	0.35
713565.9	7458088.7	0.35
713562.506	7458101.1	0.35
713561.3925	7458107.693	0.35
713560.279	7458114.285	0.35
713442.856	7458071.15	0.3951
713444.6	7458064.5	0.4059
713441.112	7458077.8	0.384
713440.656	7458084.9	0.3783
713440.2	7458092	0.3736
713333.928	7458049.425	0.3708
713336.1	7458042.2	0.3751
713331.756	7458056.65	0.3665
713330.228	7458064.1	0.3623
713328.7	7458071.55	0.3581
713225	7458027.7	0.3577
713227.6	7458019.9	0.3626
713222.4	7458035.5	0.3528
713219.8	7458043.3	0.348
713217.2	7458051.1	0.3431
713153.075	7458031.925	0.339
713154.1	7458024.25	0.3435
713152.05	7458039.6	0.3345
713150.6683	7458047.633	0.3297
713149.2865	7458055.665	0.325
713081.15	7458036.15	0.3202
713080.6	7458028.6	0.3243
713081.7	7458043.7	0.316
713081.5365	7458051.965	0.3113
713081.373	7458060.23	0.3067
712977.45	7458043.95	0.3641
712976.5	7458036.4	0.3672
712978.4	7458051.5	0.3611
712979.5235	7458059.663	0.358
712980.647	7458067.825	0.3548
712873.75	7458051.75	0.3395
712872.4	7458044.2	0.3424
712875.1	7458059.3	0.3366
712877.5105	7458067.36	0.3338
712879.921	7458075.42	0.3172
712765.275	7458057.1	0.3119
712763.15	7458048.1	0.3154
712767.4	7458066.1	0.2908
712770.4553	7458075.73	0.2544
712773.5105	7458085.36	0.252
712656.8	7458062.45	0.2308
712653.9	7458052	0.2849
712659.7	7458072.9	0.2268
712663.4	7458084.1	0.2239
712667.1	7458095.3	0.221
712564.2394	7458082.031	0.1976
712561.5649	7458071.74	0.2002
712566.9139	7458092.322	0.1951
712570.3554	7458102.869	0.1923
712573.797	7458113.415	0.1897
712471.6788	7458101.612	0.18
712469.2298	7458091.48	0.18
712474.1277	7458111.744	0.18
712477.3109	7458121.637	0.18
712480.494	7458131.53	0.18
712376.3046	7458116.725	0.18
712374.5903	7458107.21	0.18
712378.0189	7458126.239	0.18
712380.2329	7458135.752	0.18
712382.447	7458145.265	0.18
712280.9304	7458131.838	0.18
712279.9509	7458122.941	0.18
712281.91	7458140.734	0.18
712283.155	7458149.867	0.18
712284.4	7458159	0.18
712184.9319	7458142.588	0.18
712183.9523	7458132.579	0.18
712185.9115	7458152.596	0.18
712186.7789	7458162.847	0.18
712187.6463	7458173.097	0.18
712088.9334	7458153.338	0.18
712087.9538	7458142.217	0.18
712089.9129	7458164.459	0.18
712090.4027	7458175.826	0.18
712090.8925	7458187.194	0.18
711984.6407	7458164.979	0.18
711983.9769	7458153.109	0.18
711985.3045	7458176.849	0.18
711985.4326	7458188.618	0.18
711985.5608	7458200.387	0.18
711880.348	7458176.62	0.18
711880	7458164	0.18
711880.696	7458189.24	0.18
711880.4625	7458201.41	0.18
711880.229	7458213.58	0.18
711780.949	7458188.86	0.18
711781.5	7458176.5	0.18
711780.398	7458201.22	0.18
711780.1875	7458213.588	0.18
711779.977	7458225.955	0.18
711681.55	7458201.1	0.18
711683	7458189	0.18
711680.1	7458213.2	0.18
711679.9125	7458225.765	0.18
711679.725	7458238.33	0.18
711580.225	7458216.325	0.18
711580.95	7458205.3	0.18
711579.5	7458227.35	0.18
711579.4868	7458239.025	0.18
711579.4735	7458250.7	0.18
711478.9	7458231.55	0.18
711478.9	7458221.6	0.18
711478.9	7458241.5	0.18
711479.061	7458252.285	0.18
711479.222	7458263.07	0.18
711374.75	7458247.65	0.18
711373.1	7458238.5	0.18
711376.4	7458256.8	0.18
711377.7295	7458266.45	0.18
711379.059	7458276.1	0.18
711270.6	7458263.75	0.18
711267.3	7458255.4	0.18
711273.9	7458272.1	0.18
711276.398	7458280.615	0.18
711278.896	7458289.13	0.18
711170.6	7458280.15	0.18
711167.75	7458272.3	0.18
711173.45	7458288	0.18
711176.2085	7458295.943	0.18
711178.967	7458303.885	0.18
711070.6	7458296.55	0.18
711068.2	7458289.2	0.18
711073	7458303.9	0.18
711076.019	7458311.27	0.18
711079.038	7458318.64	0.18
710971.15	7458312.725	0.18
710968.6	7458306.1	0.18
710973.7	7458319.35	0.18
710976.4043	7458326.37	0.18
710979.1085	7458333.39	0.18
710871.7	7458328.9	0.18
710869	7458323	0.18
710874.4	7458334.8	0.18
710876.7895	7458341.47	0.18
710879.179	7458348.14	0.18
710773.625	7458339.275	0.18
710771.95	7458332.55	0.18
710775.3	7458346	0.18
710777.11	7458353.06	0.18
710778.92	7458360.12	0.18
710675.55	7458349.65	0.18
710674.9	7458342.1	0.18
710676.2	7458357.2	0.18
710677.4305	7458364.65	0.18
710678.661	7458372.1	0.18
710573.673	7458357.173	0.18
710572.85	7458348.8	0.18
710574.496	7458365.545	0.18
710576.277	7458373.368	0.18
710578.058	7458381.19	0.18
710471.796	7458364.695	0.18
710470.8	7458355.5	0.18
710472.792	7458373.89	0.18
710475.1235	7458382.085	0.18
710477.455	7458390.28	0.18
710372.348	7458373.773	0.18
710371.3	7458365.5	0.18
710373.396	7458382.045	0.18
710375.124	7458390.705	0.18
710376.852	7458399.365	0.18
710272.9	7458382.85	0.18
710271.8	7458375.5	0.18
710274	7458390.2	0.18
710275.1245	7458399.325	0.18
710276.249	7458408.45	0.18
710174.025	7458390.675	0.18
710173.65	7458383.85	0.18
710174.4	7458397.5	0.18
710174.8872	7458405.513	0.18
710175.3745	7458413.525	0.18
710075.15	7458398.5	0.18
710075.5	7458392.2	0.18
710074.8	7458404.8	0.18
710074.65	7458411.7	0.18
710074.5	7458418.6	0.18
709972.8	7458405.225	0.18
709972.65	7458398.5	0.18
709972.95	7458411.95	0.18
709973.2	7458418.825	0.18
709973.45	7458425.7	0.18
709870.45	7458411.95	0.18
709869.8	7458404.8	0.18
709871.1	7458419.1	0.18
709871.75	7458425.95	0.18
709872.4	7458432.8	0.18
709769.902	7458421.548	0.18
709768.95	7458414.65	0.18
709770.854	7458428.445	0.18
709771.802	7458434.773	0.18
709772.75	7458441.1	0.18
709669.354	7458431.145	0.18
709668.1	7458424.5	0.18
709670.608	7458437.79	0.18
709671.854	7458443.595	0.18
709673.1	7458449.4	0.18
709568.3775	7458441.503	0.18
709567.3	7458434.95	0.18
709569.455	7458448.055	0.18
709570.6908	7458454.593	0.18
709571.9265	7458461.13	0.18
709467.401	7458451.86	0.18
709466.5	7458445.4	0.18
709468.302	7458458.32	0.18
709469.5275	7458465.59	0.18
709470.753	7458472.86	0.18
709366.2303	7458462.08	0.18
709365.65	7458455.35	0.18
709366.8105	7458468.81	0.18
709368.4825	7458475.245	0.18
709370.1545	7458481.68	0.18
709265.0595	7458472.3	0.18
709264.8	7458465.3	0.18
709265.319	7458479.3	0.18
709267.4375	7458484.9	0.18
709269.556	7458490.5	0.18
709166.1298	7458483.05	0.18
709165.9	7458476.15	0.18
709166.3595	7458489.95	0.18
709167.8358	7458496.44	0.18
709169.312	7458502.93	0.18
709067.2	7458493.8	0.18
709067	7458487	0.18
709067.4	7458500.6	0.18
709068.234	7458507.98	0.18
709069.068	7458515.36	0.18
708966.75	7458505.025	0.18
708966.2	7458497.4	0.18
708967.3	7458512.65	0.18
708968.0618	7458520.223	0.18
708968.8235	7458527.795	0.18
708866.3	7458516.25	0.18
708865.4	7458507.8	0.18
708867.2	7458524.7	0.18
708867.8895	7458532.465	0.18
708868.579	7458540.23	0.18
708765.525	7458524.325	0.18
708764.75	7458516.1	0.18
708766.3	7458532.55	0.18
708767.167	7458541.16	0.18
708768.034	7458549.77	0.18
708664.75	7458532.4	0.18
708664.1	7458524.4	0.18
708665.4	7458540.4	0.18
708666.4445	7458549.855	0.18
708667.489	7458559.31	0.18
708564.125	7458539.775	0.18
708563.2	7458530.85	0.18
708565.05	7458548.7	0.18
708565.9408	7458558.238	0.18
708566.8315	7458567.775	0.18
708463.5	7458547.15	0.18
708462.3	7458537.3	0.18
708464.7	7458557	0.18
708465.437	7458566.62	0.18
708466.174	7458576.24	0.18
708363.8	7458555.35	0.18
708363.2	7458545.55	0.18
708364.4	7458565.15	0.18
708364.9935	7458575.303	0.18
708365.587	7458585.455	0.18
708264.1	7458563.55	0.18
708264.1	7458553.8	0.18
708264.1	7458573.3	0.18
708264.55	7458583.985	0.18
708265	7458594.67	0.18
708161.944	7458573.358	0.18
708160.45	7458563	0.18
708163.438	7458583.715	0.18
708163.9738	7458594.32	0.18
708164.5095	7458604.925	0.18
708059.788	7458583.165	0.18
708056.8	7458572.2	0.18
708062.776	7458594.13	0.18
708063.3975	7458604.655	0.18
708064.019	7458615.18	0.18
707958.169	7458594.458	0.18
707955.85	7458584.1	0.18
707960.488	7458604.815	0.18
707962.008	7458615.125	0.18
707963.528	7458625.435	0.18
707856.55	7458605.75	0.18
707854.9	7458596	0.18
707858.2	7458615.5	0.18
707860.6185	7458625.595	0.18
707863.037	7458635.69	0.18
707756.925	7458618.1	0.18
707754.9	7458608.85	0.18
707758.95	7458627.35	0.18
707760.7458	7458636.598	0.18
707762.5415	7458645.845	0.18
707657.3	7458630.45	0.18
707654.9	7458621.7	0.18
707659.7	7458639.2	0.18
707660.873	7458647.6	0.18
707662.046	7458656	0.18
707558.4	7458633.675	0.18
707556.75	7458626.3	0.18
707560.05	7458641.05	0.18
707560.5417	7458648.525	0.18
707561.0335	7458656	0.18
707459.5	7458636.9	0.18
707458.6	7458630.9	0.18
707460.4	7458642.9	0.18
707460.2105	7458649.45	0.18
707460.021	7458656	0.18
707358.0945	7458636.448	0.18
707356.75	7458629.95	0.18
707359.439	7458642.945	0.18
707359.2238	7458649.473	0.18
707359.0085	7458656	0.18
707256.689	7458635.995	0.18
707254.9	7458629	0.18
707258.478	7458642.99	0.18
707258.237	7458649.495	0.18
707257.996	7458656	0.18
707154.8445	7458636.598	0.18
707153.05	7458630.1	0.18
707156.639	7458643.095	0.18
707156.8113	7458649.548	0.18
707156.9835	7458656	0.18
707053	7458637.2	0.18
707051.2	7458631.2	0.18
707054.8	7458643.2	0.18
707055.3855	7458649.6	0.18
707055.971	7458656	0.18
706951.31	7458637.6	0.18
706949.77	7458631.6	0.18
706952.85	7458643.6	0.18
706953.9063	7458650.175	0.18
706954.9625	7458656.75	0.18
706849.62	7458638	0.18
706848.34	7458632	0.18
706850.9	7458644	0.18
706852.427	7458650.75	0.18
706853.954	7458657.5	0.18
706749.9608	7458638.668	0.18
706749.1715	7458632.385	0.18
706750.75	7458644.95	0.18
706751.848	7458651.71	0.18
706752.946	7458658.47	0.18
706650.3015	7458639.335	0.18
706650.003	7458632.77	0.18
706650.6	7458645.9	0.18
706651.269	7458652.67	0.18
706651.938	7458659.44	0.18
706550.6735	7458638.908	0.18
706550.847	7458631.415	0.18
706550.5	7458646.4	0.18
706550.7153	7458653.408	0.18
706550.9305	7458660.415	0.18
706451.0455	7458638.48	0.18
706451.691	7458630.06	0.18
706450.4	7458646.9	0.18
706450.1615	7458654.145	0.18
706449.923	7458661.39	0.18
706351.3935	7458636.893	0.18
706352.537	7458628.335	0.18
706350.25	7458645.45	0.18
706349.5825	7458653.908	0.18
706348.915	7458662.365	0.18
706251.7415	7458635.305	0.18
706253.383	7458626.61	0.18
706250.1	7458644	0.18
706249.0035	7458653.67	0.18
706247.907	7458663.34	0.18
706152.519	7458633.945	0.18
706154.229	7458624.89	0.18
706150.809	7458643	0.18
706148.865	7458653.175	0.18
706146.921	7458663.35	0.18
706053.2965	7458632.585	0.18
706055.075	7458623.17	0.18
706051.518	7458642	0.18
706048.7265	7458652.68	0.18
706045.935	7458663.36	0.18
705954.2093	7458629.968	0.18
705955.921	7458621.45	0.18
705952.4975	7458638.485	0.18
705948.7853	7458648.168	0.18
705945.073	7458657.85	0.18
705855.122	7458627.35	0.18
705856.767	7458619.73	0.18
705853.477	7458634.97	0.18
705848.844	7458643.655	0.18
705844.211	7458652.34	0.18
705755.0965	7458621.21	0.18
705757.836	7458612.94	0.18
705752.357	7458629.48	0.18
705747.853	7458638.155	0.18
705743.349	7458646.83	0.18
705655.071	7458615.07	0.18
705658.905	7458606.15	0.18
705651.237	7458623.99	0.18
705646.862	7458632.655	0.18
705642.487	7458641.32	0.18
705548.9855	7458609.16	0.18
705551.0525	7458600.125	0.18
705546.9185	7458618.195	0.18
705544.2715	7458627.003	0.18
705541.6245	7458635.81	0.18
705442.9	7458603.25	0.18
705443.2	7458594.1	0.18
705442.6	7458612.4	0.18
705441.681	7458621.35	0.18
705440.762	7458630.3	0.18
705350.1	7458606.3	0.18
705353.05	7458598.1	0.18
705347.15	7458614.5	0.18
705343.4655	7458623.175	0.18
705339.781	7458631.85	0.18
705257.3	7458609.35	0.18
705262.9	7458602.1	0.18
705251.7	7458616.6	0.18
705238.8	7458633.4	0.18
705245.25	7458625	0.18
705229.4	7458607.375	0.18
705230.75	7458599.3	0.18
705231.7863	7458658.055	0.18
705242.7359	7458656.906	0.18
705220.8368	7458659.205	0.18
705224.7	7458633.45	0.18
705228.05	7458615.45	0.18
705226.375	7458624.45	0.18
705238.8727	7458682.66	0.18
705246.6718	7458680.412	0.18
705231.0735	7458684.909	0.18
705201.5	7458605.4	0.18
705198.6	7458596.5	0.18
705204.4	7458614.3	0.18
705210.6	7458633.5	0.18
705207.5	7458623.9	0.18
705249.875	7458724.12	0.18
705258.092	7458722.574	0.18
705241.6581	7458725.666	0.18
705152.1735	7458584.886	0.18
705151.1	7458576.35	0.18
705153.2469	7458593.423	0.18
705154.4735	7458601.536	0.18
705155.7	7458609.65	0.18
705260.8774	7458765.579	0.18
705269.5122	7458764.736	0.18
705252.2426	7458766.422	0.18
705102.8469	7458564.373	0.18
705103.6	7458556.2	0.18
705102.0939	7458572.546	0.18
705101.4469	7458579.173	0.18
705100.8	7458585.8	0.18
705273.2862	7458823.444	0.18
705282.8959	7458823.866	0.18
705263.6766	7458823.023	0.18
705045.9985	7458544.911	0.18
705045.25	7458536.85	0.18
705046.7469	7458552.973	0.18
705047.8485	7458560.411	0.18
705048.95	7458567.85	0.18
705285.6951	7458881.31	0.18
705296.2796	7458882.996	0.18
705275.1105	7458879.623	0.18
704989.15	7458525.45	0.18
704986.9	7458517.5	0.18
704991.4	7458533.4	0.18
704994.25	7458541.65	0.18
704997.1	7458549.9	0.18
705275.9461	7458922.628	0.18
705285.9736	7458925.158	0.18
705265.9187	7458920.099	0.18
704940.4285	7458530.143	0.18
704937.857	7458523.485	0.18
704943	7458536.8	0.18
704945.9473	7458543.84	0.18
704948.8945	7458550.88	0.18
705266.1972	7458963.947	0.18
705275.6676	7458967.32	0.18
705256.7268	7458960.574	0.18
704891.707	7458534.835	0.18
704888.814	7458529.47	0.18
704894.6	7458540.2	0.18
704897.6445	7458546.03	0.18
704900.689	7458551.86	0.18
705236.0418	7458994.296	0.18
705244.8133	7458997.18	0.18
705227.2703	7458991.412	0.18
704838.192	7458545.258	0.18
704835.805	7458539.61	0.18
704840.579	7458550.905	0.18
704843.9168	7458556.745	0.18
704847.2545	7458562.585	0.18
705205.8864	7459024.644	0.18
705213.959	7459027.04	0.18
705197.8138	7459022.249	0.18
704784.677	7458555.68	0.18
704782.796	7458549.75	0.18
704786.558	7458561.61	0.18
704790.189	7458567.46	0.18
704793.82	7458573.31	0.18
705172.0697	7459051.367	0.18
705181.1165	7459054.115	0.18
705163.0229	7459048.619	0.18
704731.8222	7458564.889	0.18
704729.7395	7458559.345	0.18
704733.9048	7458570.433	0.18
704737.0827	7458576.969	0.18
704740.2605	7458583.505	0.18
705138.253	7459078.09	0.18
705148.274	7459081.19	0.18
705128.232	7459074.99	0.18
704678.9673	7458574.098	0.18
704676.683	7458568.94	0.18
704681.2516	7458579.255	0.18
704683.9763	7458586.478	0.18
704686.701	7458593.7	0.18
705105.411	7459105.143	0.18
705115.0725	7459107.845	0.18
705095.7495	7459102.44	0.18
704624.8228	7458573.922	0.18
704622.7605	7458568.095	0.18
704626.8851	7458579.749	0.18
704629.5301	7458586.902	0.18
704632.175	7458594.055	0.18
705072.569	7459132.195	0.18
705081.871	7459134.5	0.18
705063.267	7459129.89	0.18
704570.6783	7458573.747	0.18
704568.838	7458567.25	0.18
704572.5186	7458580.244	0.18
704575.0838	7458587.327	0.18
704577.649	7458594.41	0.18
705041.7486	7459160.915	0.18
705050.3635	7459163.02	0.18
705033.1337	7459158.81	0.18
704516.6656	7458569.441	0.18
704515.061	7458562.66	0.18
704518.2703	7458576.222	0.18
704520.7436	7458583.341	0.18
704523.217	7458590.46	0.18
705010.9282	7459189.635	0.18
705018.856	7459191.54	0.18
705003.0003	7459187.731	0.18
704462.653	7458565.135	0.18
704461.284	7458558.07	0.18
704464.022	7458572.2	0.18
704466.4035	7458579.355	0.18
704468.785	7458586.51	0.18
704999.828	7459229.07	0.18
704984.3502	7459226.615	0.18
704973.25	7459266.05	0.18
704965.7	7459265.5	0.18
704980.8	7459266.6	0.18
704992.0891	7459227.843	0.18
704408.8872	7458560.77	0.18
704407.4935	7458553.635	0.18
704410.281	7458567.905	0.18
704412.33	7458575.058	0.18
704414.379	7458582.21	0.18
704355.1215	7458556.405	0.18
704353.703	7458549.2	0.18
704356.54	7458563.61	0.18
704358.2565	7458570.76	0.18
704359.973	7458577.91	0.18
704301.3065	7458552.19	0.18
704299.893	7458545.01	0.18
704302.72	7458559.37	0.18
704304.1433	7458566.49	0.18
704305.5665	7458573.61	0.18
704247.4915	7458547.975	0.18
704246.083	7458540.82	0.18
704248.9	7458555.13	0.18
704250.03	7458562.22	0.18
704251.16	7458569.31	0.18
704193.6023	7458543.835	0.18
704192.265	7458536.735	0.18
704194.9395	7458550.935	0.18
704195.8467	7458557.973	0.18
704196.754	7458565.01	0.18
704139.713	7458539.695	0.18
704138.447	7458532.65	0.18
704140.979	7458546.74	0.18
704141.6635	7458553.725	0.18
704142.348	7458560.71	0.18
704085.8343	7458535.568	0.18
704084.6285	7458528.57	0.18
704087.04	7458542.565	0.18
704087.491	7458549.488	0.18
704087.942	7458556.41	0.18
704031.9555	7458531.44	0.18
704030.81	7458524.49	0.18
704033.101	7458538.39	0.18
704033.3185	7458545.25	0.18
704033.536	7458552.11	0.18
703977.796	7458527.303	0.18
703976.9915	7458520.41	0.18
703978.6005	7458534.195	0.18
703978.8653	7458541	0.18
703979.13	7458547.805	0.18
703923.6365	7458523.165	0.18
703923.173	7458516.33	0.18
703924.1	7458530	0.18
703924.412	7458536.75	0.18
703924.724	7458543.5	0.18
703869.5775	7458518.973	0.18
703869.355	7458512.245	0.18
703869.8	7458525.7	0.18
703870.059	7458532.45	0.18
703870.318	7458539.2	0.18
703815.5185	7458514.78	0.18
703815.537	7458508.16	0.18
703815.5	7458521.4	0.18
703815.706	7458528.15	0.18
703815.912	7458534.9	0.18
703761.6593	7458510.34	0.18
703761.7185	7458504.08	0.18
703761.6	7458516.6	0.18
703761.553	7458523.6	0.18
703761.506	7458530.6	0.18
703707.8	7458505.9	0.18
703707.9	7458500	0.18
703707.7	7458511.8	0.18
703707.4	7458519.05	0.18
703707.1	7458526.3	0.18
703687.25	7458502.525	0.18
703688.25	7458496.5	0.18
703686.25	7458508.55	0.18
703685.075	7458515	0.18
703683.9	7458521.45	0.18
703666.7	7458499.15	0.18
703668.6	7458493	0.18
703664.8	7458505.3	0.18
703662.75	7458510.95	0.18
703660.7	7458516.6	0.18
703651.35	7458491.5	0.18
703653.25	7458485.55	0.18
703649.45	7458497.45	0.18
703646.75	7458502.875	0.18
703644.05	7458508.3	0.18
703636	7458483.85	0.18
703637.9	7458478.1	0.18
703634.1	7458489.6	0.18
703630.75	7458494.8	0.18
703627.4	7458500	0.18
703625.6	7458471.275	0.1961
703629.15	7458466.75	0.2005
703622.05	7458475.8	0.1842
703617.075	7458480.275	0.1602
703612.1	7458484.75	0.1323
703615.2	7458458.7	0.1335
703620.4	7458455.4	0.1351
703610	7458462	0.1302
703603.4	7458465.75	0.1127
703596.8	7458469.5	0.0942
703610.05	7458443.275	0.0504
703616.45	7458441.4	0.0336
703603.65	7458445.15	0.061
703596.025	7458447.475	0.0706
703588.4	7458449.8	0.0765
703604.9	7458427.85	-0.0756
703612.5	7458427.4	-0.1228
703597.3	7458428.3	-0.0324
703588.65	7458429.2	0.0088
703580	7458430.1	0.0335
703606.2125	7458407.3	-0.38
703614.35	7458408.1	-0.5063
703598.075	7458406.5	-0.2518
703589.4125	7458405.925	-0.1321
703580.75	7458405.35	-0.0923
703607.525	7458386.75	-0.8674
703616.2	7458388.8	-1.0657
703598.85	7458384.7	-0.6773
703590.175	7458382.65	-0.535
703581.5	7458380.6	-0.4329
703614.0012	7458358.663	-1.1885
703622.1379	7458361.284	-0.9208
703620.4774	7458330.577	-1.5247
703628.0757	7458333.768	-1.9105
703605.8646	7458356.043	-2.3057
703612.8791	7458327.386	-2.0709
703597.6279	7458353.422	-1.3869
703605.0809	7458324.195	-0.9069
703589.3913	7458350.802	-0.5909
703597.2827	7458321.004	-2.9079
703946.2005	7457640.39	15.0122
703986.936	7457649.5	15.1053
703961.0255	7457668.08	15.2394
703905.465	7457631.28	14.6828
703920.29	7457658.97	15.1561
704026.757	7457662.05	15.2175
704003.7802	7457681.818	15.3466
704066.578	7457674.6	15.3139
704046.535	7457695.555	15.4585
703864.026	7457626.05	14.7245
703875.5998	7457653.173	15.0962
703822.587	7457620.82	14.7495
703830.9095	7457647.375	15.0266
704105.5475	7457689.625	15.4174
704085.522	7457711.428	15.7271
704144.517	7457704.65	15.5058
704124.509	7457727.3	15.8132
703780.9	7457618.625	14.7051
703789.299	7457644.923	15.1422
703739.213	7457616.43	14.6887
703747.6885	7457642.47	15.1161
704181.484	7457723.88	15.6418
704160.7778	7457746.565	15.7674
704218.451	7457743.11	16.0444
704197.0465	7457765.83	15.5001
703697.5305	7457619.3	14.7619
703706.611	7457643.938	15.1462
703655.848	7457622.17	14.9248
703665.5335	7457645.405	15.199
704253.837	7457765.31	15.7999
704231.83	7457788.253	14.76
704289.223	7457787.51	14.953
704266.6135	7457810.675	13.8776
703599.2	7457637.5	15.3818
703610.65	7457656.6	15.0392
703627.524	7457629.835	15.2055
703638.0918	7457651.003	15.1777
704321.712	7457813.47	13.8958
704298.6207	7457836.795	12.9504
704354.201	7457839.43	13.0895
704330.628	7457862.915	12.6277
704383.685	7457869.025	12.7208
704359.6253	7457892.518	12.6845
704413.169	7457898.62	12.7627
704388.6225	7457922.12	12.722
704440.2745	7457930.285	12.7768
704415.0768	7457953.773	12.7353
704467.38	7457961.95	12.768
704441.531	7457985.425	12.7277
704490.7975	7457996.52	12.7372
704465.1885	7458020.54	12.5179
704514.215	7458031.09	12.3606
704488.846	7458055.655	11.7114
704534.7535	7458067.415	11.4634
704510.6882	7458095.205	10.6695
704555.292	7458103.74	10.5157
704532.5305	7458134.755	9.7134
704571.7125	7458142.09	9.6371
704588.133	7458180.44	9.6386
704548.951	7458173.105	9.5715
704599.8755	7458220.515	9.9681
704560.8717	7458216.495	9.9351
704611.618	7458260.59	10.2405
704572.7925	7458259.885	10.2205
704619.7125	7458301.535	10.5476
704580.46	7458301.17	10.5277
704627.807	7458342.48	10.8431
704588.1275	7458342.455	10.8636
704630.4795	7458384.175	4.7381
704591.4655	7458384.178	4.3986
704633.152	7458425.87	-2.6861
704594.8035	7458425.9	-3.0026
704635.7	7458509.4	-6.1764
704634.426	7458467.635	-6.3626
704598.0215	7458509.965	-5.8294
704596.4125	7458467.933	-6.4009
703935.115	7457686.66	15.4148
703980.8035	7457701.585	15.5846
704026.492	7457716.51	15.581
703887.1735	7457680.295	15.4133
703839.232	7457673.93	15.365
704065.4965	7457733.23	15.4416
704104.501	7457749.95	15.248
703797.698	7457671.22	15.3253
703756.164	7457668.51	15.2639
704140.0715	7457769.25	14.8287
704175.642	7457788.55	14.3294
703715.6915	7457668.575	15.2294
703675.219	7457668.64	15.1068
704209.823	7457811.195	13.5255
704244.004	7457833.84	12.7701
703622.1	7457675.7	14.884
703648.6595	7457672.17	15.0136
704275.5295	7457860.12	12.5193
704307.055	7457886.4	12.6076
704335.5655	7457916.01	12.661
704364.076	7457945.62	12.6966
704389.879	7457977.26	12.7105
704415.682	7458008.9	12.645
704439.5795	7458044.56	11.911
704463.477	7458080.22	10.9988
704486.623	7458122.995	9.9066
704509.769	7458165.77	9.4825
704521.868	7458212.475	9.8788
704533.967	7458259.18	10.1993
704541.2075	7458300.805	10.5091
704548.448	7458342.43	10.7917
704552.4515	7458384.18	3.6011
704556.455	7458425.93	-3.22
704560.343	7458510.53	-5.9284
704558.399	7458468.23	-6.4667
703968.9	7457723.825	15.1909
703884.3005	7457705.148	15.233
703926.5545	7457710.165	15.3107
704011.2455	7457737.485	14.9991
703842.0465	7457700.13	15.1251
704046.3258	7457754.388	14.5976
704081.406	7457771.29	14.2326
703801.0055	7457696.795	15.1347
703759.9645	7457693.46	15.0169
704116.885	7457790.523	13.7628
704152.364	7457809.755	13.2209
703719.9573	7457693.01	14.9048
703679.95	7457692.56	14.9027
704186.1685	7457832.453	12.4935
704219.973	7457855.15	12.4399
703623.4	7457697.35	14.6021
703651.675	7457694.955	14.7558
704251.1063	7457881.525	12.5248
704282.2395	7457907.9	12.5955
704310.3108	7457937.628	12.6496
704338.382	7457967.355	12.6844
704363.5585	7457999.465	12.6994
704388.735	7458031.575	12.1976
704412.3595	7458063.955	11.34
704435.984	7458096.335	10.4886
704456.4952	7458136.525	9.5444
704477.0065	7458176.715	9.5431
704486.3378	7458218.168	9.8903
704495.669	7458259.62	10.1641
704503.06	7458300.98	10.4793
704510.451	7458342.34	10.7811
704514.5725	7458384.118	3.2832
704518.694	7458425.895	-3.2722
704522.6725	7458510.715	-6.0097
704520.6833	7458468.305	-6.4717
703956.9965	7457746.065	14.408
703881.4275	7457730	14.5563
703995.999	7457758.46	14.1941
703917.994	7457733.67	14.6069
703844.861	7457726.33	14.5201
704027.155	7457775.545	13.7363
704058.311	7457792.63	13.2664
703804.313	7457722.37	14.6502
703763.765	7457718.41	14.5897
704093.6985	7457811.795	12.7953
704129.086	7457830.96	12.337
703724.223	7457717.445	14.5032
703684.681	7457716.48	14.5619
704162.514	7457853.71	12.339
704195.942	7457876.46	12.4356
703624.7	7457719	14.226
703654.6905	7457717.74	14.416
704226.683	7457902.93	12.5233
704257.424	7457929.4	12.5953
704285.056	7457959.245	12.6496
704312.688	7457989.09	12.6831
704337.238	7458021.67	12.4665
704361.788	7458054.25	11.5503
704385.1395	7458083.35	10.7228
704408.491	7458112.45	9.9779
704426.3675	7458150.055	9.3359
704444.244	7458187.66	9.6159
704450.8075	7458223.86	9.9154
704457.371	7458260.06	10.1407
704464.9125	7458301.155	10.4496
704472.454	7458342.25	10.9845
704476.6935	7458384.055	2.8069
704480.933	7458425.86	-3.7368
704485.002	7458510.9	-5.8393
704482.9675	7458468.38	-6.7834
703962.649	7457776.46	13.4466
703923.6465	7457764.065	13.7183
703883.029	7457757.698	13.7892
703842.4115	7457751.33	13.8702
703998.1032	7457794.483	12.9638
704033.5575	7457812.505	12.4563
703801.8478	7457747.118	14.0582
703761.284	7457742.905	14.0199
704068.5853	7457831.9	12.0945
704103.613	7457851.295	12.2277
703722.1508	7457741.75	14.0187
703683.0175	7457740.595	14.1196
704136.7785	7457873.953	12.3358
704169.944	7457896.61	12.4361
703619.6	7457740.65	13.7398
703651.3088	7457740.623	13.9184
704200.323	7457923.03	12.5279
704230.702	7457949.45	12.6011
704257.9085	7457979.358	12.6575
704285.115	7458009.265	12.6323
704309.7295	7458041.915	11.8348
704334.344	7458074.565	10.8392
704358.8223	7458108.705	9.8952
704383.3005	7458142.845	9.2482
704401.177	7458180.45	9.5402
704410.7458	7458220.36	9.873
704420.3145	7458260.27	10.1281
704427.7038	7458301.295	10.4354
704435.093	7458342.32	10.4931
704439.1435	7458383.475	1.9721
704443.194	7458424.63	-4.1388
704447.38	7458508.77	-5.8275
704445.287	7458466.7	-6.773
703929.299	7457794.46	12.79
703884.6305	7457785.395	12.982
703839.962	7457776.33	13.1898
703969.0515	7457813.42	12.3256
704008.804	7457832.38	11.9987
703799.3825	7457771.865	13.2902
703758.803	7457767.4	13.4039
704043.472	7457852.005	12.1175
704078.14	7457871.63	12.2315
703720.0785	7457766.055	13.4961
703681.354	7457764.71	13.645
704111.043	7457894.195	12.3461
704143.946	7457916.76	12.4468
703614.5	7457762.3	13.3652
703647.927	7457763.505	13.4206
704173.963	7457943.13	12.5411
704203.98	7457969.5	12.6159
704230.761	7457999.47	12.6687
704257.542	7458029.44	12.1584
704282.221	7458062.16	11.1052
704306.9	7458094.88	10.0743
704332.505	7458134.06	9.2137
704358.11	7458173.24	9.4843
704370.684	7458216.86	9.8327
704383.258	7458260.48	10.1124
704390.495	7458301.435	10.4211
704397.732	7458342.39	9.682
704401.5935	7458382.895	1.536
704405.455	7458423.4	-4.2603
704409.758	7458506.64	-5.0262
704407.6065	7458465.02	-6.6869
703947.548	7457835.245	11.86
703871.4495	7457808.365	12.3394
703912.8545	7457817.825	12.117
703982.2415	7457852.665	11.999
703830.0445	7457798.905	12.5904
703791.744	7457795.773	12.6857
703753.4435	7457792.64	12.7279
704016.7228	7457871.935	12.1181
704051.204	7457891.205	12.2358
703714.6125	7457790.625	12.9598
703675.7815	7457788.61	13.0834
704083.7485	7457913.675	12.3588
704116.293	7457936.145	12.4635
703603.5415	7457786.8	12.9292
703639.6615	7457787.705	12.8774
704145.9218	7457962.3	12.5584
704175.5505	7457988.455	12.6341
704202.093	7458018.273	12.5301
704228.6355	7458048.09	11.5248
704252.6588	7458080.84	10.368
704276.682	7458113.59	9.3896
704300.0388	7458148.04	9.3022
704323.3955	7458182.49	9.5699
704336.2068	7458223.165	9.8738
704349.018	7458263.84	10.1261
704354.0268	7458301.99	10.4077
704359.0355	7458340.14	9.8532
704363.4295	7458380.358	1.734
704367.8235	7458420.575	-4.1194
704372.579	7458502.92	-5.1782
704370.2013	7458461.748	-6.64
703858.2685	7457831.335	11.8021
703926.0445	7457857.07	11.8989
703896.41	7457841.19	11.761
703820.127	7457821.48	12.0635
703955.679	7457872.95	12.0105
703784.1055	7457819.68	12.1464
703748.084	7457817.88	12.1204
703989.9735	7457891.865	12.1345
704024.268	7457910.78	12.2499
703709.1465	7457815.195	12.4431
703670.209	7457812.51	12.4028
704056.454	7457933.155	12.3692
704088.64	7457955.53	12.4844
703592.583	7457811.3	12.4112
703631.396	7457811.905	12.309
704117.8805	7457981.47	12.5815
704147.121	7458007.41	12.6783
704173.425	7458037.075	11.9296
704199.729	7458066.74	10.7876
704223.0965	7458099.52	9.6435
704246.464	7458132.3	9.1791
704267.5725	7458162.02	9.4038
704288.681	7458191.74	9.6493
704301.7295	7458229.47	9.9197
704314.778	7458267.2	10.1558
704317.5585	7458302.545	10.4112
704320.339	7458337.89	9.7767
704325.2655	7458377.82	1.8018
704330.192	7458417.75	-4.0362
704335.4	7458499.2	-5.0196
704332.796	7458458.475	-6.6138
703860.777	7457859.885	11.7757
703822.6355	7457850.03	11.5787
703895.0538	7457876.05	11.91
703929.3305	7457892.215	12.0359
703782.1263	7457845.998	11.6375
703741.617	7457841.965	11.6842
703963.305	7457911.175	12.1601
703997.2795	7457930.135	12.2762
703702.3708	7457839.203	12.0539
703663.1245	7457836.44	11.9388
704028.6723	7457952.293	12.3908
704060.065	7457974.45	12.4993
703584.6395	7457834.04	12.2665
703623.882	7457835.24	11.7379
704088.9035	7458000.123	12.6
704117.742	7458025.795	12.5824
704143.75	7458054.813	11.3397
704169.758	7458083.83	10.0825
704193.1725	7458116.508	9.1239
704216.587	7458149.185	9.2871
704237.896	7458183.66	9.5682
704259.205	7458218.135	9.8311
704272.2535	7458255.865	10.0724
704277.5675	7458295.15	10.3597
704282.8815	7458334.435	9.1385
704287.6605	7458374.023	1.9519
704292.4395	7458413.61	-3.7134
704297.891	7458493.59	-5.3739
704295.1653	7458453.6	-6.4707
703825.144	7457878.58	11.7802
703864.063	7457895.03	11.9506
703902.982	7457911.48	12.0749
703780.147	7457872.315	11.6145
703735.15	7457866.05	11.434
703936.6365	7457930.485	12.1977
703970.291	7457949.49	12.3116
703695.595	7457863.21	11.6998
703656.04	7457860.37	11.8968
704000.8905	7457971.43	12.4223
704031.49	7457993.37	12.5243
703576.696	7457856.78	12.1863
703616.368	7457858.575	12.108
704059.9265	7458018.775	12.6307
704088.363	7458044.18	12.1505
704114.075	7458072.55	10.6514
704139.787	7458100.92	9.4226
704163.2485	7458133.495	9.1494
704186.71	7458166.07	9.4118
704208.2195	7458205.3	9.7159
704229.729	7458244.53	9.9709
704237.5765	7458287.755	10.2875
704245.424	7458330.98	9.1889
704250.0555	7458370.225	2.0226
704254.687	7458409.47	-3.5504
704260.382	7458487.98	-5.7466
704257.5345	7458448.725	-6.2108
703844.7295	7457915.765	12.0497
703767.8563	7457895.658	11.7677
703807.6915	7457900.825	11.9039
703881.7675	7457930.705	12.1401
703728.021	7457890.49	11.5543
703911.9467	7457949.588	12.2549
703942.126	7457968.47	12.3555
703688.4698	7457887.215	11.775
703648.9185	7457883.94	11.8137
703972.5693	7457990.165	12.4606
704003.0125	7458011.86	12.5528
703565.198	7457876.59	11.9217
703607.0583	7457880.265	11.9661
704031.2883	7458037.3	12.6766
704059.564	7458062.74	11.3546
704084.7385	7458091.013	9.7515
704109.913	7458119.285	9.0159
704133.4378	7458148.745	9.249
704156.9625	7458178.205	9.5053
704176.0115	7458215.028	9.7719
704195.0605	7458251.85	10.0102
704201.3178	7458289.995	10.2852
704207.575	7458328.14	9.4341
704212.404	7458366.765	1.7779
704217.233	7458405.39	-3.7142
704223.147	7458482.2	-5.5708
704220.19	7458443.795	-6.1379
703825.396	7457936.5	12.1795
703755.5655	7457919	11.9069
703860.553	7457949.93	12.2414
703790.239	7457923.07	12.081
703720.892	7457914.93	11.9116
703887.257	7457968.69	12.9588
703913.961	7457987.45	12.4297
703681.3445	7457911.22	11.9574
703641.797	7457907.51	11.7267
703944.248	7458008.9	12.5207
703974.535	7458030.35	13.242
703553.7	7457896.4	11.768
703597.7485	7457901.955	11.778
704002.65	7458055.825	12.3132
704030.765	7458081.3	10.1444
704055.402	7458109.475	8.9102
704080.039	7458137.65	9.1481
704103.627	7458163.995	9.3706
704127.215	7458190.34	9.5919
704143.8035	7458224.755	9.8338
704160.392	7458259.17	10.0631
704165.059	7458292.235	10.2939
704169.726	7458325.3	9.0435
704174.7525	7458363.305	1.5208
704179.779	7458401.31	-3.9048
704185.912	7458476.42	-5.3425
704182.8455	7458438.865	-6.0441
703827.6695	7457965.255	12.3659
703792.5125	7457951.825	12.3246
703753.6885	7457944.623	12.2632
703714.8645	7457937.42	12.2541
703856.602	7457984.988	12.6568
703885.5345	7458004.72	13.5288
703677.1853	7457934.608	12.1005
703639.506	7457931.795	11.6408
703916.6573	7458026.508	13.53
703947.78	7458048.295	13.2276
703548.45	7457918.5	11.5083
703593.978	7457925.148	11.56
703975.9425	7458074.145	10.7436
704004.105	7458099.995	8.904
704028.7245	7458129.345	9.0993
704053.344	7458158.695	9.3424
704077.883	7458187.303	9.5563
704102.422	7458215.91	9.7566
704119.0105	7458250.325	9.994
704126.9467	7458287.35	10.2633
704134.883	7458324.375	8.0892
704138.0715	7458360.125	0.7055
704141.26	7458395.875	-4.2966
704148.6145	7458471.045	-5.8109
704144.9373	7458433.46	-6.2296
703794.786	7457980.58	12.5213
703751.8115	7457970.245	12.5722
703708.837	7457959.91	12.5419
703825.947	7458001.285	12.8531
703857.108	7458021.99	13.2321
703673.026	7457957.995	12.1557
703637.215	7457956.08	11.5105
703889.0665	7458044.115	12.7879
703921.025	7458066.24	10.956
703543.2	7457940.6	11.1735
703590.2075	7457948.34	11.3274
703949.235	7458092.465	8.5191
703977.445	7458118.69	9.0324
704002.047	7458149.215	9.293
704026.649	7458179.74	9.5239
704052.139	7458210.61	9.7474
704077.629	7458241.48	9.9352
704088.8345	7458282.465	10.2331
704100.04	7458323.45	7.1768
704101.3905	7458356.945	0.1462
704102.741	7458390.44	-4.1723
704111.317	7458465.67	-6.0964
704107.029	7458428.055	-6.1089
703799.415	7458018.87	12.3868
703764.4445	7457998.895	12.6023
703721.47	7457988.56	12.6368
703834.3855	7458038.845	11.8577
703680.8848	7457983.77	12.5007
703640.2995	7457978.98	11.7374
703866.0738	7458061.523	9.5792
703897.762	7458084.2	8.2409
703551.894	7457967.915	10.9005
703596.0968	7457973.448	11.495
703925.2225	7458110.268	8.3248
703952.683	7458136.335	9.2065
703977.2745	7458167.218	9.4661
704001.866	7458198.1	9.669
704024.9798	7458232.818	9.907
704048.0935	7458267.535	10.1549
704059.299	7458308.52	8.4367
704062.867	7458346.9	1.4469
704066.435	7458385.28	-3.8529
704073.95	7458460.825	-5.8769
704070.1925	7458423.053	-6.1207
703772.883	7458036.455	11.4943
703811.663	7458055.7	10.0897
703734.103	7458017.21	12.3294
703688.7435	7458009.545	12.3732
703643.384	7458001.88	11.3737
703843.081	7458078.93	8.3299
703874.499	7458102.16	8.8317
703560.588	7457995.23	10.8521
703601.986	7457998.555	11.2745
703901.21	7458128.07	9.1183
703927.921	7458153.98	9.3756
703952.502	7458185.22	9.6107
703977.083	7458216.46	9.8171
703997.8205	7458255.025	10.1075
704018.558	7458293.59	9.1916
704024.3435	7458336.855	2.1343
704030.129	7458380.12	-3.7957
704036.583	7458455.98	-6.0335
704033.356	7458418.05	-6.0135
703761.6818	7458056.655	10.6869
703726.0185	7458038.855	11.8717
703797.345	7458074.455	9.2161
703825.3432	7458097.063	8.1265
703853.3415	7458119.67	8.158
703687.4043	7458031.958	12.0547
703648.79	7458025.06	10.9463
703570.6	7458017.135	9.4109
703609.695	7458021.098	10.2003
703878.972	7458145.74	9.1845
703904.6025	7458171.81	9.4957
703927.768	7458200.065	9.7058
703950.9335	7458228.32	9.9326
703968.456	7458264.4	10.5064
703985.9785	7458300.48	6.8059
703990.1482	7458338.405	0.8455
703994.318	7458376.33	-3.8398
703999.1625	7458451.545	-5.6736
703996.7402	7458413.938	-6.244
703750.4805	7458076.855	9.8267
703783.027	7458093.21	8.7647
703717.934	7458060.5	10.8536
703807.6055	7458115.195	8.0276
703832.184	7458137.18	7.7235
703686.065	7458054.37	10.9841
703654.196	7458048.24	10.445
703580.612	7458039.04	9.2197
703617.404	7458043.64	9.6521
703856.734	7458163.41	8.375
703881.284	7458189.64	9.6949
703903.034	7458214.91	9.8403
703924.784	7458240.18	10.0318
703939.0915	7458273.775	9.246
703953.399	7458307.37	4.7505
703955.953	7458339.955	-0.3284
703958.507	7458372.54	-4.0313
703961.742	7458447.11	-5.7229
703960.1245	7458409.825	-6.2264
703759.5345	7458106.65	8.1752
703726.988	7458090.295	9.1182
703786.2985	7458129.893	7.3704
703813.0625	7458153.135	7.0319
703693.9485	7458080.483	9.7023
703660.909	7458070.67	9.6031
703836.3983	7458179.425	7.8408
703859.734	7458205.715	9.1256
703592.7315	7458059.79	8.569
703626.8203	7458065.23	8.9711
703880.7828	7458235.145	10.51
703901.8315	7458264.575	9.7871
703916.139	7458298.17	5.2805
703920.3358	7458333.078	-0.1238
703924.5325	7458367.985	-3.9892
703925.097	7458438.725	-6.9455
703924.8148	7458403.355	-6.4116
703736.042	7458120.09	7.5027
703764.9915	7458144.59	6.5203
703793.941	7458169.09	6.3255
703701.832	7458106.595	8.1876
703667.622	7458093.1	8.4496
703816.0625	7458195.44	7.5369
703838.184	7458221.79	7.8594
703604.851	7458080.54	7.7857
703636.2365	7458086.82	8.2317
703858.5315	7458255.38	9.2653
703878.879	7458288.97	6.1303
703884.7185	7458326.2	0.0656
703890.558	7458363.43	-4.019
703888.452	7458430.34	-6.2824
703889.505	7458396.885	-5.9266
703751.6215	7458162.605	5.5712
703698.8635	7458127.24	6.9835
703727.937	7458140.605	6.2519
703775.306	7458184.605	5.5423
703669.79	7458113.875	7.2688
703795.039	7458209.97	5.9621
703814.772	7458235.335	5.9704
703617.936	7458100.76	6.9092
703643.863	7458107.318	7.2004
703831.9965	7458264.125	5.6867
703849.221	7458292.915	3.6935
703854.2263	7458326.325	-1.2338
703859.2315	7458359.735	-4.6239
703852.133	7458420.295	-5.7971
703855.6823	7458390.015	-6.0465
703695.895	7458147.885	5.3815
703738.2515	7458180.62	4.5507
703719.832	7458161.12	4.9224
703671.958	7458134.65	5.8915
703756.671	7458200.12	4.2628
703774.0155	7458224.5	4.1859
703791.36	7458248.88	3.5402
703631.021	7458120.98	6.1716
703651.4895	7458127.815	6.062
703805.4615	7458272.87	2.7253
703819.563	7458296.86	0.9501
703823.734	7458326.45	-2.6157
703827.905	7458356.04	-5.1008
703815.814	7458410.25	-5.2247
703821.8595	7458383.145	-6.0187
703676.199	7458161.995	4.0823
703700.136	7458175.23	3.5398
703680.44	7458189.34	2.338
703718.5865	7458194.545	3.059
703698.9215	7458208.47	1.6506
703737.037	7458213.86	2.7546
703717.403	7458227.6	1.0569
703632.401	7458144.215	4.7983
703654.3	7458153.105	4.4915
703633.781	7458167.45	3.4009
703657.1105	7458178.395	2.846
703751.9493	7458236.765	2.3458
703729.883	7458249.03	0.3677
703766.8615	7458259.67	1.4903
703742.363	7458270.46	-0.2347
703778.3248	7458285.348	-0.145
703789.788	7458311.025	-2.2669
703751.188	7458297.825	-2.4869
703760.013	7458325.19	-4.359
703793.959	7458340.615	-4.608
703781.8385	7458394.17	-5.0895
703787.8988	7458367.393	-5.803
703747.863	7458378.09	-4.9755
703753.938	7458351.64	-5.6899
703632.0905	7458191.475	1.9292
703650.1298	7458201.19	1.2811
703682.9103	7458228.528	0.069
703630.4	7458215.5	0.62
703643.149	7458223.985	-0.0336
703666.899	7458248.585	-0.9365
703668.169	7458210.905	0.7841
703697.6515	7458246.15	-0.6346
703655.898	7458232.47	-0.4794
703677.9	7458264.7	-2.0196
703708.1915	7458261.165	-1.28
703686.5	7458273.3	-2.6268
703718.7315	7458276.18	-1.8829
703695.1	7458281.9	-3.1291
703720.618	7458297.78	-3.5481
703690.048	7458297.735	-4.3872
703722.5045	7458319.38	-5.0334
703684.996	7458313.57	-5.2911
703714.2815	7458360.995	-5.2747
703718.393	7458340.188	-5.7092
703680.7	7458343.9	-5.2318
703682.848	7458328.735	-5.4956
703622.45	7458239.35	-0.391
703634.0995	7458246.993	-0.616
703614.5	7458263.2	-1.2505
703625.05	7458270	-1.3946
703645.749	7458254.635	-0.9433
703635.6	7458276.8	-1.7137
703656.3495	7458267.218	-1.5371
703645.8	7458285.85	-2.2763
703666.95	7458279.8	-3.0878
703656	7458294.9	-4.1015
703678.499	7458288.768	-3.8785
703670.498	7458304.235	-4.8008
703657.7	7458333.9	-4.8152
703664.099	7458319.068	-4.9613
703634.7	7458323.9	-2.9079
703645.35	7458309.4	-3.4783
703600.8818	7458308.638	-2.5909
703607.6909	7458285.919	-1.3032
703608.9409	7458312.319	-2.9069
703616.9955	7458291.16	-1.3845
703617	7458316	-2.3869
703626.3	7458296.4	-1.714
703625.85	7458319.95	-2.0709
703635.825	7458302.9	-2.0761
