58	3636	3618	3616	3538	3536	2898	2900	2902	2904	2906	2965	2895	2893	2826	2824	2428	2426	2432	2493	2491	2495	2831	2834	2836	2838	2855	1925	1923	1921	1919	1915	1866	1864	1238	1236	1234	1207	1204	766	765	762	759	760	254	251	249	248	244	1149	1151	1147	1042	1040	1532	1531	1583	1585	1644
0	-7.08661E-05	-7.08661E-05	-7.08661E-05	-7.08661E-05	-7.08661E-05	-0.000548416	-0.000548416	-0.000548416	-0.000548416	-0.000548416	-0.000405315	-0.000405315	-0.000405315	-0.000405315	-0.000405315	-0.006052344	-0.006052344	-0.006052344	-0.003641248	-0.003641248	-0.003641248	-0.000440531	-0.000440531	-0.000440531	-0.000440531	-0.000440531	-0.000443293	-0.000443293	-0.000443293	-0.000443293	-0.000443293	-0.000443293	-0.000443293	-0.000377421	-0.000377421	-0.000377421	-0.000377421	-0.000377421	-0.000497637	-0.000497637	-0.000497637	-0.000497637	-0.000497637	-0.00077891	-0.00077891	-0.00077891	-0.00077891	-0.00077891	-0.000759108	-0.000759108	-0.000759108	-0.000759108	-0.000759108	-0.000617756	-0.000617756	-0.000617756	-0.000617756	-0.000617756
1116	-4.82323E-05	-4.82323E-05	-4.82323E-05	-4.82323E-05	-4.82323E-05	-0.000373259	-0.000373259	-0.000373259	-0.000373259	-0.000373259	-0.000275862	-0.000275862	-0.000275862	-0.000275862	-0.000275862	-0.004119297	-0.004119297	-0.004119297	-0.002478276	-0.002478276	-0.002478276	-0.000299831	-0.000299831	-0.000299831	-0.000299831	-0.000299831	-0.00030171	-0.00030171	-0.00030171	-0.00030171	-0.00030171	-0.00030171	-0.00030171	-0.000256878	-0.000256878	-0.000256878	-0.000256878	-0.000256878	-0.000338698	-0.000338698	-0.000338698	-0.000338698	-0.000338698	-0.000530136	-0.000530136	-0.000530136	-0.000530136	-0.000530136	-0.000516658	-0.000516658	-0.000516658	-0.000516658	-0.000516658	-0.000420452	-0.000420452	-0.000420452	-0.000420452	-0.000420452
2232	-5.18239E-05	-5.18239E-05	-5.18239E-05	-5.18239E-05	-5.18239E-05	-0.000401054	-0.000401054	-0.000401054	-0.000401054	-0.000401054	-0.000296405	-0.000296405	-0.000296405	-0.000296405	-0.000296405	-0.004426041	-0.004426041	-0.004426041	-0.002662822	-0.002662822	-0.002662822	-0.000322158	-0.000322158	-0.000322158	-0.000322158	-0.000322158	-0.000324177	-0.000324177	-0.000324177	-0.000324177	-0.000324177	-0.000324177	-0.000324177	-0.000276006	-0.000276006	-0.000276006	-0.000276006	-0.000276006	-0.000363919	-0.000363919	-0.000363919	-0.000363919	-0.000363919	-0.000569612	-0.000569612	-0.000569612	-0.000569612	-0.000569612	-0.000555131	-0.000555131	-0.000555131	-0.000555131	-0.000555131	-0.000451761	-0.000451761	-0.000451761	-0.000451761	-0.000451761
3348	-5.54155E-05	-5.54155E-05	-5.54155E-05	-5.54155E-05	-5.54155E-05	-0.000428848	-0.000428848	-0.000428848	-0.000428848	-0.000428848	-0.000316947	-0.000316947	-0.000316947	-0.000316947	-0.000316947	-0.004732786	-0.004732786	-0.004732786	-0.002847367	-0.002847367	-0.002847367	-0.000344485	-0.000344485	-0.000344485	-0.000344485	-0.000344485	-0.000346644	-0.000346644	-0.000346644	-0.000346644	-0.000346644	-0.000346644	-0.000346644	-0.000295134	-0.000295134	-0.000295134	-0.000295134	-0.000295134	-0.00038914	-0.00038914	-0.00038914	-0.00038914	-0.00038914	-0.000609089	-0.000609089	-0.000609089	-0.000609089	-0.000609089	-0.000593604	-0.000593604	-0.000593604	-0.000593604	-0.000593604	-0.000483071	-0.000483071	-0.000483071	-0.000483071	-0.000483071
4464	-5.5729E-05	-5.5729E-05	-5.5729E-05	-5.5729E-05	-5.5729E-05	-0.000431274	-0.000431274	-0.000431274	-0.000431274	-0.000431274	-0.00031874	-0.00031874	-0.00031874	-0.00031874	-0.00031874	-0.004759556	-0.004759556	-0.004759556	-0.002863473	-0.002863473	-0.002863473	-0.000346433	-0.000346433	-0.000346433	-0.000346433	-0.000346433	-0.000348605	-0.000348605	-0.000348605	-0.000348605	-0.000348605	-0.000348605	-0.000348605	-0.000296804	-0.000296804	-0.000296804	-0.000296804	-0.000296804	-0.000391341	-0.000391341	-0.000391341	-0.000391341	-0.000391341	-0.000612534	-0.000612534	-0.000612534	-0.000612534	-0.000612534	-0.000596961	-0.000596961	-0.000596961	-0.000596961	-0.000596961	-0.000485803	-0.000485803	-0.000485803	-0.000485803	-0.000485803
5580	-5.27643E-05	-5.27643E-05	-5.27643E-05	-5.27643E-05	-5.27643E-05	-0.000408331	-0.000408331	-0.000408331	-0.000408331	-0.000408331	-0.000301783	-0.000301783	-0.000301783	-0.000301783	-0.000301783	-0.004506353	-0.004506353	-0.004506353	-0.002711139	-0.002711139	-0.002711139	-0.000328003	-0.000328003	-0.000328003	-0.000328003	-0.000328003	-0.000330059	-0.000330059	-0.000330059	-0.000330059	-0.000330059	-0.000330059	-0.000330059	-0.000281014	-0.000281014	-0.000281014	-0.000281014	-0.000281014	-0.000370522	-0.000370522	-0.000370522	-0.000370522	-0.000370522	-0.000579948	-0.000579948	-0.000579948	-0.000579948	-0.000579948	-0.000565204	-0.000565204	-0.000565204	-0.000565204	-0.000565204	-0.000459959	-0.000459959	-0.000459959	-0.000459959	-0.000459959
6696	-5.30777E-05	-5.30777E-05	-5.30777E-05	-5.30777E-05	-5.30777E-05	-0.000410756	-0.000410756	-0.000410756	-0.000410756	-0.000410756	-0.000303576	-0.000303576	-0.000303576	-0.000303576	-0.000303576	-0.004533123	-0.004533123	-0.004533123	-0.002727245	-0.002727245	-0.002727245	-0.000329952	-0.000329952	-0.000329952	-0.000329952	-0.000329952	-0.00033202	-0.00033202	-0.00033202	-0.00033202	-0.00033202	-0.00033202	-0.00033202	-0.000282684	-0.000282684	-0.000282684	-0.000282684	-0.000282684	-0.000372723	-0.000372723	-0.000372723	-0.000372723	-0.000372723	-0.000583393	-0.000583393	-0.000583393	-0.000583393	-0.000583393	-0.000568561	-0.000568561	-0.000568561	-0.000568561	-0.000568561	-0.000462691	-0.000462691	-0.000462691	-0.000462691	-0.000462691
7812	-3.37408E-05	-3.37408E-05	-3.37408E-05	-3.37408E-05	-3.37408E-05	-0.000261112	-0.000261112	-0.000261112	-0.000261112	-0.000261112	-0.000192979	-0.000192979	-0.000192979	-0.000192979	-0.000192979	-0.002881644	-0.002881644	-0.002881644	-0.001733672	-0.001733672	-0.001733672	-0.000209746	-0.000209746	-0.000209746	-0.000209746	-0.000209746	-0.000211061	-0.000211061	-0.000211061	-0.000211061	-0.000211061	-0.000211061	-0.000211061	-0.000179698	-0.000179698	-0.000179698	-0.000179698	-0.000179698	-0.000236935	-0.000236935	-0.000236935	-0.000236935	-0.000236935	-0.000370855	-0.000370855	-0.000370855	-0.000370855	-0.000370855	-0.000361426	-0.000361426	-0.000361426	-0.000361426	-0.000361426	-0.000294126	-0.000294126	-0.000294126	-0.000294126	-0.000294126
8928	-1.18589E-05	-1.18589E-05	-1.18589E-05	-1.18589E-05	-1.18589E-05	-9.17733E-05	-9.17733E-05	-9.17733E-05	-9.17733E-05	-9.17733E-05	-6.78265E-05	-6.78265E-05	-6.78265E-05	-6.78265E-05	-6.78265E-05	-0.001012814	-0.001012814	-0.001012814	-0.000609335	-0.000609335	-0.000609335	-7.37196E-05	-7.37196E-05	-7.37196E-05	-7.37196E-05	-7.37196E-05	-7.41817E-05	-7.41817E-05	-7.41817E-05	-7.41817E-05	-7.41817E-05	-7.41817E-05	-7.41817E-05	-6.31586E-05	-6.31586E-05	-6.31586E-05	-6.31586E-05	-6.31586E-05	-8.32758E-05	-8.32758E-05	-8.32758E-05	-8.32758E-05	-8.32758E-05	-0.000130345	-0.000130345	-0.000130345	-0.000130345	-0.000130345	0.000127031	0.000127031	0.000127031	0.000127031	0.000127031	-0.000103377	-0.000103377	-0.000103377	-0.000103377	-0.000103377
10044	-9.02217E-05	-9.02217E-05	-9.02217E-05	-9.02217E-05	-9.02217E-05	-0.000698205	-0.000698205	-0.000698205	-0.000698205	-0.000698205	-0.000516019	-0.000516019	-0.000516019	-0.000516019	-0.000516019	-0.007705417	-0.007705417	-0.007705417	-0.004635779	-0.004635779	-0.004635779	-0.000560853	-0.000560853	-0.000560853	-0.000560853	-0.000560853	-0.000564369	-0.000564369	-0.000564369	-0.000564369	-0.000564369	-0.000564369	-0.000564369	-0.000480506	-0.000480506	-0.000480506	-0.000480506	-0.000480506	-0.000633557	-0.000633557	-0.000633557	-0.000633557	-0.000633557	-0.000991654	-0.000991654	-0.000991654	-0.000991654	-0.000991654	-0.000966442	-0.000966442	-0.000966442	-0.000966442	-0.000966442	-0.000786484	-0.000786484	-0.000786484	-0.000786484	-0.000786484
11160	-0.000188253	-0.000188253	-0.000188253	-0.000188253	-0.000188253	-0.001456851	-0.001456851	-0.001456851	-0.001456851	-0.001456851	-0.001076708	-0.001076708	-0.001076708	-0.001076708	-0.001076708	-0.016077863	-0.016077863	-0.016077863	-0.009672861	-0.009672861	-0.009672861	-0.001170258	-0.001170258	-0.001170258	-0.001170258	-0.001170258	-0.001177593	-0.001177593	-0.001177593	-0.001177593	-0.001177593	-0.001177593	-0.001177593	-0.001002608	-0.001002608	-0.001002608	-0.001002608	-0.001002608	-0.001321958	-0.001321958	-0.001321958	-0.001321958	-0.001321958	-0.002069151	-0.002069151	-0.002069151	-0.002069151	-0.002069151	-0.002016546	-0.002016546	-0.002016546	-0.002016546	-0.002016546	-0.001641051	-0.001641051	-0.001641051	-0.001641051	-0.001641051
12276	-0.000312511	-0.000312511	-0.000312511	-0.000312511	-0.000312511	-0.00241845	-0.00241845	-0.00241845	-0.00241845	-0.00241845	-0.001787391	-0.001787391	-0.001787391	-0.001787391	-0.001787391	-0.026690101	-0.026690101	-0.026690101	-0.016057459	-0.016057459	-0.016057459	-0.001942689	-0.001942689	-0.001942689	-0.001942689	-0.001942689	-0.001954867	-0.001954867	-0.001954867	-0.001954867	-0.001954867	-0.001954867	-0.001954867	-0.001664383	-0.001664383	-0.001664383	-0.001664383	-0.001664383	-0.002194519	-0.002194519	-0.002194519	-0.002194519	-0.002194519	-0.0034349	-0.0034349	-0.0034349	-0.0034349	-0.0034349	-0.003347572	-0.003347572	-0.003347572	-0.003347572	-0.003347572	-0.002724231	-0.002724231	-0.002724231	-0.002724231	-0.002724231
13392	-0.000443324	-0.000443324	-0.000443324	-0.000443324	-0.000443324	-0.003430787	-0.003430787	-0.003430787	-0.003430787	-0.003430787	-0.002535574	-0.002535574	-0.002535574	-0.002535574	-0.002535574	-0.037862286	-0.037862286	-0.037862286	-0.022778936	-0.022778936	-0.022778936	-0.002755878	-0.002755878	-0.002755878	-0.002755878	-0.002755878	-0.002773153	-0.002773153	-0.002773153	-0.002773153	-0.002773153	-0.002773153	-0.002773153	-0.002361075	-0.002361075	-0.002361075	-0.002361075	-0.002361075	-0.003113121	-0.003113121	-0.003113121	-0.003113121	-0.003113121	-0.004872712	-0.004872712	-0.004872712	-0.004872712	-0.004872712	-0.004748829	-0.004748829	-0.004748829	-0.004748829	-0.004748829	-0.003864564	-0.003864564	-0.003864564	-0.003864564	-0.003864564
14508	-0.000633145	-0.000633145	-0.000633145	-0.000633145	-0.000633145	-0.004899767	-0.004899767	-0.004899767	-0.004899767	-0.004899767	-0.003621245	-0.003621245	-0.003621245	-0.003621245	-0.003621245	-0.054074002	-0.054074002	-0.054074002	-0.032532326	-0.032532326	-0.032532326	-0.003935878	-0.003935878	-0.003935878	-0.003935878	-0.003935878	-0.00396055	-0.00396055	-0.00396055	-0.00396055	-0.00396055	-0.00396055	-0.00396055	-0.00337203	-0.00337203	-0.00337203	-0.00337203	-0.00337203	-0.004446085	-0.004446085	-0.004446085	-0.004446085	-0.004446085	-0.006959089	-0.006959089	-0.006959089	-0.006959089	-0.006959089	-0.006782163	-0.006782163	-0.006782163	-0.006782163	-0.006782163	-0.005519277	-0.005519277	-0.005519277	-0.005519277	-0.005519277
15624	-0.000829548	-0.000829548	-0.000829548	-0.000829548	-0.000829548	-0.006419687	-0.006419687	-0.006419687	-0.006419687	-0.006419687	-0.004744565	-0.004744565	-0.004744565	-0.004744565	-0.004744565	-0.070847896	-0.070847896	-0.070847896	-0.042623937	-0.042623937	-0.042623937	-0.005156798	-0.005156798	-0.005156798	-0.005156798	-0.005156798	-0.005189123	-0.005189123	-0.005189123	-0.005189123	-0.005189123	-0.005189123	-0.005189123	-0.004418043	-0.004418043	-0.004418043	-0.004418043	-0.004418043	-0.005825271	-0.005825271	-0.005825271	-0.005825271	-0.005825271	-0.009117816	-0.009117816	-0.009117816	-0.009117816	-0.009117816	-0.008886007	-0.008886007	-0.008886007	-0.008886007	-0.008886007	-0.007231371	-0.007231371	-0.007231371	-0.007231371	-0.007231371
16740	-0.001070905	-0.001070905	-0.001070905	-0.001070905	-0.001070905	-0.008287497	-0.008287497	-0.008287497	-0.008287497	-0.008287497	-0.006124998	-0.006124998	-0.006124998	-0.006124998	-0.006124998	-0.091461113	-0.091461113	-0.091461113	-0.055025385	-0.055025385	-0.055025385	-0.00665717	-0.00665717	-0.00665717	-0.00665717	-0.00665717	-0.0066989	-0.0066989	-0.0066989	-0.0066989	-0.0066989	-0.0066989	-0.0066989	-0.005703474	-0.005703474	-0.005703474	-0.005703474	-0.005703474	-0.007520136	-0.007520136	-0.007520136	-0.007520136	-0.007520136	-0.011770648	-0.011770648	-0.011770648	-0.011770648	-0.011770648	-0.011471394	-0.011471394	-0.011471394	-0.011471394	-0.011471394	-0.009335341	-0.009335341	-0.009335341	-0.009335341	-0.009335341
17856	-0.001276471	-0.001276471	-0.001276471	-0.001276471	-0.001276471	-0.009878319	-0.009878319	-0.009878319	-0.009878319	-0.009878319	-0.007300718	-0.007300718	-0.007300718	-0.007300718	-0.007300718	-0.109017484	-0.109017484	-0.109017484	-0.065587754	-0.065587754	-0.065587754	-0.007935043	-0.007935043	-0.007935043	-0.007935043	-0.007935043	-0.007984784	-0.007984784	-0.007984784	-0.007984784	-0.007984784	-0.007984784	-0.007984784	-0.006798281	-0.006798281	-0.006798281	-0.006798281	-0.006798281	-0.00896366	-0.00896366	-0.00896366	-0.00896366	-0.00896366	-0.014030076	-0.014030076	-0.014030076	-0.014030076	-0.014030076	-0.013673379	-0.013673379	-0.013673379	-0.013673379	-0.013673379	-0.011127302	-0.011127302	-0.011127302	-0.011127302	-0.011127302
18972	-0.00150538	-0.00150538	-0.00150538	-0.00150538	-0.00150538	-0.011649797	-0.011649797	-0.011649797	-0.011649797	-0.011649797	-0.008609956	-0.008609956	-0.008609956	-0.008609956	-0.008609956	-0.128567581	-0.128567581	-0.128567581	-0.077349602	-0.077349602	-0.077349602	-0.009358034	-0.009358034	-0.009358034	-0.009358034	-0.009358034	-0.009416695	-0.009416695	-0.009416695	-0.009416695	-0.009416695	-0.009416695	-0.009416695	-0.008017417	-0.008017417	-0.008017417	-0.008017417	-0.008017417	-0.010571112	-0.010571112	-0.010571112	-0.010571112	-0.010571112	-0.016546089	-0.016546089	-0.016546089	-0.016546089	-0.016546089	-0.016125425	-0.016125425	-0.016125425	-0.016125425	-0.016125425	-0.01312276	-0.01312276	-0.01312276	-0.01312276	-0.01312276
20088	-0.001752975	-0.001752975	-0.001752975	-0.001752975	-0.001752975	-0.013565879	-0.013565879	-0.013565879	-0.013565879	-0.013565879	-0.010026064	-0.010026064	-0.010026064	-0.010026064	-0.010026064	-0.14971353	-0.14971353	-0.14971353	-0.090071554	-0.090071554	-0.090071554	-0.010897181	-0.010897181	-0.010897181	-0.010897181	-0.010897181	-0.010965491	-0.010965491	-0.010965491	-0.010965491	-0.010965491	-0.010965491	-0.010965491	-0.009336068	-0.009336068	-0.009336068	-0.009336068	-0.009336068	-0.012309779	-0.012309779	-0.012309779	-0.012309779	-0.012309779	-0.01926748	-0.01926748	-0.01926748	-0.01926748	-0.01926748	-0.018777629	-0.018777629	-0.018777629	-0.018777629	-0.018777629	-0.015281105	-0.015281105	-0.015281105	-0.015281105	-0.015281105
21204	-0.00200057	-0.00200057	-0.00200057	-0.00200057	-0.00200057	-0.015481961	-0.015481961	-0.015481961	-0.015481961	-0.015481961	-0.011442173	-0.011442173	-0.011442173	-0.011442173	-0.011442173	-0.170859478	-0.170859478	-0.170859478	-0.102793507	-0.102793507	-0.102793507	-0.012436329	-0.012436329	-0.012436329	-0.012436329	-0.012436329	-0.012514287	-0.012514287	-0.012514287	-0.012514287	-0.012514287	-0.012514287	-0.012514287	-0.01065472	-0.01065472	-0.01065472	-0.01065472	-0.01065472	-0.014048446	-0.014048446	-0.014048446	-0.014048446	-0.014048446	-0.021988872	-0.021988872	-0.021988872	-0.021988872	-0.021988872	-0.021429833	-0.021429833	-0.021429833	-0.021429833	-0.021429833	-0.01743945	-0.01743945	-0.01743945	-0.01743945	-0.01743945
22320	-0.00222464	-0.00222464	-0.00222464	-0.00222464	-0.00222464	-0.017215992	-0.017215992	-0.017215992	-0.017215992	-0.017215992	-0.012723735	-0.012723735	-0.012723735	-0.012723735	-0.012723735	-0.189996307	-0.189996307	-0.189996307	-0.114306721	-0.114306721	-0.114306721	-0.013829239	-0.013829239	-0.013829239	-0.013829239	-0.013829239	-0.013915929	-0.013915929	-0.013915929	-0.013915929	-0.013915929	-0.013915929	-0.013915929	-0.011848084	-0.011848084	-0.011848084	-0.011848084	-0.011848084	-0.015621919	-0.015621919	-0.015621919	-0.015621919	-0.015621919	-0.024451699	-0.024451699	-0.024451699	-0.024451699	-0.024451699	-0.023830045	-0.023830045	-0.023830045	-0.023830045	-0.023830045	-0.019392727	-0.019392727	-0.019392727	-0.019392727	-0.019392727
23436	-0.00238577	-0.00238577	-0.00238577	-0.00238577	-0.00238577	-0.018462937	-0.018462937	-0.018462937	-0.018462937	-0.018462937	-0.013645308	-0.013645308	-0.013645308	-0.013645308	-0.013645308	-0.203757637	-0.203757637	-0.203757637	-0.122585896	-0.122585896	-0.122585896	-0.014830884	-0.014830884	-0.014830884	-0.014830884	-0.014830884	-0.014923852	-0.014923852	-0.014923852	-0.014923852	-0.014923852	-0.014923852	-0.014923852	-0.012706235	-0.012706235	-0.012706235	-0.012706235	-0.012706235	-0.016753406	-0.016753406	-0.016753406	-0.016753406	-0.016753406	-0.026222722	-0.026222722	-0.026222722	-0.026222722	-0.026222722	-0.025556043	-0.025556043	-0.025556043	-0.025556043	-0.025556043	-0.020797331	-0.020797331	-0.020797331	-0.020797331	-0.020797331
24552	-0.002999016	-0.002999016	-0.002999016	-0.002999016	-0.002999016	-0.02320871	-0.02320871	-0.02320871	-0.02320871	-0.02320871	-0.017152742	-0.017152742	-0.017152742	-0.017152742	-0.017152742	-0.256132164	-0.256132164	-0.256132164	-0.154095773	-0.154095773	-0.154095773	-0.018643062	-0.018643062	-0.018643062	-0.018643062	-0.018643062	-0.018759928	-0.018759928	-0.018759928	-0.018759928	-0.018759928	-0.018759928	-0.018759928	-0.015972287	-0.015972287	-0.015972287	-0.015972287	-0.015972287	-0.021059756	-0.021059756	-0.021059756	-0.021059756	-0.021059756	-0.032963096	-0.032963096	-0.032963096	-0.032963096	-0.032963096	-0.032125051	-0.032125051	-0.032125051	-0.032125051	-0.032125051	-0.026143145	-0.026143145	-0.026143145	-0.026143145	-0.026143145
25668	-0.003227031	-0.003227031	-0.003227031	-0.003227031	-0.003227031	-0.024973265	-0.024973265	-0.024973265	-0.024973265	-0.024973265	-0.018456863	-0.018456863	-0.018456863	-0.018456863	-0.018456863	-0.275605854	-0.275605854	-0.275605854	-0.165811652	-0.165811652	-0.165811652	-0.020060492	-0.020060492	-0.020060492	-0.020060492	-0.020060492	-0.020186242	-0.020186242	-0.020186242	-0.020186242	-0.020186242	-0.020186242	-0.020186242	-0.017186657	-0.017186657	-0.017186657	-0.017186657	-0.017186657	-0.022660926	-0.022660926	-0.022660926	-0.022660926	-0.022660926	-0.035469275	-0.035469275	-0.035469275	-0.035469275	-0.035469275	-0.034567514	-0.034567514	-0.034567514	-0.034567514	-0.034567514	-0.028130804	-0.028130804	-0.028130804	-0.028130804	-0.028130804
26784	-0.003462902	-0.003462902	-0.003462902	-0.003462902	-0.003462902	-0.026798625	-0.026798625	-0.026798625	-0.026798625	-0.026798625	-0.019805922	-0.019805922	-0.019805922	-0.019805922	-0.019805922	-0.295750589	-0.295750589	-0.295750589	-0.177931249	-0.177931249	-0.177931249	-0.021526764	-0.021526764	-0.021526764	-0.021526764	-0.021526764	-0.021661706	-0.021661706	-0.021661706	-0.021661706	-0.021661706	-0.021661706	-0.021661706	-0.018442874	-0.018442874	-0.018442874	-0.018442874	-0.018442874	-0.024317271	-0.024317271	-0.024317271	-0.024317271	-0.024317271	-0.038061815	-0.038061815	-0.038061815	-0.038061815	-0.038061815	-0.037094142	-0.037094142	-0.037094142	-0.037094142	-0.037094142	-0.030186957	-0.030186957	-0.030186957	-0.030186957	-0.030186957
27900	-0.003718443	-0.003718443	-0.003718443	-0.003718443	-0.003718443	-0.028776199	-0.028776199	-0.028776199	-0.028776199	-0.028776199	-0.021267477	-0.021267477	-0.021267477	-0.021267477	-0.021267477	-0.317575168	-0.317575168	-0.317575168	-0.191061483	-0.191061483	-0.191061483	-0.023115307	-0.023115307	-0.023115307	-0.023115307	-0.023115307	-0.023260207	-0.023260207	-0.023260207	-0.023260207	-0.023260207	-0.023260207	-0.023260207	-0.019803845	-0.019803845	-0.019803845	-0.019803845	-0.019803845	-0.026111736	-0.026111736	-0.026111736	-0.026111736	-0.026111736	-0.040870543	-0.040870543	-0.040870543	-0.040870543	-0.040870543	-0.039831462	-0.039831462	-0.039831462	-0.039831462	-0.039831462	-0.032414569	-0.032414569	-0.032414569	-0.032414569	-0.032414569
29016	-0.00415484	-0.00415484	-0.00415484	-0.00415484	-0.00415484	-0.032153377	-0.032153377	-0.032153377	-0.032153377	-0.032153377	-0.023763431	-0.023763431	-0.023763431	-0.023763431	-0.023763431	-0.354845828	-0.354845828	-0.354845828	-0.213484482	-0.213484482	-0.213484482	-0.025828123	-0.025828123	-0.025828123	-0.025828123	-0.025828123	-0.025990028	-0.025990028	-0.025990028	-0.025990028	-0.025990028	-0.025990028	-0.025990028	-0.022128026	-0.022128026	-0.022128026	-0.022128026	-0.022128026	-0.029176213	-0.029176213	-0.029176213	-0.029176213	-0.029176213	-0.045667115	-0.045667115	-0.045667115	-0.045667115	-0.045667115	-0.044506087	-0.044506087	-0.044506087	-0.044506087	-0.044506087	-0.036218747	-0.036218747	-0.036218747	-0.036218747	-0.036218747
30132	-0.003924838	-0.003924838	-0.003924838	-0.003924838	-0.003924838	-0.030373439	-0.030373439	-0.030373439	-0.030373439	-0.030373439	-0.022447941	-0.022447941	-0.022447941	-0.022447941	-0.022447941	-0.335202369	-0.335202369	-0.335202369	-0.201666466	-0.201666466	-0.201666466	-0.024398336	-0.024398336	-0.024398336	-0.024398336	-0.024398336	-0.024551279	-0.024551279	-0.024551279	-0.024551279	-0.024551279	-0.024551279	-0.024551279	-0.020903069	-0.020903069	-0.020903069	-0.020903069	-0.020903069	-0.027561084	-0.027561084	-0.027561084	-0.027561084	-0.027561084	-0.043139087	-0.043139087	-0.043139087	-0.043139087	-0.043139087	-0.042042331	-0.042042331	-0.042042331	-0.042042331	-0.042042331	-0.034213759	-0.034213759	-0.034213759	-0.034213759	-0.034213759
31248	-0.00452045	-0.00452045	-0.00452045	-0.00452045	-0.00452045	-0.034982745	-0.034982745	-0.034982745	-0.034982745	-0.034982745	-0.025854518	-0.025854518	-0.025854518	-0.025854518	-0.025854518	-0.386070836	-0.386070836	-0.386070836	-0.232270259	-0.232270259	-0.232270259	-0.028100894	-0.028100894	-0.028100894	-0.028100894	-0.028100894	-0.028277046	-0.028277046	-0.028277046	-0.028277046	-0.028277046	-0.028277046	-0.028277046	-0.024075204	-0.024075204	-0.024075204	-0.024075204	-0.024075204	-0.031743602	-0.031743602	-0.031743602	-0.031743602	-0.031743602	-0.049685638	-0.049685638	-0.049685638	-0.049685638	-0.049685638	-0.048422444	-0.048422444	-0.048422444	-0.048422444	-0.048422444	-0.039405851	-0.039405851	-0.039405851	-0.039405851	-0.039405851
32364	-0.004824188	-0.004824188	-0.004824188	-0.004824188	-0.004824188	-0.037333305	-0.037333305	-0.037333305	-0.037333305	-0.037333305	-0.027591734	-0.027591734	-0.027591734	-0.027591734	-0.027591734	-0.4120117	-0.4120117	-0.4120117	-0.247876958	-0.247876958	-0.247876958	-0.029989048	-0.029989048	-0.029989048	-0.029989048	-0.029989048	-0.030177036	-0.030177036	-0.030177036	-0.030177036	-0.030177036	-0.030177036	-0.030177036	-0.025692864	-0.025692864	-0.025692864	-0.025692864	-0.025692864	-0.033876518	-0.033876518	-0.033876518	-0.033876518	-0.033876518	-0.053024114	-0.053024114	-0.053024114	-0.053024114	-0.053024114	-0.051676044	-0.051676044	-0.051676044	-0.051676044	-0.051676044	-0.042053608	-0.042053608	-0.042053608	-0.042053608	-0.042053608
33480	-0.005138723	-0.005138723	-0.005138723	-0.005138723	-0.005138723	-0.039767421	-0.039767421	-0.039767421	-0.039767421	-0.039767421	-0.029390703	-0.029390703	-0.029390703	-0.029390703	-0.029390703	-0.438874693	-0.438874693	-0.438874693	-0.264038433	-0.264038433	-0.264038433	-0.031944322	-0.031944322	-0.031944322	-0.031944322	-0.031944322	-0.032144567	-0.032144567	-0.032144567	-0.032144567	-0.032144567	-0.032144567	-0.032144567	-0.027368029	-0.027368029	-0.027368029	-0.027368029	-0.027368029	-0.036085253	-0.036085253	-0.036085253	-0.036085253	-0.036085253	-0.056481265	-0.056481265	-0.056481265	-0.056481265	-0.056481265	-0.055045301	-0.055045301	-0.055045301	-0.055045301	-0.055045301	-0.044795486	-0.044795486	-0.044795486	-0.044795486	-0.044795486
34596	-0.005424756	-0.005424756	-0.005424756	-0.005424756	-0.005424756	-0.041980968	-0.041980968	-0.041980968	-0.041980968	-0.041980968	-0.031026658	-0.031026658	-0.031026658	-0.031026658	-0.031026658	-0.463303475	-0.463303475	-0.463303475	-0.278735424	-0.278735424	-0.278735424	-0.033722417	-0.033722417	-0.033722417	-0.033722417	-0.033722417	-0.033933808	-0.033933808	-0.033933808	-0.033933808	-0.033933808	-0.033933808	-0.033933808	-0.028891396	-0.028891396	-0.028891396	-0.028891396	-0.028891396	-0.038093841	-0.038093841	-0.038093841	-0.038093841	-0.038093841	-0.059625143	-0.059625143	-0.059625143	-0.059625143	-0.059625143	-0.058109249	-0.058109249	-0.058109249	-0.058109249	-0.058109249	-0.047288906	-0.047288906	-0.047288906	-0.047288906	-0.047288906
35712	-0.005739304	-0.005739304	-0.005739304	-0.005739304	-0.005739304	-0.044415185	-0.044415185	-0.044415185	-0.044415185	-0.044415185	-0.032825702	-0.032825702	-0.032825702	-0.032825702	-0.032825702	-0.490167584	-0.490167584	-0.490167584	-0.294897571	-0.294897571	-0.294897571	-0.035677772	-0.035677772	-0.035677772	-0.035677772	-0.035677772	-0.03590142	-0.03590142	-0.03590142	-0.03590142	-0.03590142	-0.03590142	-0.03590142	-0.03056663	-0.03056663	-0.03056663	-0.03056663	-0.03056663	-0.040302668	-0.040302668	-0.040302668	-0.040302668	-0.040302668	-0.063082437	-0.063082437	-0.063082437	-0.063082437	-0.063082437	-0.061478646	-0.061478646	-0.061478646	-0.061478646	-0.061478646	-0.050030898	-0.050030898	-0.050030898	-0.050030898	-0.050030898
36828	-0.006038138	-0.006038138	-0.006038138	-0.006038138	-0.006038138	-0.046727793	-0.046727793	-0.046727793	-0.046727793	-0.046727793	-0.034534869	-0.034534869	-0.034534869	-0.034534869	-0.034534869	-0.515689602	-0.515689602	-0.515689602	-0.310252281	-0.310252281	-0.310252281	-0.03753544	-0.03753544	-0.03753544	-0.03753544	-0.03753544	-0.037770733	-0.037770733	-0.037770733	-0.037770733	-0.037770733	-0.037770733	-0.037770733	-0.032158172	-0.032158172	-0.032158172	-0.032158172	-0.032158172	-0.042401145	-0.042401145	-0.042401145	-0.042401145	-0.042401145	-0.06636701	-0.06636701	-0.06636701	-0.06636701	-0.06636701	-0.064679713	-0.064679713	-0.064679713	-0.064679713	-0.064679713	-0.052635904	-0.052635904	-0.052635904	-0.052635904	-0.052635904
37944	-0.00639858	-0.00639858	-0.00639858	-0.00639858	-0.00639858	-0.049517177	-0.049517177	-0.049517177	-0.049517177	-0.049517177	-0.036596405	-0.036596405	-0.036596405	-0.036596405	-0.036596405	-0.546473345	-0.546473345	-0.546473345	-0.328772582	-0.328772582	-0.328772582	-0.039776093	-0.039776093	-0.039776093	-0.039776093	-0.039776093	-0.040025431	-0.040025431	-0.040025431	-0.040025431	-0.040025431	-0.040025431	-0.040025431	-0.034077832	-0.034077832	-0.034077832	-0.034077832	-0.034077832	-0.044932253	-0.044932253	-0.044932253	-0.044932253	-0.044932253	-0.070328744	-0.070328744	-0.070328744	-0.070328744	-0.070328744	-0.068540725	-0.068540725	-0.068540725	-0.068540725	-0.068540725	-0.055777969	-0.055777969	-0.055777969	-0.055777969	-0.055777969
39060	-0.006195386	-0.006195386	-0.006195386	-0.006195386	-0.006195386	-0.047944699	-0.047944699	-0.047944699	-0.047944699	-0.047944699	-0.035434242	-0.035434242	-0.035434242	-0.035434242	-0.035434242	-0.529119426	-0.529119426	-0.529119426	-0.318332012	-0.318332012	-0.318332012	-0.038512955	-0.038512955	-0.038512955	-0.038512955	-0.038512955	-0.038754376	-0.038754376	-0.038754376	-0.038754376	-0.038754376	-0.038754376	-0.038754376	-0.03299565	-0.03299565	-0.03299565	-0.03299565	-0.03299565	-0.043505375	-0.043505375	-0.043505375	-0.043505375	-0.043505375	-0.06809537	-0.06809537	-0.06809537	-0.06809537	-0.06809537	-0.066364131	-0.066364131	-0.066364131	-0.066364131	-0.066364131	-0.054006672	-0.054006672	-0.054006672	-0.054006672	-0.054006672
40176	-0.006716354	-0.006716354	-0.006716354	-0.006716354	-0.006716354	-0.051976359	-0.051976359	-0.051976359	-0.051976359	-0.051976359	-0.0384139	-0.0384139	-0.0384139	-0.0384139	-0.0384139	-0.573612966	-0.573612966	-0.573612966	-0.345100484	-0.345100484	-0.345100484	-0.041751501	-0.041751501	-0.041751501	-0.041751501	-0.041751501	-0.042013223	-0.042013223	-0.042013223	-0.042013223	-0.042013223	-0.042013223	-0.042013223	-0.035770247	-0.035770247	-0.035770247	-0.035770247	-0.035770247	-0.047163733	-0.047163733	-0.047163733	-0.047163733	-0.047163733	-0.073821495	-0.073821495	-0.073821495	-0.073821495	-0.073821495	-0.071944677	-0.071944677	-0.071944677	-0.071944677	-0.071944677	-0.058548082	-0.058548082	-0.058548082	-0.058548082	-0.058548082
41292	-0.00644104	-0.00644104	-0.00644104	-0.00644104	-0.00644104	-0.049845762	-0.049845762	-0.049845762	-0.049845762	-0.049845762	-0.036839251	-0.036839251	-0.036839251	-0.036839251	-0.036839251	-0.550099621	-0.550099621	-0.550099621	-0.330954243	-0.330954243	-0.330954243	-0.040040038	-0.040040038	-0.040040038	-0.040040038	-0.040040038	-0.040291031	-0.040291031	-0.040291031	-0.040291031	-0.040291031	-0.040291031	-0.040291031	-0.034303965	-0.034303965	-0.034303965	-0.034303965	-0.034303965	-0.045230413	-0.045230413	-0.045230413	-0.045230413	-0.045230413	-0.070795429	-0.070795429	-0.070795429	-0.070795429	-0.070795429	-0.068995546	-0.068995546	-0.068995546	-0.068995546	-0.068995546	-0.056148099	-0.056148099	-0.056148099	-0.056148099	-0.056148099
42408	-0.006997496	-0.006997496	-0.006997496	-0.006997496	-0.006997496	-0.054152054	-0.054152054	-0.054152054	-0.054152054	-0.054152054	-0.04002188	-0.04002188	-0.04002188	-0.04002188	-0.04002188	-0.597624018	-0.597624018	-0.597624018	-0.359546157	-0.359546157	-0.359546157	-0.043499191	-0.043499191	-0.043499191	-0.043499191	-0.043499191	-0.043771868	-0.043771868	-0.043771868	-0.043771868	-0.043771868	-0.043771868	-0.043771868	-0.037267565	-0.037267565	-0.037267565	-0.037267565	-0.037267565	-0.049137975	-0.049137975	-0.049137975	-0.049137975	-0.049137975	-0.076911613	-0.076911613	-0.076911613	-0.076911613	-0.076911613	-0.074956233	-0.074956233	-0.074956233	-0.074956233	-0.074956233	-0.060998865	-0.060998865	-0.060998865	-0.060998865	-0.060998865
43524	-0.007266827	-0.007266827	-0.007266827	-0.007266827	-0.007266827	-0.05623634	-0.05623634	-0.05623634	-0.05623634	-0.05623634	-0.041562302	-0.041562302	-0.041562302	-0.041562302	-0.041562302	-0.620626271	-0.620626271	-0.620626271	-0.373384911	-0.373384911	-0.373384911	-0.045173453	-0.045173453	-0.045173453	-0.045173453	-0.045173453	-0.045456626	-0.045456626	-0.045456626	-0.045456626	-0.045456626	-0.045456626	-0.045456626	-0.038701975	-0.038701975	-0.038701975	-0.038701975	-0.038701975	-0.051029271	-0.051029271	-0.051029271	-0.051029271	-0.051029271	-0.079871903	-0.079871903	-0.079871903	-0.079871903	-0.079871903	-0.077841261	-0.077841261	-0.077841261	-0.077841261	-0.077841261	-0.063346681	-0.063346681	-0.063346681	-0.063346681	-0.063346681
44640	-0.007506029	-0.007506029	-0.007506029	-0.007506029	-0.007506029	-0.058087473	-0.058087473	-0.058087473	-0.058087473	-0.058087473	-0.04293041	-0.04293041	-0.04293041	-0.04293041	-0.04293041	-0.641055442	-0.641055442	-0.641055442	-0.385675632	-0.385675632	-0.385675632	-0.046660429	-0.046660429	-0.046660429	-0.046660429	-0.046660429	-0.046952923	-0.046952923	-0.046952923	-0.046952923	-0.046952923	-0.046952923	-0.046952923	-0.039975929	-0.039975929	-0.039975929	-0.039975929	-0.039975929	-0.052709003	-0.052709003	-0.052709003	-0.052709003	-0.052709003	-0.082501048	-0.082501048	-0.082501048	-0.082501048	-0.082501048	-0.080403564	-0.080403564	-0.080403564	-0.080403564	-0.080403564	-0.065431866	-0.065431866	-0.065431866	-0.065431866	-0.065431866
45756	-0.007679694	-0.007679694	-0.007679694	-0.007679694	-0.007679694	-0.059431427	-0.059431427	-0.059431427	-0.059431427	-0.059431427	-0.043923679	-0.043923679	-0.043923679	-0.043923679	-0.043923679	-0.655887366	-0.655887366	-0.655887366	-0.394598903	-0.394598903	-0.394598903	-0.047739998	-0.047739998	-0.047739998	-0.047739998	-0.047739998	-0.048039259	-0.048039259	-0.048039259	-0.048039259	-0.048039259	-0.048039259	-0.048039259	-0.040900841	-0.040900841	-0.040900841	-0.040900841	-0.040900841	-0.053928517	-0.053928517	-0.053928517	-0.053928517	-0.053928517	-0.084409852	-0.084409852	-0.084409852	-0.084409852	-0.084409852	-0.082263839	-0.082263839	-0.082263839	-0.082263839	-0.082263839	-0.066945745	-0.066945745	-0.066945745	-0.066945745	-0.066945745
46872	-0.009006702	-0.009006702	-0.009006702	-0.009006702	-0.009006702	-0.069700844	-0.069700844	-0.069700844	-0.069700844	-0.069700844	-0.051513444	-0.051513444	-0.051513444	-0.051513444	-0.051513444	-0.769221021	-0.769221021	-0.769221021	-0.462783378	-0.462783378	-0.462783378	-0.055989202	-0.055989202	-0.055989202	-0.055989202	-0.055989202	-0.056340174	-0.056340174	-0.056340174	-0.056340174	-0.056340174	-0.056340174	-0.056340174	-0.047968277	-0.047968277	-0.047968277	-0.047968277	-0.047968277	-0.063247062	-0.063247062	-0.063247062	-0.063247062	-0.063247062	-0.098995401	-0.098995401	-0.098995401	-0.098995401	-0.098995401	-0.096478569	-0.096478569	-0.096478569	-0.096478569	-0.096478569	-0.078513594	-0.078513594	-0.078513594	-0.078513594	-0.078513594
47988	-0.009294972	-0.009294972	-0.009294972	-0.009294972	-0.009294972	-0.071931704	-0.071931704	-0.071931704	-0.071931704	-0.071931704	-0.053162194	-0.053162194	-0.053162194	-0.053162194	-0.053162194	-0.793840876	-0.793840876	-0.793840876	-0.477595324	-0.477595324	-0.477595324	-0.057781205	-0.057781205	-0.057781205	-0.057781205	-0.057781205	-0.05814341	-0.05814341	-0.05814341	-0.05814341	-0.05814341	-0.05814341	-0.05814341	-0.04950356	-0.04950356	-0.04950356	-0.04950356	-0.04950356	-0.065271361	-0.065271361	-0.065271361	-0.065271361	-0.065271361	-0.102163869	-0.102163869	-0.102163869	-0.102163869	-0.102163869	-0.099566483	-0.099566483	-0.099566483	-0.099566483	-0.099566483	-0.081026517	-0.081026517	-0.081026517	-0.081026517	-0.081026517
49104	-0.009543957	-0.009543957	-0.009543957	-0.009543957	-0.009543957	-0.07385854	-0.07385854	-0.07385854	-0.07385854	-0.07385854	-0.054586251	-0.054586251	-0.054586251	-0.054586251	-0.054586251	-0.815105507	-0.815105507	-0.815105507	-0.490388679	-0.490388679	-0.490388679	-0.059328991	-0.059328991	-0.059328991	-0.059328991	-0.059328991	-0.059700898	-0.059700898	-0.059700898	-0.059700898	-0.059700898	-0.059700898	-0.059700898	-0.050829613	-0.050829613	-0.050829613	-0.050829613	-0.050829613	-0.067019786	-0.067019786	-0.067019786	-0.067019786	-0.067019786	-0.104900535	-0.104900535	-0.104900535	-0.104900535	-0.104900535	-0.102233572	-0.102233572	-0.102233572	-0.102233572	-0.102233572	-0.083196976	-0.083196976	-0.083196976	-0.083196976	-0.083196976
50220	-0.009773272	-0.009773272	-0.009773272	-0.009773272	-0.009773272	-0.075633161	-0.075633161	-0.075633161	-0.075633161	-0.075633161	-0.055897812	-0.055897812	-0.055897812	-0.055897812	-0.055897812	-0.834690294	-0.834690294	-0.834690294	-0.502171397	-0.502171397	-0.502171397	-0.060754507	-0.060754507	-0.060754507	-0.060754507	-0.060754507	-0.06113535	-0.06113535	-0.06113535	-0.06113535	-0.06113535	-0.06113535	-0.06113535	-0.052050912	-0.052050912	-0.052050912	-0.052050912	-0.052050912	-0.068630091	-0.068630091	-0.068630091	-0.068630091	-0.068630091	-0.107421012	-0.107421012	-0.107421012	-0.107421012	-0.107421012	-0.104689969	-0.104689969	-0.104689969	-0.104689969	-0.104689969	-0.085195975	-0.085195975	-0.085195975	-0.085195975	-0.085195975
51336	-0.009989475	-0.009989475	-0.009989475	-0.009989475	-0.009989475	-0.077306307	-0.077306307	-0.077306307	-0.077306307	-0.077306307	-0.057134374	-0.057134374	-0.057134374	-0.057134374	-0.057134374	-0.853155186	-0.853155186	-0.853155186	-0.513280356	-0.513280356	-0.513280356	-0.062098509	-0.062098509	-0.062098509	-0.062098509	-0.062098509	-0.062487777	-0.062487777	-0.062487777	-0.062487777	-0.062487777	-0.062487777	-0.062487777	-0.053202374	-0.053202374	-0.053202374	-0.053202374	-0.053202374	-0.070148315	-0.070148315	-0.070148315	-0.070148315	-0.070148315	-0.109797363	-0.109797363	-0.109797363	-0.109797363	-0.109797363	-0.107005905	-0.107005905	-0.107005905	-0.107005905	-0.107005905	-0.087080667	-0.087080667	-0.087080667	-0.087080667	-0.087080667
52452	-0.010248898	-0.010248898	-0.010248898	-0.010248898	-0.010248898	-0.079313919	-0.079313919	-0.079313919	-0.079313919	-0.079313919	-0.05861813	-0.05861813	-0.05861813	-0.05861813	-0.05861813	-0.875311272	-0.875311272	-0.875311272	-0.526610033	-0.526610033	-0.526610033	-0.063711181	-0.063711181	-0.063711181	-0.063711181	-0.063711181	-0.064110558	-0.064110558	-0.064110558	-0.064110558	-0.064110558	-0.064110558	-0.064110558	-0.054584017	-0.054584017	-0.054584017	-0.054584017	-0.054584017	-0.071970038	-0.071970038	-0.071970038	-0.071970038	-0.071970038	-0.112648755	-0.112648755	-0.112648755	-0.112648755	-0.112648755	-0.109784804	-0.109784804	-0.109784804	-0.109784804	-0.109784804	-0.089342116	-0.089342116	-0.089342116	-0.089342116	-0.089342116
53568	-0.010493103	-0.010493103	-0.010493103	-0.010493103	-0.010493103	-0.081203768	-0.081203768	-0.081203768	-0.081203768	-0.081203768	-0.060014851	-0.060014851	-0.060014851	-0.060014851	-0.060014851	-0.896167709	-0.896167709	-0.896167709	-0.539157809	-0.539157809	-0.539157809	-0.065229256	-0.065229256	-0.065229256	-0.065229256	-0.065229256	-0.06563815	-0.06563815	-0.06563815	-0.06563815	-0.06563815	-0.06563815	-0.06563815	-0.055884616	-0.055884616	-0.055884616	-0.055884616	-0.055884616	-0.073684901	-0.073684901	-0.073684901	-0.073684901	-0.073684901	-0.115332888	-0.115332888	-0.115332888	-0.115332888	-0.115332888	-0.112400696	-0.112400696	-0.112400696	-0.112400696	-0.112400696	-0.091470911	-0.091470911	-0.091470911	-0.091470911	-0.091470911
54684	-0.010736238	-0.010736238	-0.010736238	-0.010736238	-0.010736238	-0.083085332	-0.083085332	-0.083085332	-0.083085332	-0.083085332	-0.061405449	-0.061405449	-0.061405449	-0.061405449	-0.061405449	-0.916932718	-0.916932718	-0.916932718	-0.551650579	-0.551650579	-0.551650579	-0.066740677	-0.066740677	-0.066740677	-0.066740677	-0.066740677	-0.067159044	-0.067159044	-0.067159044	-0.067159044	-0.067159044	-0.067159044	-0.067159044	-0.057179512	-0.057179512	-0.057179512	-0.057179512	-0.057179512	-0.075392246	-0.075392246	-0.075392246	-0.075392246	-0.075392246	-0.118005254	-0.118005254	-0.118005254	-0.118005254	-0.118005254	-0.115005121	-0.115005121	-0.115005121	-0.115005121	-0.115005121	-0.093590374	-0.093590374	-0.093590374	-0.093590374	-0.093590374
55800	-0.011034247	-0.011034247	-0.011034247	-0.011034247	-0.011034247	-0.085391558	-0.085391558	-0.085391558	-0.085391558	-0.085391558	-0.0631099	-0.0631099	-0.0631099	-0.0631099	-0.0631099	-0.942384316	-0.942384316	-0.942384316	-0.566962922	-0.566962922	-0.566962922	-0.068593219	-0.068593219	-0.068593219	-0.068593219	-0.068593219	-0.0690232	-0.0690232	-0.0690232	-0.0690232	-0.0690232	-0.0690232	-0.0690232	-0.058766662	-0.058766662	-0.058766662	-0.058766662	-0.058766662	-0.077484933	-0.077484933	-0.077484933	-0.077484933	-0.077484933	-0.121280764	-0.121280764	-0.121280764	-0.121280764	-0.121280764	-0.118197355	-0.118197355	-0.118197355	-0.118197355	-0.118197355	-0.096188192	-0.096188192	-0.096188192	-0.096188192	-0.096188192
56916	-0.011266684	-0.011266684	-0.011266684	-0.011266684	-0.011266684	-0.087190336	-0.087190336	-0.087190336	-0.087190336	-0.087190336	-0.064439313	-0.064439313	-0.064439313	-0.064439313	-0.064439313	-0.962235692	-0.962235692	-0.962235692	-0.578906026	-0.578906026	-0.578906026	-0.070038139	-0.070038139	-0.070038139	-0.070038139	-0.070038139	-0.070477177	-0.070477177	-0.070477177	-0.070477177	-0.070477177	-0.070477177	-0.070477177	-0.060004585	-0.060004585	-0.060004585	-0.060004585	-0.060004585	-0.079117157	-0.079117157	-0.079117157	-0.079117157	-0.079117157	-0.12383555	-0.12383555	-0.12383555	-0.12383555	-0.12383555	-0.120687188	-0.120687188	-0.120687188	-0.120687188	-0.120687188	-0.098214402	-0.098214402	-0.098214402	-0.098214402	-0.098214402
58032	-0.011418107	-0.011418107	-0.011418107	-0.011418107	-0.011418107	-0.088362165	-0.088362165	-0.088362165	-0.088362165	-0.088362165	-0.06530537	-0.06530537	-0.06530537	-0.06530537	-0.06530537	-0.975168032	-0.975168032	-0.975168032	-0.586686458	-0.586686458	-0.586686458	-0.070979444	-0.070979444	-0.070979444	-0.070979444	-0.070979444	-0.071424382	-0.071424382	-0.071424382	-0.071424382	-0.071424382	-0.071424382	-0.071424382	-0.06081104	-0.06081104	-0.06081104	-0.06081104	-0.06081104	-0.080180483	-0.080180483	-0.080180483	-0.080180483	-0.080180483	-0.125499886	-0.125499886	-0.125499886	-0.125499886	-0.125499886	-0.122309211	-0.122309211	-0.122309211	-0.122309211	-0.122309211	-0.099534392	-0.099534392	-0.099534392	-0.099534392	-0.099534392
59148	-0.011531589	-0.011531589	-0.011531589	-0.011531589	-0.011531589	-0.089240379	-0.089240379	-0.089240379	-0.089240379	-0.089240379	-0.065954428	-0.065954428	-0.065954428	-0.065954428	-0.065954428	-0.984860036	-0.984860036	-0.984860036	-0.59251742	-0.59251742	-0.59251742	-0.071684894	-0.071684894	-0.071684894	-0.071684894	-0.071684894	-0.072134255	-0.072134255	-0.072134255	-0.072134255	-0.072134255	-0.072134255	-0.072134255	-0.061415429	-0.061415429	-0.061415429	-0.061415429	-0.061415429	-0.080977381	-0.080977381	-0.080977381	-0.080977381	-0.080977381	-0.126747205	-0.126747205	-0.126747205	-0.126747205	-0.126747205	-0.123524818	-0.123524818	-0.123524818	-0.123524818	-0.123524818	-0.100523645	-0.100523645	-0.100523645	-0.100523645	-0.100523645
60264	-0.01157717	-0.01157717	-0.01157717	-0.01157717	-0.01157717	-0.08959312	-0.08959312	-0.08959312	-0.08959312	-0.08959312	-0.066215126	-0.066215126	-0.066215126	-0.066215126	-0.066215126	-0.9887529	-0.9887529	-0.9887529	-0.594859469	-0.594859469	-0.594859469	-0.071968244	-0.071968244	-0.071968244	-0.071968244	-0.071968244	-0.072419381	-0.072419381	-0.072419381	-0.072419381	-0.072419381	-0.072419381	-0.072419381	-0.061658186	-0.061658186	-0.061658186	-0.061658186	-0.061658186	-0.081297461	-0.081297461	-0.081297461	-0.081297461	-0.081297461	-0.127248199	-0.127248199	-0.127248199	-0.127248199	-0.127248199	-0.124013076	-0.124013076	-0.124013076	-0.124013076	-0.124013076	-0.100920986	-0.100920986	-0.100920986	-0.100920986	-0.100920986
61380	-0.011550631	-0.011550631	-0.011550631	-0.011550631	-0.011550631	-0.089387742	-0.089387742	-0.089387742	-0.089387742	-0.089387742	-0.066063339	-0.066063339	-0.066063339	-0.066063339	-0.066063339	-0.986486339	-0.986486339	-0.986486339	-0.593495846	-0.593495846	-0.593495846	-0.071803268	-0.071803268	-0.071803268	-0.071803268	-0.071803268	-0.072253371	-0.072253371	-0.072253371	-0.072253371	-0.072253371	-0.072253371	-0.072253371	-0.061516845	-0.061516845	-0.061516845	-0.061516845	-0.061516845	-0.081111099	-0.081111099	-0.081111099	-0.081111099	-0.081111099	-0.126956503	-0.126956503	-0.126956503	-0.126956503	-0.126956503	-0.123728795	-0.123728795	-0.123728795	-0.123728795	-0.123728795	-0.10068964	-0.10068964	-0.10068964	-0.10068964	-0.10068964
62496	-0.011478677	-0.011478677	-0.011478677	-0.011478677	-0.011478677	-0.088830907	-0.088830907	-0.088830907	-0.088830907	-0.088830907	-0.065651802	-0.065651802	-0.065651802	-0.065651802	-0.065651802	-0.980341095	-0.980341095	-0.980341095	-0.589798708	-0.589798708	-0.589798708	-0.071355975	-0.071355975	-0.071355975	-0.071355975	-0.071355975	-0.071803274	-0.071803274	-0.071803274	-0.071803274	-0.071803274	-0.071803274	-0.071803274	-0.06113363	-0.06113363	-0.06113363	-0.06113363	-0.06113363	-0.080605823	-0.080605823	-0.080605823	-0.080605823	-0.080605823	-0.126165637	-0.126165637	-0.126165637	-0.126165637	-0.126165637	-0.122958036	-0.122958036	-0.122958036	-0.122958036	-0.122958036	-0.100062401	-0.100062401	-0.100062401	-0.100062401	-0.100062401
63612	-0.011330367	-0.011330367	-0.011330367	-0.011330367	-0.011330367	-0.087683163	-0.087683163	-0.087683163	-0.087683163	-0.087683163	-0.064803544	-0.064803544	-0.064803544	-0.064803544	-0.064803544	-0.967674547	-0.967674547	-0.967674547	-0.582178183	-0.582178183	-0.582178183	-0.070434016	-0.070434016	-0.070434016	-0.070434016	-0.070434016	-0.070875536	-0.070875536	-0.070875536	-0.070875536	-0.070875536	-0.070875536	-0.070875536	-0.06034375	-0.06034375	-0.06034375	-0.06034375	-0.06034375	-0.079564352	-0.079564352	-0.079564352	-0.079564352	-0.079564352	-0.124535507	-0.124535507	-0.124535507	-0.124535507	-0.124535507	-0.12136935	-0.12136935	-0.12136935	-0.12136935	-0.12136935	-0.09876954	-0.09876954	-0.09876954	-0.09876954	-0.09876954
64728	-0.011113694	-0.011113694	-0.011113694	-0.011113694	-0.011113694	-0.086006379	-0.086006379	-0.086006379	-0.086006379	-0.086006379	-0.063564292	-0.063564292	-0.063564292	-0.063564292	-0.063564292	-0.9491695	-0.9491695	-0.9491695	-0.571045065	-0.571045065	-0.571045065	-0.069087091	-0.069087091	-0.069087091	-0.069087091	-0.069087091	-0.069520168	-0.069520168	-0.069520168	-0.069520168	-0.069520168	-0.069520168	-0.069520168	-0.059189783	-0.059189783	-0.059189783	-0.059189783	-0.059189783	-0.078042826	-0.078042826	-0.078042826	-0.078042826	-0.078042826	-0.122153988	-0.122153988	-0.122153988	-0.122153988	-0.122153988	-0.119048378	-0.119048378	-0.119048378	-0.119048378	-0.119048378	-0.096880749	-0.096880749	-0.096880749	-0.096880749	-0.096880749
65844	-0.010890516	-0.010890516	-0.010890516	-0.010890516	-0.010890516	-0.084279261	-0.084279261	-0.084279261	-0.084279261	-0.084279261	-0.06228784	-0.06228784	-0.06228784	-0.06228784	-0.06228784	-0.930108967	-0.930108967	-0.930108967	-0.559577752	-0.559577752	-0.559577752	-0.067699735	-0.067699735	-0.067699735	-0.067699735	-0.067699735	-0.068124114	-0.068124114	-0.068124114	-0.068124114	-0.068124114	-0.068124114	-0.068124114	-0.058001177	-0.058001177	-0.058001177	-0.058001177	-0.058001177	-0.076475626	-0.076475626	-0.076475626	-0.076475626	-0.076475626	-0.11970098	-0.11970098	-0.11970098	-0.11970098	-0.11970098	-0.116657735	-0.116657735	-0.116657735	-0.116657735	-0.116657735	-0.09493526	-0.09493526	-0.09493526	-0.09493526	-0.09493526
66960	-0.010665567	-0.010665567	-0.010665567	-0.010665567	-0.010665567	-0.082538427	-0.082538427	-0.082538427	-0.082538427	-0.082538427	-0.061001251	-0.061001251	-0.061001251	-0.061001251	-0.061001251	-0.910897053	-0.910897053	-0.910897053	-0.548019365	-0.548019365	-0.548019365	-0.066301359	-0.066301359	-0.066301359	-0.066301359	-0.066301359	-0.066716973	-0.066716973	-0.066716973	-0.066716973	-0.066716973	-0.066716973	-0.066716973	-0.056803131	-0.056803131	-0.056803131	-0.056803131	-0.056803131	-0.07489598	-0.07489598	-0.07489598	-0.07489598	-0.07489598	-0.11722849	-0.11722849	-0.11722849	-0.11722849	-0.11722849	-0.114248105	-0.114248105	-0.114248105	-0.114248105	-0.114248105	-0.09297432	-0.09297432	-0.09297432	-0.09297432	-0.09297432
68076	-0.01047313	-0.01047313	-0.01047313	-0.01047313	-0.01047313	-0.081049204	-0.081049204	-0.081049204	-0.081049204	-0.081049204	-0.059900618	-0.059900618	-0.059900618	-0.059900618	-0.059900618	-0.894461932	-0.894461932	-0.894461932	-0.538131569	-0.538131569	-0.538131569	-0.065105098	-0.065105098	-0.065105098	-0.065105098	-0.065105098	-0.065513213	-0.065513213	-0.065513213	-0.065513213	-0.065513213	-0.065513213	-0.065513213	-0.055778244	-0.055778244	-0.055778244	-0.055778244	-0.055778244	-0.073544648	-0.073544648	-0.073544648	-0.073544648	-0.073544648	-0.115113362	-0.115113362	-0.115113362	-0.115113362	-0.115113362	-0.112186751	-0.112186751	-0.112186751	-0.112186751	-0.112186751	-0.091296804	-0.091296804	-0.091296804	-0.091296804	-0.091296804
69192	-0.010051962	-0.010051962	-0.010051962	-0.010051962	-0.010051962	-0.077789875	-0.077789875	-0.077789875	-0.077789875	-0.077789875	-0.057491763	-0.057491763	-0.057491763	-0.057491763	-0.057491763	-0.858491868	-0.858491868	-0.858491868	-0.516491042	-0.516491042	-0.516491042	-0.062486949	-0.062486949	-0.062486949	-0.062486949	-0.062486949	-0.062878652	-0.062878652	-0.062878652	-0.062878652	-0.062878652	-0.062878652	-0.062878652	-0.053535167	-0.053535167	-0.053535167	-0.053535167	-0.053535167	-0.070587109	-0.070587109	-0.070587109	-0.070587109	-0.070587109	-0.110484171	-0.110484171	-0.110484171	-0.110484171	-0.110484171	-0.107675251	-0.107675251	-0.107675251	-0.107675251	-0.107675251	-0.087625377	-0.087625377	-0.087625377	-0.087625377	-0.087625377
70308	-0.009768518	-0.009768518	-0.009768518	-0.009768518	-0.009768518	-0.075596371	-0.075596371	-0.075596371	-0.075596371	-0.075596371	-0.055870621	-0.055870621	-0.055870621	-0.055870621	-0.055870621	-0.834284276	-0.834284276	-0.834284276	-0.501927126	-0.501927126	-0.501927126	-0.060724954	-0.060724954	-0.060724954	-0.060724954	-0.060724954	-0.061105612	-0.061105612	-0.061105612	-0.061105612	-0.061105612	-0.061105612	-0.061105612	-0.052025593	-0.052025593	-0.052025593	-0.052025593	-0.052025593	-0.068596707	-0.068596707	-0.068596707	-0.068596707	-0.068596707	-0.107368759	-0.107368759	-0.107368759	-0.107368759	-0.107368759	-0.104639045	-0.104639045	-0.104639045	-0.104639045	-0.104639045	-0.085154533	-0.085154533	-0.085154533	-0.085154533	-0.085154533
71424	-0.00951922	-0.00951922	-0.00951922	-0.00951922	-0.00951922	-0.07366711	-0.07366711	-0.07366711	-0.07366711	-0.07366711	-0.054444772	-0.054444772	-0.054444772	-0.054444772	-0.054444772	-0.812992875	-0.812992875	-0.812992875	-0.489117665	-0.489117665	-0.489117665	-0.059175219	-0.059175219	-0.059175219	-0.059175219	-0.059175219	-0.059546162	-0.059546162	-0.059546162	-0.059546162	-0.059546162	-0.059546162	-0.059546162	-0.05069787	-0.05069787	-0.05069787	-0.05069787	-0.05069787	-0.066846081	-0.066846081	-0.066846081	-0.066846081	-0.066846081	-0.104628648	-0.104628648	-0.104628648	-0.104628648	-0.104628648	-0.101968598	-0.101968598	-0.101968598	-0.101968598	-0.101968598	-0.082981342	-0.082981342	-0.082981342	-0.082981342	-0.082981342
72540	-0.009269922	-0.009269922	-0.009269922	-0.009269922	-0.009269922	-0.071737848	-0.071737848	-0.071737848	-0.071737848	-0.071737848	-0.053018922	-0.053018922	-0.053018922	-0.053018922	-0.053018922	-0.791701474	-0.791701474	-0.791701474	-0.476308204	-0.476308204	-0.476308204	-0.057625484	-0.057625484	-0.057625484	-0.057625484	-0.057625484	-0.057986713	-0.057986713	-0.057986713	-0.057986713	-0.057986713	-0.057986713	-0.057986713	-0.049370148	-0.049370148	-0.049370148	-0.049370148	-0.049370148	-0.065095455	-0.065095455	-0.065095455	-0.065095455	-0.065095455	-0.101888538	-0.101888538	-0.101888538	-0.101888538	-0.101888538	-0.099298151	-0.099298151	-0.099298151	-0.099298151	-0.099298151	-0.08080815	-0.08080815	-0.08080815	-0.08080815	-0.08080815
73656	-0.008906148	-0.008906148	-0.008906148	-0.008906148	-0.008906148	-0.068922681	-0.068922681	-0.068922681	-0.068922681	-0.068922681	-0.050938332	-0.050938332	-0.050938332	-0.050938332	-0.050938332	-0.760633194	-0.760633194	-0.760633194	-0.457616719	-0.457616719	-0.457616719	-0.055364121	-0.055364121	-0.055364121	-0.055364121	-0.055364121	-0.055711174	-0.055711174	-0.055711174	-0.055711174	-0.055711174	-0.055711174	-0.055711174	-0.047432744	-0.047432744	-0.047432744	-0.047432744	-0.047432744	-0.062540952	-0.062540952	-0.062540952	-0.062540952	-0.062540952	-0.097890185	-0.097890185	-0.097890185	-0.097890185	-0.097890185	-0.095401451	-0.095401451	-0.095401451	-0.095401451	-0.095401451	-0.077637043	-0.077637043	-0.077637043	-0.077637043	-0.077637043
74772	-0.008774552	-0.008774552	-0.008774552	-0.008774552	-0.008774552	-0.067904289	-0.067904289	-0.067904289	-0.067904289	-0.067904289	-0.050185674	-0.050185674	-0.050185674	-0.050185674	-0.050185674	-0.749394184	-0.749394184	-0.749394184	-0.450855038	-0.450855038	-0.450855038	-0.054546068	-0.054546068	-0.054546068	-0.054546068	-0.054546068	-0.054887994	-0.054887994	-0.054887994	-0.054887994	-0.054887994	-0.054887994	-0.054887994	-0.046731885	-0.046731885	-0.046731885	-0.046731885	-0.046731885	-0.061616855	-0.061616855	-0.061616855	-0.061616855	-0.061616855	-0.096443773	-0.096443773	-0.096443773	-0.096443773	-0.096443773	-0.093991813	-0.093991813	-0.093991813	-0.093991813	-0.093991813	-0.076489889	-0.076489889	-0.076489889	-0.076489889	-0.076489889
75888	-0.008567923	-0.008567923	-0.008567923	-0.008567923	-0.008567923	-0.06630523	-0.06630523	-0.06630523	-0.06630523	-0.06630523	-0.049003865	-0.049003865	-0.049003865	-0.049003865	-0.049003865	-0.731746906	-0.731746906	-0.731746906	-0.440237976	-0.440237976	-0.440237976	-0.053261578	-0.053261578	-0.053261578	-0.053261578	-0.053261578	-0.053595451	-0.053595451	-0.053595451	-0.053595451	-0.053595451	-0.053595451	-0.053595451	-0.045631408	-0.045631408	-0.045631408	-0.045631408	-0.045631408	-0.060165857	-0.060165857	-0.060165857	-0.060165857	-0.060165857	-0.094172645	-0.094172645	-0.094172645	-0.094172645	-0.094172645	-0.091778425	-0.091778425	-0.091778425	-0.091778425	-0.091778425	-0.07468865	-0.07468865	-0.07468865	-0.07468865	-0.07468865
77004	-0.008331737	-0.008331737	-0.008331737	-0.008331737	-0.008331737	-0.064477444	-0.064477444	-0.064477444	-0.064477444	-0.064477444	-0.047653013	-0.047653013	-0.047653013	-0.047653013	-0.047653013	-0.7115754	-0.7115754	-0.7115754	-0.428102273	-0.428102273	-0.428102273	-0.051793357	-0.051793357	-0.051793357	-0.051793357	-0.051793357	-0.052118027	-0.052118027	-0.052118027	-0.052118027	-0.052118027	-0.052118027	-0.052118027	-0.044373522	-0.044373522	-0.044373522	-0.044373522	-0.044373522	-0.058507311	-0.058507311	-0.058507311	-0.058507311	-0.058507311	-0.09157666	-0.09157666	-0.09157666	-0.09157666	-0.09157666	-0.08924844	-0.08924844	-0.08924844	-0.08924844	-0.08924844	-0.072629765	-0.072629765	-0.072629765	-0.072629765	-0.072629765
78120	-0.008095552	-0.008095552	-0.008095552	-0.008095552	-0.008095552	-0.062649659	-0.062649659	-0.062649659	-0.062649659	-0.062649659	-0.046302161	-0.046302161	-0.046302161	-0.046302161	-0.046302161	-0.691403895	-0.691403895	-0.691403895	-0.415966571	-0.415966571	-0.415966571	-0.050325136	-0.050325136	-0.050325136	-0.050325136	-0.050325136	-0.050640602	-0.050640602	-0.050640602	-0.050640602	-0.050640602	-0.050640602	-0.050640602	-0.043115636	-0.043115636	-0.043115636	-0.043115636	-0.043115636	-0.056848765	-0.056848765	-0.056848765	-0.056848765	-0.056848765	-0.088980675	-0.088980675	-0.088980675	-0.088980675	-0.088980675	-0.086718455	-0.086718455	-0.086718455	-0.086718455	-0.086718455	-0.07057088	-0.07057088	-0.07057088	-0.07057088	-0.07057088
79236	-0.007859367	-0.007859367	-0.007859367	-0.007859367	-0.007859367	-0.060821874	-0.060821874	-0.060821874	-0.060821874	-0.060821874	-0.044951309	-0.044951309	-0.044951309	-0.044951309	-0.044951309	-0.671232389	-0.671232389	-0.671232389	-0.403830868	-0.403830868	-0.403830868	-0.048856915	-0.048856915	-0.048856915	-0.048856915	-0.048856915	-0.049163177	-0.049163177	-0.049163177	-0.049163177	-0.049163177	-0.049163177	-0.049163177	-0.04185775	-0.04185775	-0.04185775	-0.04185775	-0.04185775	-0.055190219	-0.055190219	-0.055190219	-0.055190219	-0.055190219	-0.08638469	-0.08638469	-0.08638469	-0.08638469	-0.08638469	-0.084188469	-0.084188469	-0.084188469	-0.084188469	-0.084188469	-0.068511996	-0.068511996	-0.068511996	-0.068511996	-0.068511996
80352	-0.007662493	-0.007662493	-0.007662493	-0.007662493	-0.007662493	-0.059298315	-0.059298315	-0.059298315	-0.059298315	-0.059298315	-0.043825301	-0.043825301	-0.043825301	-0.043825301	-0.043825301	-0.654418339	-0.654418339	-0.654418339	-0.393715099	-0.393715099	-0.393715099	-0.047633073	-0.047633073	-0.047633073	-0.047633073	-0.047633073	-0.047931663	-0.047931663	-0.047931663	-0.047931663	-0.047931663	-0.047931663	-0.047931663	-0.040809234	-0.040809234	-0.040809234	-0.040809234	-0.040809234	-0.05380773	-0.05380773	-0.05380773	-0.05380773	-0.05380773	-0.084220795	-0.084220795	-0.084220795	-0.084220795	-0.084220795	-0.082079588	-0.082079588	-0.082079588	-0.082079588	-0.082079588	-0.066795803	-0.066795803	-0.066795803	-0.066795803	-0.066795803
81468	-0.00738044	-0.00738044	-0.00738044	-0.00738044	-0.00738044	-0.057115565	-0.057115565	-0.057115565	-0.057115565	-0.057115565	-0.042212107	-0.042212107	-0.042212107	-0.042212107	-0.042212107	-0.63032943	-0.63032943	-0.63032943	-0.379222584	-0.379222584	-0.379222584	-0.045879716	-0.045879716	-0.045879716	-0.045879716	-0.045879716	-0.046167316	-0.046167316	-0.046167316	-0.046167316	-0.046167316	-0.046167316	-0.046167316	-0.03930706	-0.03930706	-0.03930706	-0.03930706	-0.03930706	-0.051827086	-0.051827086	-0.051827086	-0.051827086	-0.051827086	-0.081120657	-0.081120657	-0.081120657	-0.081120657	-0.081120657	-0.079058268	-0.079058268	-0.079058268	-0.079058268	-0.079058268	-0.064337073	-0.064337073	-0.064337073	-0.064337073	-0.064337073
82584	-0.007128211	-0.007128211	-0.007128211	-0.007128211	-0.007128211	-0.055163623	-0.055163623	-0.055163623	-0.055163623	-0.055163623	-0.040769495	-0.040769495	-0.040769495	-0.040769495	-0.040769495	-0.608787726	-0.608787726	-0.608787726	-0.366262534	-0.366262534	-0.366262534	-0.044311762	-0.044311762	-0.044311762	-0.044311762	-0.044311762	-0.044589533	-0.044589533	-0.044589533	-0.044589533	-0.044589533	-0.044589533	-0.044589533	-0.037963729	-0.037963729	-0.037963729	-0.037963729	-0.037963729	-0.05005588	-0.05005588	-0.05005588	-0.05005588	-0.05005588	-0.078348333	-0.078348333	-0.078348333	-0.078348333	-0.078348333	-0.076356427	-0.076356427	-0.076356427	-0.076356427	-0.076356427	-0.062138333	-0.062138333	-0.062138333	-0.062138333	-0.062138333
83700	-0.006860509	-0.006860509	-0.006860509	-0.006860509	-0.006860509	-0.05309194	-0.05309194	-0.05309194	-0.05309194	-0.05309194	-0.039238387	-0.039238387	-0.039238387	-0.039238387	-0.039238387	-0.585924567	-0.585924567	-0.585924567	-0.352507463	-0.352507463	-0.352507463	-0.042647624	-0.042647624	-0.042647624	-0.042647624	-0.042647624	-0.042914963	-0.042914963	-0.042914963	-0.042914963	-0.042914963	-0.042914963	-0.042914963	-0.036537993	-0.036537993	-0.036537993	-0.036537993	-0.036537993	-0.04817602	-0.04817602	-0.04817602	-0.04817602	-0.04817602	-0.075405944	-0.075405944	-0.075405944	-0.075405944	-0.075405944	-0.073488844	-0.073488844	-0.073488844	-0.073488844	-0.073488844	-0.059804714	-0.059804714	-0.059804714	-0.059804714	-0.059804714
84816	-0.006599711	-0.006599711	-0.006599711	-0.006599711	-0.006599711	-0.051073685	-0.051073685	-0.051073685	-0.051073685	-0.051073685	-0.037746766	-0.037746766	-0.037746766	-0.037746766	-0.037746766	-0.563651026	-0.563651026	-0.563651026	-0.339107122	-0.339107122	-0.339107122	-0.041026403	-0.041026403	-0.041026403	-0.041026403	-0.041026403	-0.041283579	-0.041283579	-0.041283579	-0.041283579	-0.041283579	-0.041283579	-0.041283579	-0.035149025	-0.035149025	-0.035149025	-0.035149025	-0.035149025	-0.04634464	-0.04634464	-0.04634464	-0.04634464	-0.04634464	-0.072539436	-0.072539436	-0.072539436	-0.072539436	-0.072539436	-0.070695213	-0.070695213	-0.070695213	-0.070695213	-0.070695213	-0.057531277	-0.057531277	-0.057531277	-0.057531277	-0.057531277
85932	-0.006370082	-0.006370082	-0.006370082	-0.006370082	-0.006370082	-0.049296638	-0.049296638	-0.049296638	-0.049296638	-0.049296638	-0.036433412	-0.036433412	-0.036433412	-0.036433412	-0.036433412	-0.544039469	-0.544039469	-0.544039469	-0.327308298	-0.327308298	-0.327308298	-0.039598938	-0.039598938	-0.039598938	-0.039598938	-0.039598938	-0.039847167	-0.039847167	-0.039847167	-0.039847167	-0.039847167	-0.039847167	-0.039847167	-0.033926057	-0.033926057	-0.033926057	-0.033926057	-0.033926057	-0.044732134	-0.044732134	-0.044732134	-0.044732134	-0.044732134	-0.070015514	-0.070015514	-0.070015514	-0.070015514	-0.070015514	-0.068235459	-0.068235459	-0.068235459	-0.068235459	-0.068235459	-0.055529546	-0.055529546	-0.055529546	-0.055529546	-0.055529546
87048	-0.006107646	-0.006107646	-0.006107646	-0.006107646	-0.006107646	-0.047265698	-0.047265698	-0.047265698	-0.047265698	-0.047265698	-0.034932416	-0.034932416	-0.034932416	-0.034932416	-0.034932416	-0.521625941	-0.521625941	-0.521625941	-0.313823737	-0.313823737	-0.313823737	-0.037967528	-0.037967528	-0.037967528	-0.037967528	-0.037967528	-0.038205529	-0.038205529	-0.038205529	-0.038205529	-0.038205529	-0.038205529	-0.038205529	-0.032528359	-0.032528359	-0.032528359	-0.032528359	-0.032528359	-0.042889244	-0.042889244	-0.042889244	-0.042889244	-0.042889244	-0.067130991	-0.067130991	-0.067130991	-0.067130991	-0.067130991	-0.065424271	-0.065424271	-0.065424271	-0.065424271	-0.065424271	-0.05324182	-0.05324182	-0.05324182	-0.05324182	-0.05324182
88164	-0.005851765	-0.005851765	-0.005851765	-0.005851765	-0.005851765	-0.045285496	-0.045285496	-0.045285496	-0.045285496	-0.045285496	-0.033468918	-0.033468918	-0.033468918	-0.033468918	-0.033468918	-0.499772361	-0.499772361	-0.499772361	-0.300676055	-0.300676055	-0.300676055	-0.036376874	-0.036376874	-0.036376874	-0.036376874	-0.036376874	-0.036604904	-0.036604904	-0.036604904	-0.036604904	-0.036604904	-0.036604904	-0.036604904	-0.03116558	-0.03116558	-0.03116558	-0.03116558	-0.03116558	-0.041092394	-0.041092394	-0.041092394	-0.041092394	-0.041092394	-0.06431853	-0.06431853	-0.06431853	-0.06431853	-0.06431853	-0.062683313	-0.062683313	-0.062683313	-0.062683313	-0.062683313	-0.051011248	-0.051011248	-0.051011248	-0.051011248	-0.051011248
89280	-0.005609023	-0.005609023	-0.005609023	-0.005609023	-0.005609023	-0.043406972	-0.043406972	-0.043406972	-0.043406972	-0.043406972	-0.032080568	-0.032080568	-0.032080568	-0.032080568	-0.032080568	-0.479040908	-0.479040908	-0.479040908	-0.288203473	-0.288203473	-0.288203473	-0.034867896	-0.034867896	-0.034867896	-0.034867896	-0.034867896	-0.035086467	-0.035086467	-0.035086467	-0.035086467	-0.035086467	-0.035086467	-0.035086467	-0.029872776	-0.029872776	-0.029872776	-0.029872776	-0.029872776	-0.039387808	-0.039387808	-0.039387808	-0.039387808	-0.039387808	-0.061650482	-0.061650482	-0.061650482	-0.061650482	-0.061650482	-0.060083097	-0.060083097	-0.060083097	-0.060083097	-0.060083097	-0.04889521	-0.04889521	-0.04889521	-0.04889521	-0.04889521
90396	-0.005362365	-0.005362365	-0.005362365	-0.005362365	-0.005362365	-0.04149814	-0.04149814	-0.04149814	-0.04149814	-0.04149814	-0.030669817	-0.030669817	-0.030669817	-0.030669817	-0.030669817	-0.457974973	-0.457974973	-0.457974973	-0.275529659	-0.275529659	-0.275529659	-0.033334572	-0.033334572	-0.033334572	-0.033334572	-0.033334572	-0.033543532	-0.033543532	-0.033543532	-0.033543532	-0.033543532	-0.033543532	-0.033543532	-0.028559114	-0.028559114	-0.028559114	-0.028559114	-0.028559114	-0.03765572	-0.03765572	-0.03765572	-0.03765572	-0.03765572	-0.058939388	-0.058939388	-0.058939388	-0.058939388	-0.058939388	-0.057440929	-0.057440929	-0.057440929	-0.057440929	-0.057440929	-0.046745032	-0.046745032	-0.046745032	-0.046745032	-0.046745032
91512	-0.005128431	-0.005128431	-0.005128431	-0.005128431	-0.005128431	-0.039687776	-0.039687776	-0.039687776	-0.039687776	-0.039687776	-0.029331841	-0.029331841	-0.029331841	-0.029331841	-0.029331841	-0.437995732	-0.437995732	-0.437995732	-0.263509627	-0.263509627	-0.263509627	-0.031880345	-0.031880345	-0.031880345	-0.031880345	-0.031880345	-0.032080189	-0.032080189	-0.032080189	-0.032080189	-0.032080189	-0.032080189	-0.032080189	-0.027313217	-0.027313217	-0.027313217	-0.027313217	-0.027313217	-0.036012982	-0.036012982	-0.036012982	-0.036012982	-0.036012982	-0.056368146	-0.056368146	-0.056368146	-0.056368146	-0.056368146	-0.054935058	-0.054935058	-0.054935058	-0.054935058	-0.054935058	-0.044705771	-0.044705771	-0.044705771	-0.044705771	-0.044705771
92628	-0.004867633	-0.004867633	-0.004867633	-0.004867633	-0.004867633	-0.037669521	-0.037669521	-0.037669521	-0.037669521	-0.037669521	-0.027840219	-0.027840219	-0.027840219	-0.027840219	-0.027840219	-0.415722191	-0.415722191	-0.415722191	-0.250109286	-0.250109286	-0.250109286	-0.030259123	-0.030259123	-0.030259123	-0.030259123	-0.030259123	-0.030448804	-0.030448804	-0.030448804	-0.030448804	-0.030448804	-0.030448804	-0.030448804	-0.025924249	-0.025924249	-0.025924249	-0.025924249	-0.025924249	-0.034181602	-0.034181602	-0.034181602	-0.034181602	-0.034181602	-0.053501638	-0.053501638	-0.053501638	-0.053501638	-0.053501638	-0.052141427	-0.052141427	-0.052141427	-0.052141427	-0.052141427	-0.042432334	-0.042432334	-0.042432334	-0.042432334	-0.042432334
93744	-0.00461667	-0.00461667	-0.00461667	-0.00461667	-0.00461667	-0.035727373	-0.035727373	-0.035727373	-0.035727373	-0.035727373	-0.026404846	-0.026404846	-0.026404846	-0.026404846	-0.026404846	-0.394288572	-0.394288572	-0.394288572	-0.237214263	-0.237214263	-0.237214263	-0.028699037	-0.028699037	-0.028699037	-0.028699037	-0.028699037	-0.028878939	-0.028878939	-0.028878939	-0.028878939	-0.028878939	-0.028878939	-0.028878939	-0.024587658	-0.024587658	-0.024587658	-0.024587658	-0.024587658	-0.032419283	-0.032419283	-0.032419283	-0.032419283	-0.032419283	-0.050743225	-0.050743225	-0.050743225	-0.050743225	-0.050743225	-0.049453143	-0.049453143	-0.049453143	-0.049453143	-0.049453143	-0.040244627	-0.040244627	-0.040244627	-0.040244627	-0.040244627
94860	-0.00433126	-0.00433126	-0.00433126	-0.00433126	-0.00433126	-0.033518647	-0.033518647	-0.033518647	-0.033518647	-0.033518647	-0.024772454	-0.024772454	-0.024772454	-0.024772454	-0.024772454	-0.369912996	-0.369912996	-0.369912996	-0.222549282	-0.222549282	-0.222549282	-0.026924815	-0.026924815	-0.026924815	-0.026924815	-0.026924815	-0.027093595	-0.027093595	-0.027093595	-0.027093595	-0.027093595	-0.027093595	-0.027093595	-0.023067608	-0.023067608	-0.023067608	-0.023067608	-0.023067608	-0.030415069	-0.030415069	-0.030415069	-0.030415069	-0.030415069	-0.047606194	-0.047606194	-0.047606194	-0.047606194	-0.047606194	-0.046395867	-0.046395867	-0.046395867	-0.046395867	-0.046395867	-0.037756637	-0.037756637	-0.037756637	-0.037756637	-0.037756637
95976	-0.004086853	-0.004086853	-0.004086853	-0.004086853	-0.004086853	-0.031627237	-0.031627237	-0.031627237	-0.031627237	-0.031627237	-0.023374579	-0.023374579	-0.023374579	-0.023374579	-0.023374579	-0.349039325	-0.349039325	-0.349039325	-0.209991139	-0.209991139	-0.209991139	-0.025405485	-0.025405485	-0.025405485	-0.025405485	-0.025405485	-0.025564741	-0.025564741	-0.025564741	-0.025564741	-0.025564741	-0.025564741	-0.025564741	-0.021765935	-0.021765935	-0.021765935	-0.021765935	-0.021765935	-0.028698789	-0.028698789	-0.028698789	-0.028698789	-0.028698789	-0.044919844	-0.044919844	-0.044919844	-0.044919844	-0.044919844	-0.043777814	-0.043777814	-0.043777814	-0.043777814	-0.043777814	-0.035626083	-0.035626083	-0.035626083	-0.035626083	-0.035626083
97092	-0.003783101	-0.003783101	-0.003783101	-0.003783101	-0.003783101	-0.029276566	-0.029276566	-0.029276566	-0.029276566	-0.029276566	-0.021637281	-0.021637281	-0.021637281	-0.021637281	-0.021637281	-0.323097234	-0.323097234	-0.323097234	-0.194383702	-0.194383702	-0.194383702	-0.023517241	-0.023517241	-0.023517241	-0.023517241	-0.023517241	-0.023664661	-0.023664661	-0.023664661	-0.023664661	-0.023664661	-0.023664661	-0.023664661	-0.020148198	-0.020148198	-0.020148198	-0.020148198	-0.020148198	-0.026565773	-0.026565773	-0.026565773	-0.026565773	-0.026565773	-0.041581209	-0.041581209	-0.041581209	-0.041581209	-0.041581209	-0.04052406	-0.04052406	-0.04052406	-0.04052406	-0.04052406	-0.0329782	-0.0329782	-0.0329782	-0.0329782	-0.0329782
98208	-0.003627525	-0.003627525	-0.003627525	-0.003627525	-0.003627525	-0.028072603	-0.028072603	-0.028072603	-0.028072603	-0.028072603	-0.020747474	-0.020747474	-0.020747474	-0.020747474	-0.020747474	-0.309810261	-0.309810261	-0.309810261	-0.186389913	-0.186389913	-0.186389913	-0.022550124	-0.022550124	-0.022550124	-0.022550124	-0.022550124	-0.022691481	-0.022691481	-0.022691481	-0.022691481	-0.022691481	-0.022691481	-0.022691481	-0.019319629	-0.019319629	-0.019319629	-0.019319629	-0.019319629	-0.025473288	-0.025473288	-0.025473288	-0.025473288	-0.025473288	-0.039871234	-0.039871234	-0.039871234	-0.039871234	-0.039871234	-0.038857558	-0.038857558	-0.038857558	-0.038857558	-0.038857558	-0.031622013	-0.031622013	-0.031622013	-0.031622013	-0.031622013
99324	-0.003396248	-0.003396248	-0.003396248	-0.003396248	-0.003396248	-0.026282804	-0.026282804	-0.026282804	-0.026282804	-0.026282804	-0.023903969	-0.023903969	-0.023903969	-0.023903969	-0.023903969	-0.290057973	-0.290057973	-0.290057973	-0.174506423	-0.174506423	-0.174506423	-0.021112416	-0.021112416	-0.021112416	-0.021112416	-0.021112416	-0.021244761	-0.021244761	-0.021244761	-0.021244761	-0.021244761	-0.021244761	-0.021244761	-0.018087885	-0.018087885	-0.018087885	-0.018087885	-0.018087885	-0.023849211	-0.023849211	-0.023849211	-0.023849211	-0.023849211	-0.0373292	-0.0373292	-0.0373292	-0.0373292	-0.0373292	-0.036380152	-0.036380152	-0.036380152	-0.036380152	-0.036380152	-0.029605917	-0.029605917	-0.029605917	-0.029605917	-0.029605917
100440	-0.003140342	-0.003140342	-0.003140342	-0.003140342	-0.003140342	-0.0243024	-0.0243024	-0.0243024	-0.0243024	-0.0243024	-0.023903969	-0.023903969	-0.023903969	-0.023903969	-0.023903969	-0.268202162	-0.268202162	-0.268202162	-0.161357398	-0.161357398	-0.161357398	-0.0195216	-0.0195216	-0.0195216	-0.0195216	-0.0195216	-0.019643972	-0.019643972	-0.019643972	-0.019643972	-0.019643972	-0.019643972	-0.019643972	-0.016724966	-0.016724966	-0.016724966	-0.016724966	-0.016724966	-0.022052178	-0.022052178	-0.022052178	-0.022052178	-0.022052178	-0.034516452	-0.034516452	-0.034516452	-0.034516452	-0.034516452	-0.033638915	-0.033638915	-0.033638915	-0.033638915	-0.033638915	-0.027375117	-0.027375117	-0.027375117	-0.027375117	-0.027375117
101556	-0.002899187	-0.002899187	-0.002899187	-0.002899187	-0.002899187	-0.022436157	-0.022436157	-0.022436157	-0.022436157	-0.022436157	-0.023903969	-0.023903969	-0.023903969	-0.023903969	-0.023903969	-0.247606234	-0.247606234	-0.247606234	-0.148966352	-0.148966352	-0.148966352	-0.018022487	-0.018022487	-0.018022487	-0.018022487	-0.018022487	-0.018135462	-0.018135462	-0.018135462	-0.018135462	-0.018135462	-0.018135462	-0.018135462	-0.015440613	-0.015440613	-0.015440613	-0.015440613	-0.015440613	-0.020358735	-0.020358735	-0.020358735	-0.020358735	-0.020358735	-0.031865846	-0.031865846	-0.031865846	-0.031865846	-0.031865846	-0.031055697	-0.031055697	-0.031055697	-0.031055697	-0.031055697	-0.025272912	-0.025272912	-0.025272912	-0.025272912	-0.025272912
102672	-0.004179412	-0.004179412	-0.004179412	-0.004179412	-0.004179412	-0.032343534	-0.032343534	-0.032343534	-0.032343534	-0.032343534	-0.023903969	-0.023903969	-0.023903969	-0.023903969	-0.023903969	-0.230232237	-0.230232237	-0.230232237	-0.138513703	-0.138513703	-0.138513703	-0.016757887	-0.016757887	-0.016757887	-0.016757887	-0.016757887	-0.016862935	-0.016862935	-0.016862935	-0.016862935	-0.016862935	-0.016862935	-0.016862935	-0.014357179	-0.014357179	-0.014357179	-0.014357179	-0.014357179	-0.018930206	-0.018930206	-0.018930206	-0.018930206	-0.018930206	-0.029629888	-0.029629888	-0.029629888	-0.029629888	-0.029629888	-0.028876586	-0.028876586	-0.028876586	-0.028876586	-0.028876586	-0.023499566	-0.023499566	-0.023499566	-0.023499566	-0.023499566
103788	-0.004179412	-0.004179412	-0.004179412	-0.004179412	-0.004179412	-0.032343534	-0.032343534	-0.032343534	-0.032343534	-0.032343534	-0.023903969	-0.023903969	-0.023903969	-0.023903969	-0.023903969	-0.207382519	-0.207382519	-0.207382519	-0.124766719	-0.124766719	-0.124766719	-0.015094728	-0.015094728	-0.015094728	-0.015094728	-0.015094728	-0.01518935	-0.01518935	-0.01518935	-0.01518935	-0.01518935	-0.01518935	-0.01518935	-0.012932281	-0.012932281	-0.012932281	-0.012932281	-0.012932281	-0.017051452	-0.017051452	-0.017051452	-0.017051452	-0.017051452	-0.026689228	-0.026689228	-0.026689228	-0.026689228	-0.026689228	-0.026010689	-0.026010689	-0.026010689	-0.026010689	-0.026010689	-0.021167319	-0.021167319	-0.021167319	-0.021167319	-0.021167319
104904	-0.004179412	-0.004179412	-0.004179412	-0.004179412	-0.004179412	-0.032343534	-0.032343534	-0.032343534	-0.032343534	-0.032343534	-0.023903969	-0.023903969	-0.023903969	-0.023903969	-0.023903969	-0.19296522	-0.19296522	-0.19296522	-0.116092897	-0.116092897	-0.116092897	-0.014045337	-0.014045337	-0.014045337	-0.014045337	-0.014045337	-0.014133381	-0.014133381	-0.014133381	-0.014133381	-0.014133381	-0.014133381	-0.014133381	-0.012033224	-0.012033224	-0.012033224	-0.012033224	-0.012033224	-0.015866029	-0.015866029	-0.015866029	-0.015866029	-0.015866029	-0.024833785	-0.024833785	-0.024833785	-0.024833785	-0.024833785	-0.024202417	-0.024202417	-0.024202417	-0.024202417	-0.024202417	-0.01969576	-0.01969576	-0.01969576	-0.01969576	-0.01969576
106020	-0.004179412	-0.004179412	-0.004179412	-0.004179412	-0.004179412	-0.032343534	-0.032343534	-0.032343534	-0.032343534	-0.032343534	-0.023903969	-0.023903969	-0.023903969	-0.023903969	-0.023903969	-0.173623969	-0.173623969	-0.173623969	-0.104456697	-0.104456697	-0.104456697	-0.012637548	-0.012637548	-0.012637548	-0.012637548	-0.012637548	-0.012716767	-0.012716767	-0.012716767	-0.012716767	-0.012716767	-0.012716767	-0.012716767	-0.010827113	-0.010827113	-0.010827113	-0.010827113	-0.010827113	-0.014275749	-0.014275749	-0.014275749	-0.014275749	-0.014275749	-0.02234465	-0.02234465	-0.02234465	-0.02234465	-0.02234465	-0.021776566	-0.021776566	-0.021776566	-0.021776566	-0.021776566	-0.017721619	-0.017721619	-0.017721619	-0.017721619	-0.017721619
107136	-0.004179412	-0.004179412	-0.004179412	-0.004179412	-0.004179412	-0.032343534	-0.032343534	-0.032343534	-0.032343534	-0.032343534	-0.023903969	-0.023903969	-0.023903969	-0.023903969	-0.023903969	-0.152435634	-0.152435634	-0.152435634	-0.091709243	-0.091709243	-0.091709243	-0.011095315	-0.011095315	-0.011095315	-0.011095315	-0.011095315	-0.011164867	-0.011164867	-0.011164867	-0.011164867	-0.011164867	-0.011164867	-0.011164867	-0.009505818	-0.009505818	-0.009505818	-0.009505818	-0.009505818	-0.012533597	-0.012533597	-0.012533597	-0.012533597	-0.012533597	-0.019617803	-0.019617803	-0.019617803	-0.019617803	-0.019617803	-0.019119046	-0.019119046	-0.019119046	-0.019119046	-0.019119046	-0.015558948	-0.015558948	-0.015558948	-0.015558948	-0.015558948
108252	-0.004179412	-0.004179412	-0.004179412	-0.004179412	-0.004179412	-0.032343534	-0.032343534	-0.032343534	-0.032343534	-0.032343534	-0.023903969	-0.023903969	-0.023903969	-0.023903969	-0.023903969	-0.134105264	-0.134105264	-0.134105264	-0.080681216	-0.080681216	-0.080681216	-0.009761104	-0.009761104	-0.009761104	-0.009761104	-0.009761104	-0.009822293	-0.009822293	-0.009822293	-0.009822293	-0.009822293	-0.009822293	-0.009822293	-0.008362744	-0.008362744	-0.008362744	-0.008362744	-0.008362744	-0.011026433	-0.011026433	-0.011026433	-0.011026433	-0.011026433	-0.017258764	-0.017258764	-0.017258764	-0.017258764	-0.017258764	-0.016819982	-0.016819982	-0.016819982	-0.016819982	-0.016819982	-0.013687986	-0.013687986	-0.013687986	-0.013687986	-0.013687986
109368	-0.004179412	-0.004179412	-0.004179412	-0.004179412	-0.004179412	-0.032343534	-0.032343534	-0.032343534	-0.032343534	-0.032343534	-0.023903969	-0.023903969	-0.023903969	-0.023903969	-0.023903969	-0.115772663	-0.115772663	-0.115772663	-0.069651846	-0.069651846	-0.069651846	-0.008426732	-0.008426732	-0.008426732	-0.008426732	-0.008426732	-0.008479555	-0.008479555	-0.008479555	-0.008479555	-0.008479555	-0.008479555	-0.008479555	-0.007219531	-0.007219531	-0.007219531	-0.007219531	-0.007219531	-0.009519086	-0.009519086	-0.009519086	-0.009519086	-0.009519086	-0.014899438	-0.014899438	-0.014899438	-0.014899438	-0.014899438	-0.014520639	-0.014520639	-0.014520639	-0.014520639	-0.014520639	-0.011816796	-0.011816796	-0.011816796	-0.011816796	-0.011816796
110484	-0.004179412	-0.004179412	-0.004179412	-0.004179412	-0.004179412	-0.032343534	-0.032343534	-0.032343534	-0.032343534	-0.032343534	-0.023903969	-0.023903969	-0.023903969	-0.023903969	-0.023903969	-0.101984116	-0.101984116	-0.101984116	-0.061356297	-0.061356297	-0.061356297	-0.007423106	-0.007423106	-0.007423106	-0.007423106	-0.007423106	-0.007469638	-0.007469638	-0.007469638	-0.007469638	-0.007469638	-0.007469638	-0.007469638	-0.006359684	-0.006359684	-0.006359684	-0.006359684	-0.006359684	-0.008385361	-0.008385361	-0.008385361	-0.008385361	-0.008385361	-0.013124912	-0.013124912	-0.013124912	-0.013124912	-0.013124912	-0.012791228	-0.012791228	-0.012791228	-0.012791228	-0.012791228	-0.010409413	-0.010409413	-0.010409413	-0.010409413	-0.010409413
111600	-0.004179412	-0.004179412	-0.004179412	-0.004179412	-0.004179412	-0.032343534	-0.032343534	-0.032343534	-0.032343534	-0.032343534	-0.023903969	-0.023903969	-0.023903969	-0.023903969	-0.023903969	-0.084487421	-0.084487421	-0.084487421	-0.05082983	-0.05082983	-0.05082983	-0.006149576	-0.006149576	-0.006149576	-0.006149576	-0.006149576	-0.006188125	-0.006188125	-0.006188125	-0.006188125	-0.006188125	-0.006188125	-0.006188125	-0.005268598	-0.005268598	-0.005268598	-0.005268598	-0.005268598	-0.006946743	-0.006946743	-0.006946743	-0.006946743	-0.006946743	-0.010873164	-0.010873164	-0.010873164	-0.010873164	-0.010873164	-0.010596727	-0.010596727	-0.010596727	-0.010596727	-0.010596727	-0.008623544	-0.008623544	-0.008623544	-0.008623544	-0.008623544
112716	-0.004179412	-0.004179412	-0.004179412	-0.004179412	-0.004179412	-0.032343534	-0.032343534	-0.032343534	-0.032343534	-0.032343534	-0.023903969	-0.023903969	-0.023903969	-0.023903969	-0.023903969	-0.065982373	-0.065982373	-0.065982373	-0.039696712	-0.039696712	-0.039696712	-0.004802651	-0.004802651	-0.004802651	-0.004802651	-0.004802651	-0.004832757	-0.004832757	-0.004832757	-0.004832757	-0.004832757	-0.004832757	-0.004832757	-0.004114631	-0.004114631	-0.004114631	-0.004114631	-0.004114631	-0.005425217	-0.005425217	-0.005425217	-0.005425217	-0.005425217	-0.008491645	-0.008491645	-0.008491645	-0.008491645	-0.008491645	-0.008275755	-0.008275755	-0.008275755	-0.008275755	-0.008275755	-0.006734753	-0.006734753	-0.006734753	-0.006734753	-0.006734753
113832	-0.004179412	-0.004179412	-0.004179412	-0.004179412	-0.004179412	-0.032343534	-0.032343534	-0.032343534	-0.032343534	-0.032343534	-0.023903969	-0.023903969	-0.023903969	-0.023903969	-0.023903969	-0.048317248	-0.048317248	-0.048317248	-0.029068913	-0.029068913	-0.029068913	-0.003516862	-0.003516862	-0.003516862	-0.003516862	-0.003516862	-0.003538908	-0.003538908	-0.003538908	-0.003538908	-0.003538908	-0.003538908	-0.003538908	-0.003013042	-0.003013042	-0.003013042	-0.003013042	-0.003013042	-0.003972751	-0.003972751	-0.003972751	-0.003972751	-0.003972751	-0.00621822	-0.00621822	-0.00621822	-0.00621822	-0.00621822	-0.006060129	-0.006060129	-0.006060129	-0.006060129	-0.006060129	-0.004931691	-0.004931691	-0.004931691	-0.004931691	-0.004931691
114948	-0.004179412	-0.004179412	-0.004179412	-0.004179412	-0.004179412	-0.032343534	-0.032343534	-0.032343534	-0.032343534	-0.032343534	-0.023903969	-0.023903969	-0.023903969	-0.023903969	-0.023903969	-0.037095983	-0.037095983	-0.037095983	-0.022317909	-0.022317909	-0.022317909	-0.002700101	-0.002700101	-0.002700101	-0.002700101	-0.002700101	-0.002717027	-0.002717027	-0.002717027	-0.002717027	-0.002717027	-0.002717027	-0.002717027	-0.002313289	-0.002313289	-0.002313289	-0.002313289	-0.002313289	-0.003050114	-0.003050114	-0.003050114	-0.003050114	-0.003050114	-0.004774092	-0.004774092	-0.004774092	-0.004774092	-0.004774092	-0.004652717	-0.004652717	-0.004652717	-0.004652717	-0.004652717	-0.003786349	-0.003786349	-0.003786349	-0.003786349	-0.003786349
116064	-0.004179412	-0.004179412	-0.004179412	-0.004179412	-0.004179412	-0.032343534	-0.032343534	-0.032343534	-0.032343534	-0.032343534	-0.023903969	-0.023903969	-0.023903969	-0.023903969	-0.023903969	-0.025030335	-0.025030335	-0.025030335	-0.015058901	-0.015058901	-0.015058901	-0.00182188	-0.00182188	-0.00182188	-0.00182188	-0.00182188	-0.001833301	-0.001833301	-0.001833301	-0.001833301	-0.001833301	-0.001833301	-0.001833301	-0.00156088	-0.00156088	-0.00156088	-0.00156088	-0.00156088	-0.00205805	-0.00205805	-0.00205805	-0.00205805	-0.00205805	-0.003221295	-0.003221295	-0.003221295	-0.003221295	-0.003221295	-0.003139398	-0.003139398	-0.003139398	-0.003139398	-0.003139398	-0.00255482	-0.00255482	-0.00255482	-0.00255482	-0.00255482
117180	-0.004179412	-0.004179412	-0.004179412	-0.004179412	-0.004179412	-0.032343534	-0.032343534	-0.032343534	-0.032343534	-0.032343534	-0.023903969	-0.023903969	-0.023903969	-0.023903969	-0.023903969	-0.014644531	-0.014644531	-0.014644531	-0.008810531	-0.008810531	-0.008810531	-0.00106593	-0.00106593	-0.00106593	-0.00106593	-0.00106593	-0.001072612	-0.001072612	-0.001072612	-0.001072612	-0.001072612	-0.001072612	-0.001072612	-0.000913226	-0.000913226	-0.000913226	-0.000913226	-0.000913226	-0.001204106	-0.001204106	-0.001204106	-0.001204106	-0.001204106	-0.001884687	-0.001884687	-0.001884687	-0.001884687	-0.001884687	-0.001836772	-0.001836772	-0.001836772	-0.001836772	-0.001836772	-0.001494752	-0.001494752	-0.001494752	-0.001494752	-0.001494752
118296	-0.004179412	-0.004179412	-0.004179412	-0.004179412	-0.004179412	-0.032343534	-0.032343534	-0.032343534	-0.032343534	-0.032343534	-0.023903969	-0.023903969	-0.023903969	-0.023903969	-0.023903969	-0.002226685	-0.002226685	-0.002226685	-0.001339632	-0.001339632	-0.001339632	-0.000162073	-0.000162073	-0.000162073	-0.000162073	-0.000162073	-0.000163089	-0.000163089	-0.000163089	-0.000163089	-0.000163089	-0.000163089	-0.000163089	-0.000138855	-0.000138855	-0.000138855	-0.000138855	-0.000138855	-0.000183083	-0.000183083	-0.000183083	-0.000183083	-0.000183083	-0.000286565	-0.001014493	-0.001014493	-0.001014493	-0.001014493	-0.000279279	-0.000279279	-0.000279279	-0.000279279	-0.000279279	-0.000227275	-0.000227275	-0.000227275	-0.000227275	-0.000227275
119412	-0.004179412	-0.004179412	-0.004179412	-0.004179412	-0.004179412	-0.032343534	-0.032343534	-0.032343534	-0.032343534	-0.032343534	-0.023903969	-0.023903969	-0.023903969	-0.023903969	-0.023903969	-0.007882883	-0.007882883	-0.007882883	-0.007882883	-0.007882883	-0.004742547	-0.004065041	-0.004065041	-0.004065041	-0.004065041	-0.004065041	-0.004065041	-0.004065041	-0.004065041	-0.004065041	-0.004065041	-0.004065041	-0.004065041	-0.000491573	-0.000491573	-0.000491573	-0.000491573	-0.000491573	-0.000648148	-0.000648148	-0.000648148	-0.000648148	-0.000648148	-0.001014493	-0.001014493	-0.001014493	-0.001014493	-0.001014493	-0.000988701	-0.000988701	-0.000988701	-0.000988701	-0.000988701	-0.000804598	-0.000804598	-0.000804598	-0.000804598	-0.000804598
120528	-0.004179412	-0.004179412	-0.004179412	-0.004179412	-0.004179412	-0.032343534	-0.032343534	-0.032343534	-0.032343534	-0.032343534	-0.023903969	-0.023903969	-0.023903969	-0.023903969	-0.023903969	-0.007882883	-0.007882883	-0.007882883	-0.007882883	-0.007882883	-0.004742547	-0.004065041	-0.004065041	-0.004065041	-0.004065041	-0.004065041	-0.004065041	-0.004065041	-0.004065041	-0.004065041	-0.004065041	-0.004065041	-0.004065041	-0.000491573	-0.000491573	-0.000491573	-0.000491573	-0.000491573	-0.000648148	-0.000648148	-0.000648148	-0.000648148	-0.000648148	-0.001014493	-0.001014493	-0.001014493	-0.001014493	-0.001014493	-0.000988701	-0.000988701	-0.000988701	-0.000988701	-0.000988701	-0.000804598	-0.000804598	-0.000804598	-0.000804598	-0.000804598
121644	-0.004179412	-0.004179412	-0.004179412	-0.004179412	-0.004179412	-0.032343534	-0.032343534	-0.032343534	-0.032343534	-0.032343534	-0.023903969	-0.023903969	-0.023903969	-0.023903969	-0.023903969	-0.007882883	-0.007882883	-0.007882883	-0.007882883	-0.007882883	-0.004742547	-0.004065041	-0.004065041	-0.004065041	-0.004065041	-0.004065041	-0.004065041	-0.004065041	-0.004065041	-0.004065041	-0.004065041	-0.004065041	-0.004065041	-0.000491573	-0.000491573	-0.000491573	-0.000491573	-0.000491573	-0.000648148	-0.000648148	-0.000648148	-0.000648148	-0.000648148	-0.001014493	-0.001014493	-0.001014493	-0.001014493	-0.001014493	-0.000988701	-0.000988701	-0.000988701	-0.000988701	-0.000988701	-0.000804598	-0.000804598	-0.000804598	-0.000804598	-0.000804598
122760	-0.004179412	-0.004179412	-0.004179412	-0.004179412	-0.004179412	-0.032343534	-0.032343534	-0.032343534	-0.032343534	-0.032343534	-0.023903969	-0.023903969	-0.023903969	-0.023903969	-0.023903969	-0.007882883	-0.007882883	-0.007882883	-0.007882883	-0.007882883	-0.004742547	-0.004065041	-0.004065041	-0.004065041	-0.004065041	-0.004065041	-0.004065041	-0.004065041	-0.004065041	-0.004065041	-0.004065041	-0.004065041	-0.004065041	-0.000491573	-0.000491573	-0.000491573	-0.000491573	-0.000491573	-0.000648148	-0.000648148	-0.000648148	-0.000648148	-0.000648148	-0.001014493	-0.001014493	-0.001014493	-0.001014493	-0.001014493	-0.000988701	-0.000988701	-0.000988701	-0.000988701	-0.000988701	-0.000804598	-0.000804598	-0.000804598	-0.000804598	-0.000804598
123876	-0.004179412	-0.004179412	-0.004179412	-0.004179412	-0.004179412	-0.032343534	-0.032343534	-0.032343534	-0.032343534	-0.032343534	-0.023903969	-0.023903969	-0.023903969	-0.023903969	-0.023903969	-0.007882883	-0.007882883	-0.007882883	-0.007882883	-0.007882883	-0.004742547	-0.004065041	-0.004065041	-0.004065041	-0.004065041	-0.004065041	-0.004065041	-0.004065041	-0.004065041	-0.004065041	-0.004065041	-0.004065041	-0.004065041	-0.000491573	-0.000491573	-0.000491573	-0.000491573	-0.000491573	-0.000648148	-0.000648148	-0.000648148	-0.000648148	-0.000648148	-0.001014493	-0.001014493	-0.001014493	-0.001014493	-0.001014493	-0.000988701	-0.000988701	-0.000988701	-0.000988701	-0.000988701	-0.000804598	-0.000804598	-0.000804598	-0.000804598	-0.000804598
124992	-0.004179412	-0.004179412	-0.004179412	-0.004179412	-0.004179412	-0.032343534	-0.032343534	-0.032343534	-0.032343534	-0.032343534	-0.023903969	-0.023903969	-0.023903969	-0.023903969	-0.023903969	-0.007882883	-0.007882883	-0.007882883	-0.007882883	-0.007882883	-0.004742547	-0.004065041	-0.004065041	-0.004065041	-0.004065041	-0.004065041	-0.004065041	-0.004065041	-0.004065041	-0.004065041	-0.004065041	-0.004065041	-0.004065041	-0.000491573	-0.000491573	-0.000491573	-0.000491573	-0.000491573	-0.000648148	-0.000648148	-0.000648148	-0.000648148	-0.000648148	-0.001014493	-0.001014493	-0.001014493	-0.001014493	-0.001014493	-0.000988701	-0.000988701	-0.000988701	-0.000988701	-0.000988701	-0.000804598	-0.000804598	-0.000804598	-0.000804598	-0.000804598
126108	-0.004179412	-0.004179412	-0.004179412	-0.004179412	-0.004179412	-0.032343534	-0.032343534	-0.032343534	-0.032343534	-0.032343534	-0.023903969	-0.023903969	-0.023903969	-0.023903969	-0.023903969	-0.007882883	-0.007882883	-0.007882883	-0.007882883	-0.007882883	-0.004742547	-0.004065041	-0.004065041	-0.004065041	-0.004065041	-0.004065041	-0.004065041	-0.004065041	-0.004065041	-0.004065041	-0.004065041	-0.004065041	-0.004065041	-0.000491573	-0.000491573	-0.000491573	-0.000491573	-0.000491573	-0.000648148	-0.000648148	-0.000648148	-0.000648148	-0.000648148	-0.001014493	-0.001014493	-0.001014493	-0.001014493	-0.001014493	-0.000988701	-0.000988701	-0.000988701	-0.000988701	-0.000988701	-0.000804598	-0.000804598	-0.000804598	-0.000804598	-0.000804598
127224	-0.004179412	-0.004179412	-0.004179412	-0.004179412	-0.004179412	-0.032343534	-0.032343534	-0.032343534	-0.032343534	-0.032343534	-0.023903969	-0.023903969	-0.023903969	-0.023903969	-0.023903969	-0.007882883	-0.007882883	-0.007882883	-0.007882883	-0.007882883	-0.004742547	-0.004065041	-0.004065041	-0.004065041	-0.004065041	-0.004065041	-0.004065041	-0.004065041	-0.004065041	-0.004065041	-0.004065041	-0.004065041	-0.004065041	-0.000491573	-0.000491573	-0.000491573	-0.000491573	-0.000491573	-0.000648148	-0.000648148	-0.000648148	-0.000648148	-0.000648148	-0.001014493	-0.001014493	-0.001014493	-0.001014493	-0.001014493	-0.000988701	-0.000988701	-0.000988701	-0.000988701	-0.000988701	-0.000804598	-0.000804598	-0.000804598	-0.000804598	-0.000804598
128340	-0.004179412	-0.004179412	-0.004179412	-0.004179412	-0.004179412	-0.032343534	-0.032343534	-0.032343534	-0.032343534	-0.032343534	-0.023903969	-0.023903969	-0.023903969	-0.023903969	-0.023903969	-0.007882883	-0.007882883	-0.007882883	-0.007882883	-0.007882883	-0.004742547	-0.004065041	-0.004065041	-0.004065041	-0.004065041	-0.004065041	-0.004065041	-0.004065041	-0.004065041	-0.004065041	-0.004065041	-0.004065041	-0.004065041	-0.000491573	-0.000491573	-0.000491573	-0.000491573	-0.000491573	-0.000648148	-0.000648148	-0.000648148	-0.000648148	-0.000648148	-0.001014493	-0.001014493	-0.001014493	-0.001014493	-0.001014493	-0.000988701	-0.000988701	-0.000988701	-0.000988701	-0.000988701	-0.000804598	-0.000804598	-0.000804598	-0.000804598	-0.000804598
129456	-0.003582353	-0.003582353	-0.003582353	-0.003582353	-0.003582353	-0.027723029	-0.027723029	-0.027723029	-0.027723029	-0.027723029	-0.020489116	-0.020489116	-0.020489116	-0.020489116	-0.020489116	-0.006756757	-0.006756757	-0.006756757	-0.006756757	-0.006756757	-0.004065041	-0.004065041	-0.004065041	-0.004065041	-0.004065041	-0.004065041	-0.004065041	-0.004065041	-0.004065041	-0.004065041	-0.004065041	-0.004065041	-0.004065041	-0.000421348	-0.000421348	-0.000421348	-0.000421348	-0.000421348	-0.000555556	-0.000555556	-0.000555556	-0.000555556	-0.000555556	-0.000869565	-0.000869565	-0.000869565	-0.000869565	-0.000869565	-0.000847458	-0.000847458	-0.000847458	-0.000847458	-0.000847458	-0.000689655	-0.000689655	-0.000689655	-0.000689655	-0.000689655
130572	-0.003582353	-0.003582353	-0.003582353	-0.003582353	-0.003582353	-0.027723029	-0.027723029	-0.027723029	-0.027723029	-0.027723029	-0.020489116	-0.020489116	-0.020489116	-0.020489116	-0.020489116	-0.006756757	-0.006756757	-0.006756757	-0.006756757	-0.006756757	-0.004065041	-0.004065041	-0.004065041	-0.004065041	-0.004065041	-0.004065041	-0.004065041	-0.004065041	-0.004065041	-0.004065041	-0.004065041	-0.004065041	-0.004065041	-0.000421348	-0.000421348	-0.000421348	-0.000421348	-0.000421348	-0.000555556	-0.000555556	-0.000555556	-0.000555556	-0.000555556	-0.000869565	-0.000869565	-0.000869565	-0.000869565	-0.000869565	-0.000847458	-0.000847458	-0.000847458	-0.000847458	-0.000847458	-0.000689655	-0.000689655	-0.000689655	-0.000689655	-0.000689655
131688	-0.003582353	-0.003582353	-0.003582353	-0.003582353	-0.003582353	-0.027723029	-0.027723029	-0.027723029	-0.027723029	-0.027723029	-0.020489116	-0.020489116	-0.020489116	-0.020489116	-0.020489116	-0.006756757	-0.006756757	-0.006756757	-0.006756757	-0.006756757	-0.004065041	-0.004065041	-0.004065041	-0.004065041	-0.004065041	-0.004065041	-0.004065041	-0.004065041	-0.004065041	-0.004065041	-0.004065041	-0.004065041	-0.004065041	-0.000421348	-0.000421348	-0.000421348	-0.000421348	-0.000421348	-0.000555556	-0.000555556	-0.000555556	-0.000555556	-0.000555556	-0.000869565	-0.000869565	-0.000869565	-0.000869565	-0.000869565	-0.000847458	-0.000847458	-0.000847458	-0.000847458	-0.000847458	-0.000689655	-0.000689655	-0.000689655	-0.000689655	-0.000689655
132804	-0.003582353	-0.003582353	-0.003582353	-0.003582353	-0.003582353	-0.027723029	-0.027723029	-0.027723029	-0.027723029	-0.027723029	-0.020489116	-0.020489116	-0.020489116	-0.020489116	-0.020489116	-0.006756757	-0.006756757	-0.006756757	-0.006756757	-0.006756757	-0.004065041	-0.004065041	-0.004065041	-0.004065041	-0.004065041	-0.004065041	-0.004065041	-0.004065041	-0.004065041	-0.004065041	-0.004065041	-0.004065041	-0.004065041	-0.000421348	-0.000421348	-0.000421348	-0.000421348	-0.000421348	-0.000555556	-0.000555556	-0.000555556	-0.000555556	-0.000555556	-0.000869565	-0.000869565	-0.000869565	-0.000869565	-0.000869565	-0.000847458	-0.000847458	-0.000847458	-0.000847458	-0.000847458	-0.000689655	-0.000689655	-0.000689655	-0.000689655	-0.000689655
133920	-0.003582353	-0.003582353	-0.003582353	-0.003582353	-0.003582353	-0.027723029	-0.027723029	-0.027723029	-0.027723029	-0.027723029	-0.020489116	-0.020489116	-0.020489116	-0.020489116	-0.020489116	-0.006756757	-0.006756757	-0.006756757	-0.006756757	-0.006756757	-0.004065041	-0.004065041	-0.004065041	-0.004065041	-0.004065041	-0.004065041	-0.004065041	-0.004065041	-0.004065041	-0.004065041	-0.004065041	-0.004065041	-0.004065041	-0.000421348	-0.000421348	-0.000421348	-0.000421348	-0.000421348	-0.000555556	-0.000555556	-0.000555556	-0.000555556	-0.000555556	-0.000869565	-0.000869565	-0.000869565	-0.000869565	-0.000869565	-0.000847458	-0.000847458	-0.000847458	-0.000847458	-0.000847458	-0.000689655	-0.000689655	-0.000689655	-0.000689655	-0.000689655
135036	-0.003582353	-0.003582353	-0.003582353	-0.003582353	-0.003582353	-0.027723029	-0.027723029	-0.027723029	-0.027723029	-0.027723029	-0.020489116	-0.020489116	-0.020489116	-0.020489116	-0.020489116	-0.006756757	-0.006756757	-0.006756757	-0.006756757	-0.006756757	-0.004065041	-0.004065041	-0.004065041	-0.004065041	-0.004065041	-0.004065041	-0.004065041	-0.004065041	-0.004065041	-0.004065041	-0.004065041	-0.004065041	-0.004065041	-0.000421348	-0.000421348	-0.000421348	-0.000421348	-0.000421348	-0.000555556	-0.000555556	-0.000555556	-0.000555556	-0.000555556	-0.000869565	-0.000869565	-0.000869565	-0.000869565	-0.000869565	-0.000847458	-0.000847458	-0.000847458	-0.000847458	-0.000847458	-0.000689655	-0.000689655	-0.000689655	-0.000689655	-0.000689655
136152	-0.003582353	-0.003582353	-0.003582353	-0.003582353	-0.003582353	-0.027723029	-0.027723029	-0.027723029	-0.027723029	-0.027723029	-0.020489116	-0.020489116	-0.020489116	-0.020489116	-0.020489116	-0.006756757	-0.006756757	-0.006756757	-0.006756757	-0.006756757	-0.004065041	-0.004065041	-0.004065041	-0.004065041	-0.004065041	-0.004065041	-0.004065041	-0.004065041	-0.004065041	-0.004065041	-0.004065041	-0.004065041	-0.004065041	-0.000421348	-0.000421348	-0.000421348	-0.000421348	-0.000421348	-0.000555556	-0.000555556	-0.000555556	-0.000555556	-0.000555556	-0.000869565	-0.000869565	-0.000869565	-0.000869565	-0.000869565	-0.000847458	-0.000847458	-0.000847458	-0.000847458	-0.000847458	-0.000689655	-0.000689655	-0.000689655	-0.000689655	-0.000689655
137268	-0.003582353	-0.003582353	-0.003582353	-0.003582353	-0.003582353	-0.027723029	-0.027723029	-0.027723029	-0.027723029	-0.027723029	-0.020489116	-0.020489116	-0.020489116	-0.020489116	-0.020489116	-0.006756757	-0.006756757	-0.006756757	-0.006756757	-0.006756757	-0.004065041	-0.004065041	-0.004065041	-0.004065041	-0.004065041	-0.004065041	-0.004065041	-0.004065041	-0.004065041	-0.004065041	-0.004065041	-0.004065041	-0.004065041	-0.000421348	-0.000421348	-0.000421348	-0.000421348	-0.000421348	-0.000555556	-0.000555556	-0.000555556	-0.000555556	-0.000555556	-0.000869565	-0.000869565	-0.000869565	-0.000869565	-0.000869565	-0.000847458	-0.000847458	-0.000847458	-0.000847458	-0.000847458	-0.000689655	-0.000689655	-0.000689655	-0.000689655	-0.000689655
138384	-0.003582353	-0.003582353	-0.003582353	-0.003582353	-0.003582353	-0.027723029	-0.027723029	-0.027723029	-0.027723029	-0.027723029	-0.020489116	-0.020489116	-0.020489116	-0.020489116	-0.020489116	-0.006756757	-0.006756757	-0.006756757	-0.006756757	-0.006756757	-0.004065041	-0.004065041	-0.004065041	-0.004065041	-0.004065041	-0.004065041	-0.004065041	-0.004065041	-0.004065041	-0.004065041	-0.004065041	-0.004065041	-0.004065041	-0.000421348	-0.000421348	-0.000421348	-0.000421348	-0.000421348	-0.000555556	-0.000555556	-0.000555556	-0.000555556	-0.000555556	-0.000869565	-0.000869565	-0.000869565	-0.000869565	-0.000869565	-0.000847458	-0.000847458	-0.000847458	-0.000847458	-0.000847458	-0.000689655	-0.000689655	-0.000689655	-0.000689655	-0.000689655
139500	-0.003582353	-0.003582353	-0.003582353	-0.003582353	-0.003582353	-0.027723029	-0.027723029	-0.027723029	-0.027723029	-0.027723029	-0.020489116	-0.020489116	-0.020489116	-0.020489116	-0.020489116	-0.006756757	-0.006756757	-0.006756757	-0.006756757	-0.006756757	-0.004065041	-0.004065041	-0.004065041	-0.004065041	-0.004065041	-0.004065041	-0.004065041	-0.004065041	-0.004065041	-0.004065041	-0.004065041	-0.004065041	-0.004065041	-0.000421348	-0.000421348	-0.000421348	-0.000421348	-0.000421348	-0.000555556	-0.000555556	-0.000555556	-0.000555556	-0.000555556	-0.000869565	-0.000869565	-0.000869565	-0.000869565	-0.000869565	-0.000847458	-0.000847458	-0.000847458	-0.000847458	-0.000847458	-0.000689655	-0.000689655	-0.000689655	-0.000689655	-0.000689655
140616	-0.003582353	-0.003582353	-0.003582353	-0.003582353	-0.003582353	-0.027723029	-0.027723029	-0.027723029	-0.027723029	-0.027723029	-0.020489116	-0.020489116	-0.020489116	-0.020489116	-0.020489116	-0.006756757	-0.006756757	-0.006756757	-0.006756757	-0.006756757	-0.004065041	-0.004065041	-0.004065041	-0.004065041	-0.004065041	-0.004065041	-0.004065041	-0.004065041	-0.004065041	-0.004065041	-0.004065041	-0.004065041	-0.004065041	-0.000421348	-0.000421348	-0.000421348	-0.000421348	-0.000421348	-0.000555556	-0.000555556	-0.000555556	-0.000555556	-0.000555556	-0.000869565	-0.000869565	-0.000869565	-0.000869565	-0.000869565	-0.000847458	-0.000847458	-0.000847458	-0.000847458	-0.000847458	-0.000689655	-0.000689655	-0.000689655	-0.000689655	-0.000689655
141732	-0.003582353	-0.003582353	-0.003582353	-0.003582353	-0.003582353	-0.027723029	-0.027723029	-0.027723029	-0.027723029	-0.027723029	-0.020489116	-0.020489116	-0.020489116	-0.020489116	-0.020489116	-0.006756757	-0.006756757	-0.006756757	-0.006756757	-0.006756757	-0.004065041	-0.004065041	-0.004065041	-0.004065041	-0.004065041	-0.004065041	-0.004065041	-0.004065041	-0.004065041	-0.004065041	-0.004065041	-0.004065041	-0.004065041	-0.000421348	-0.000421348	-0.000421348	-0.000421348	-0.000421348	-0.000555556	-0.000555556	-0.000555556	-0.000555556	-0.000555556	-0.000869565	-0.000869565	-0.000869565	-0.000869565	-0.000869565	-0.000847458	-0.000847458	-0.000847458	-0.000847458	-0.000847458	-0.000689655	-0.000689655	-0.000689655	-0.000689655	-0.000689655
142848	-0.003582353	-0.003582353	-0.003582353	-0.003582353	-0.003582353	-0.027723029	-0.027723029	-0.027723029	-0.027723029	-0.027723029	-0.020489116	-0.020489116	-0.020489116	-0.020489116	-0.020489116	-0.006756757	-0.006756757	-0.006756757	-0.006756757	-0.006756757	-0.004065041	-0.004065041	-0.004065041	-0.004065041	-0.004065041	-0.004065041	-0.004065041	-0.004065041	-0.004065041	-0.004065041	-0.004065041	-0.004065041	-0.004065041	-0.000421348	-0.000421348	-0.000421348	-0.000421348	-0.000421348	-0.000555556	-0.000555556	-0.000555556	-0.000555556	-0.000555556	-0.000869565	-0.000869565	-0.000869565	-0.000869565	-0.000869565	-0.000847458	-0.000847458	-0.000847458	-0.000847458	-0.000847458	-0.000689655	-0.000689655	-0.000689655	-0.000689655	-0.000689655
143964	-0.003582353	-0.003582353	-0.003582353	-0.003582353	-0.003582353	-0.027723029	-0.027723029	-0.027723029	-0.027723029	-0.027723029	-0.020489116	-0.020489116	-0.020489116	-0.020489116	-0.020489116	-0.006756757	-0.006756757	-0.006756757	-0.006756757	-0.006756757	-0.004065041	-0.004065041	-0.004065041	-0.004065041	-0.004065041	-0.004065041	-0.004065041	-0.004065041	-0.004065041	-0.004065041	-0.004065041	-0.004065041	-0.004065041	-0.000421348	-0.000421348	-0.000421348	-0.000421348	-0.000421348	-0.000555556	-0.000555556	-0.000555556	-0.000555556	-0.000555556	-0.000869565	-0.000869565	-0.000869565	-0.000869565	-0.000869565	-0.000847458	-0.000847458	-0.000847458	-0.000847458	-0.000847458	-0.000689655	-0.000689655	-0.000689655	-0.000689655	-0.000689655
145080	-0.003582353	-0.003582353	-0.003582353	-0.003582353	-0.003582353	-0.027723029	-0.027723029	-0.027723029	-0.027723029	-0.027723029	-0.020489116	-0.020489116	-0.020489116	-0.020489116	-0.020489116	-0.006756757	-0.006756757	-0.006756757	-0.006756757	-0.006756757	-0.004065041	-0.004065041	-0.004065041	-0.004065041	-0.004065041	-0.004065041	-0.004065041	-0.004065041	-0.004065041	-0.004065041	-0.004065041	-0.004065041	-0.004065041	-0.000421348	-0.000421348	-0.000421348	-0.000421348	-0.000421348	-0.000555556	-0.000555556	-0.000555556	-0.000555556	-0.000555556	-0.000869565	-0.000869565	-0.000869565	-0.000869565	-0.000869565	-0.000847458	-0.000847458	-0.000847458	-0.000847458	-0.000847458	-0.000689655	-0.000689655	-0.000689655	-0.000689655	-0.000689655
146196	-0.003582353	-0.003582353	-0.003582353	-0.003582353	-0.003582353	-0.027723029	-0.027723029	-0.027723029	-0.027723029	-0.027723029	-0.020489116	-0.020489116	-0.020489116	-0.020489116	-0.020489116	-0.006756757	-0.006756757	-0.006756757	-0.006756757	-0.006756757	-0.004065041	-0.004065041	-0.004065041	-0.004065041	-0.004065041	-0.004065041	-0.004065041	-0.004065041	-0.004065041	-0.004065041	-0.004065041	-0.004065041	-0.004065041	-0.000421348	-0.000421348	-0.000421348	-0.000421348	-0.000421348	-0.000555556	-0.000555556	-0.000555556	-0.000555556	-0.000555556	-0.000869565	-0.000869565	-0.000869565	-0.000869565	-0.000869565	-0.000847458	-0.000847458	-0.000847458	-0.000847458	-0.000847458	-0.000689655	-0.000689655	-0.000689655	-0.000689655	-0.000689655
147312	-0.003582353	-0.003582353	-0.003582353	-0.003582353	-0.003582353	-0.027723029	-0.027723029	-0.027723029	-0.027723029	-0.027723029	-0.020489116	-0.020489116	-0.020489116	-0.020489116	-0.020489116	-0.006756757	-0.006756757	-0.006756757	-0.006756757	-0.006756757	-0.004065041	-0.004065041	-0.004065041	-0.004065041	-0.004065041	-0.004065041	-0.004065041	-0.004065041	-0.004065041	-0.004065041	-0.004065041	-0.004065041	-0.004065041	-0.000421348	-0.000421348	-0.000421348	-0.000421348	-0.000421348	-0.000555556	-0.000555556	-0.000555556	-0.000555556	-0.000555556	-0.000869565	-0.000869565	-0.000869565	-0.000869565	-0.000869565	-0.000847458	-0.000847458	-0.000847458	-0.000847458	-0.000847458	-0.000689655	-0.000689655	-0.000689655	-0.000689655	-0.000689655
148428	-0.003582353	-0.003582353	-0.003582353	-0.003582353	-0.003582353	-0.027723029	-0.027723029	-0.027723029	-0.027723029	-0.027723029	-0.020489116	-0.020489116	-0.020489116	-0.020489116	-0.020489116	-0.006756757	-0.006756757	-0.006756757	-0.006756757	-0.006756757	-0.004065041	-0.004065041	-0.004065041	-0.004065041	-0.004065041	-0.004065041	-0.004065041	-0.004065041	-0.004065041	-0.004065041	-0.004065041	-0.004065041	-0.004065041	-0.000421348	-0.000421348	-0.000421348	-0.000421348	-0.000421348	-0.000555556	-0.000555556	-0.000555556	-0.000555556	-0.000555556	-0.000869565	-0.000869565	-0.000869565	-0.000869565	-0.000869565	-0.000847458	-0.000847458	-0.000847458	-0.000847458	-0.000847458	-0.000689655	-0.000689655	-0.000689655	-0.000689655	-0.000689655
149544	-0.003582353	-0.003582353	-0.003582353	-0.003582353	-0.003582353	-0.027723029	-0.027723029	-0.027723029	-0.027723029	-0.027723029	-0.020489116	-0.020489116	-0.020489116	-0.020489116	-0.020489116	-0.006756757	-0.006756757	-0.006756757	-0.006756757	-0.006756757	-0.004065041	-0.004065041	-0.004065041	-0.004065041	-0.004065041	-0.004065041	-0.004065041	-0.004065041	-0.004065041	-0.004065041	-0.004065041	-0.004065041	-0.004065041	-0.000421348	-0.000421348	-0.000421348	-0.000421348	-0.000421348	-0.000555556	-0.000555556	-0.000555556	-0.000555556	-0.000555556	-0.000869565	-0.000869565	-0.000869565	-0.000869565	-0.000869565	-0.000847458	-0.000847458	-0.000847458	-0.000847458	-0.000847458	-0.000689655	-0.000689655	-0.000689655	-0.000689655	-0.000689655
150660	-0.003582353	-0.003582353	-0.003582353	-0.003582353	-0.003582353	-0.027723029	-0.027723029	-0.027723029	-0.027723029	-0.027723029	-0.020489116	-0.020489116	-0.020489116	-0.020489116	-0.020489116	-0.006756757	-0.006756757	-0.006756757	-0.006756757	-0.006756757	-0.004065041	-0.004065041	-0.004065041	-0.004065041	-0.004065041	-0.004065041	-0.004065041	-0.004065041	-0.004065041	-0.004065041	-0.004065041	-0.004065041	-0.004065041	-0.000421348	-0.000421348	-0.000421348	-0.000421348	-0.000421348	-0.000555556	-0.000555556	-0.000555556	-0.000555556	-0.000555556	-0.000869565	-0.000869565	-0.000869565	-0.000869565	-0.000869565	-0.000847458	-0.000847458	-0.000847458	-0.000847458	-0.000847458	-0.000689655	-0.000689655	-0.000689655	-0.000689655	-0.000689655
151776	-0.003582353	-0.003582353	-0.003582353	-0.003582353	-0.003582353	-0.027723029	-0.027723029	-0.027723029	-0.027723029	-0.027723029	-0.020489116	-0.020489116	-0.020489116	-0.020489116	-0.020489116	-0.006756757	-0.006756757	-0.006756757	-0.006756757	-0.006756757	-0.004065041	-0.004065041	-0.004065041	-0.004065041	-0.004065041	-0.004065041	-0.004065041	-0.004065041	-0.004065041	-0.004065041	-0.004065041	-0.004065041	-0.004065041	-0.000421348	-0.000421348	-0.000421348	-0.000421348	-0.000421348	-0.000555556	-0.000555556	-0.000555556	-0.000555556	-0.000555556	-0.000869565	-0.000869565	-0.000869565	-0.000869565	-0.000869565	-0.000847458	-0.000847458	-0.000847458	-0.000847458	-0.000847458	-0.000689655	-0.000689655	-0.000689655	-0.000689655	-0.000689655
152892	-0.003582353	-0.003582353	-0.003582353	-0.003582353	-0.003582353	-0.027723029	-0.027723029	-0.027723029	-0.027723029	-0.027723029	-0.020489116	-0.020489116	-0.020489116	-0.020489116	-0.020489116	-0.006756757	-0.006756757	-0.006756757	-0.006756757	-0.006756757	-0.004065041	-0.004065041	-0.004065041	-0.004065041	-0.004065041	-0.004065041	-0.004065041	-0.004065041	-0.004065041	-0.004065041	-0.004065041	-0.004065041	-0.004065041	-0.000421348	-0.000421348	-0.000421348	-0.000421348	-0.000421348	-0.000555556	-0.000555556	-0.000555556	-0.000555556	-0.000555556	-0.000869565	-0.000869565	-0.000869565	-0.000869565	-0.000869565	-0.000847458	-0.000847458	-0.000847458	-0.000847458	-0.000847458	-0.000689655	-0.000689655	-0.000689655	-0.000689655	-0.000689655
154008	-0.003582353	-0.003582353	-0.003582353	-0.003582353	-0.003582353	-0.027723029	-0.027723029	-0.027723029	-0.027723029	-0.027723029	-0.020489116	-0.020489116	-0.020489116	-0.020489116	-0.020489116	-0.006756757	-0.006756757	-0.006756757	-0.006756757	-0.006756757	-0.004065041	-0.004065041	-0.004065041	-0.004065041	-0.004065041	-0.004065041	-0.004065041	-0.004065041	-0.004065041	-0.004065041	-0.004065041	-0.004065041	-0.004065041	-0.000421348	-0.000421348	-0.000421348	-0.000421348	-0.000421348	-0.000555556	-0.000555556	-0.000555556	-0.000555556	-0.000555556	-0.000869565	-0.000869565	-0.000869565	-0.000869565	-0.000869565	-0.000847458	-0.000847458	-0.000847458	-0.000847458	-0.000847458	-0.000689655	-0.000689655	-0.000689655	-0.000689655	-0.000689655
155124	-0.003582353	-0.003582353	-0.003582353	-0.003582353	-0.003582353	-0.027723029	-0.027723029	-0.027723029	-0.027723029	-0.027723029	-0.020489116	-0.020489116	-0.020489116	-0.020489116	-0.020489116	-0.006756757	-0.006756757	-0.006756757	-0.006756757	-0.006756757	-0.004065041	-0.004065041	-0.004065041	-0.004065041	-0.004065041	-0.004065041	-0.004065041	-0.004065041	-0.004065041	-0.004065041	-0.004065041	-0.004065041	-0.004065041	-0.000421348	-0.000421348	-0.000421348	-0.000421348	-0.000421348	-0.000555556	-0.000555556	-0.000555556	-0.000555556	-0.000555556	-0.000869565	-0.000869565	-0.000869565	-0.000869565	-0.000869565	-0.000847458	-0.000847458	-0.000847458	-0.000847458	-0.000847458	-0.000689655	-0.000689655	-0.000689655	-0.000689655	-0.000689655
156240	-0.003582353	-0.003582353	-0.003582353	-0.003582353	-0.003582353	-0.027723029	-0.027723029	-0.027723029	-0.027723029	-0.027723029	-0.020489116	-0.020489116	-0.020489116	-0.020489116	-0.020489116	-0.006756757	-0.006756757	-0.006756757	-0.006756757	-0.006756757	-0.004065041	-0.004065041	-0.004065041	-0.004065041	-0.004065041	-0.004065041	-0.004065041	-0.004065041	-0.004065041	-0.004065041	-0.004065041	-0.004065041	-0.004065041	-0.000421348	-0.000421348	-0.000421348	-0.000421348	-0.000421348	-0.000555556	-0.000555556	-0.000555556	-0.000555556	-0.000555556	-0.000869565	-0.000869565	-0.000869565	-0.000869565	-0.000869565	-0.000847458	-0.000847458	-0.000847458	-0.000847458	-0.000847458	-0.000689655	-0.000689655	-0.000689655	-0.000689655	-0.000689655
157356	-0.003582353	-0.003582353	-0.003582353	-0.003582353	-0.003582353	-0.027723029	-0.027723029	-0.027723029	-0.027723029	-0.027723029	-0.020489116	-0.020489116	-0.020489116	-0.020489116	-0.020489116	-0.006756757	-0.006756757	-0.006756757	-0.006756757	-0.006756757	-0.004065041	-0.004065041	-0.004065041	-0.004065041	-0.004065041	-0.004065041	-0.004065041	-0.004065041	-0.004065041	-0.004065041	-0.004065041	-0.004065041	-0.004065041	-0.000421348	-0.000421348	-0.000421348	-0.000421348	-0.000421348	-0.000555556	-0.000555556	-0.000555556	-0.000555556	-0.000555556	-0.000869565	-0.000869565	-0.000869565	-0.000869565	-0.000869565	-0.000847458	-0.000847458	-0.000847458	-0.000847458	-0.000847458	-0.000689655	-0.000689655	-0.000689655	-0.000689655	-0.000689655
158472	-0.003582353	-0.003582353	-0.003582353	-0.003582353	-0.003582353	-0.027723029	-0.027723029	-0.027723029	-0.027723029	-0.027723029	-0.020489116	-0.020489116	-0.020489116	-0.020489116	-0.020489116	-0.006756757	-0.006756757	-0.006756757	-0.006756757	-0.006756757	-0.004065041	-0.004065041	-0.004065041	-0.004065041	-0.004065041	-0.004065041	-0.004065041	-0.004065041	-0.004065041	-0.004065041	-0.004065041	-0.004065041	-0.004065041	-0.000421348	-0.000421348	-0.000421348	-0.000421348	-0.000421348	-0.000555556	-0.000555556	-0.000555556	-0.000555556	-0.000555556	-0.000869565	-0.000869565	-0.000869565	-0.000869565	-0.000869565	-0.000847458	-0.000847458	-0.000847458	-0.000847458	-0.000847458	-0.000689655	-0.000689655	-0.000689655	-0.000689655	-0.000689655
159588	-0.003582353	-0.003582353	-0.003582353	-0.003582353	-0.003582353	-0.027723029	-0.027723029	-0.027723029	-0.027723029	-0.027723029	-0.020489116	-0.020489116	-0.020489116	-0.020489116	-0.020489116	-0.006756757	-0.006756757	-0.006756757	-0.006756757	-0.006756757	-0.004065041	-0.004065041	-0.004065041	-0.004065041	-0.004065041	-0.004065041	-0.004065041	-0.004065041	-0.004065041	-0.004065041	-0.004065041	-0.004065041	-0.004065041	-0.000421348	-0.000421348	-0.000421348	-0.000421348	-0.000421348	-0.000555556	-0.000555556	-0.000555556	-0.000555556	-0.000555556	-0.000869565	-0.000869565	-0.000869565	-0.000869565	-0.000869565	-0.000847458	-0.000847458	-0.000847458	-0.000847458	-0.000847458	-0.000689655	-0.000689655	-0.000689655	-0.000689655	-0.000689655
160704	-0.003582353	-0.003582353	-0.003582353	-0.003582353	-0.003582353	-0.027723029	-0.027723029	-0.027723029	-0.027723029	-0.027723029	-0.020489116	-0.020489116	-0.020489116	-0.020489116	-0.020489116	-0.006756757	-0.006756757	-0.006756757	-0.006756757	-0.006756757	-0.004065041	-0.004065041	-0.004065041	-0.004065041	-0.004065041	-0.004065041	-0.004065041	-0.004065041	-0.004065041	-0.004065041	-0.004065041	-0.004065041	-0.004065041	-0.000421348	-0.000421348	-0.000421348	-0.000421348	-0.000421348	-0.000555556	-0.000555556	-0.000555556	-0.000555556	-0.000555556	-0.000869565	-0.000869565	-0.000869565	-0.000869565	-0.000869565	-0.000847458	-0.000847458	-0.000847458	-0.000847458	-0.000847458	-0.000689655	-0.000689655	-0.000689655	-0.000689655	-0.000689655
161820	-0.003582353	-0.003582353	-0.003582353	-0.003582353	-0.003582353	-0.027723029	-0.027723029	-0.027723029	-0.027723029	-0.027723029	-0.020489116	-0.020489116	-0.020489116	-0.020489116	-0.020489116	-0.006756757	-0.006756757	-0.006756757	-0.006756757	-0.006756757	-0.004065041	-0.004065041	-0.004065041	-0.004065041	-0.004065041	-0.004065041	-0.004065041	-0.004065041	-0.004065041	-0.004065041	-0.004065041	-0.004065041	-0.004065041	-0.000421348	-0.000421348	-0.000421348	-0.000421348	-0.000421348	-0.000555556	-0.000555556	-0.000555556	-0.000555556	-0.000555556	-0.000869565	-0.000869565	-0.000869565	-0.000869565	-0.000869565	-0.000847458	-0.000847458	-0.000847458	-0.000847458	-0.000847458	-0.000689655	-0.000689655	-0.000689655	-0.000689655	-0.000689655
162936	-0.003582353	-0.003582353	-0.003582353	-0.003582353	-0.003582353	-0.027723029	-0.027723029	-0.027723029	-0.027723029	-0.027723029	-0.020489116	-0.020489116	-0.020489116	-0.020489116	-0.020489116	-0.006756757	-0.006756757	-0.006756757	-0.006756757	-0.006756757	-0.004065041	-0.004065041	-0.004065041	-0.004065041	-0.004065041	-0.004065041	-0.004065041	-0.004065041	-0.004065041	-0.004065041	-0.004065041	-0.004065041	-0.004065041	-0.000421348	-0.000421348	-0.000421348	-0.000421348	-0.000421348	-0.000555556	-0.000555556	-0.000555556	-0.000555556	-0.000555556	-0.000869565	-0.000869565	-0.000869565	-0.000869565	-0.000869565	-0.000847458	-0.000847458	-0.000847458	-0.000847458	-0.000847458	-0.000689655	-0.000689655	-0.000689655	-0.000689655	-0.000689655
164052	-0.003582353	-0.003582353	-0.003582353	-0.003582353	-0.003582353	-0.027723029	-0.027723029	-0.027723029	-0.027723029	-0.027723029	-0.020489116	-0.020489116	-0.020489116	-0.020489116	-0.020489116	-0.006756757	-0.006756757	-0.006756757	-0.006756757	-0.006756757	-0.004065041	-0.004065041	-0.004065041	-0.004065041	-0.004065041	-0.004065041	-0.004065041	-0.004065041	-0.004065041	-0.004065041	-0.004065041	-0.004065041	-0.004065041	-0.000421348	-0.000421348	-0.000421348	-0.000421348	-0.000421348	-0.000555556	-0.000555556	-0.000555556	-0.000555556	-0.000555556	-0.000869565	-0.000869565	-0.000869565	-0.000869565	-0.000869565	-0.000847458	-0.000847458	-0.000847458	-0.000847458	-0.000847458	-0.000689655	-0.000689655	-0.000689655	-0.000689655	-0.000689655
165168	-0.003582353	-0.003582353	-0.003582353	-0.003582353	-0.003582353	-0.027723029	-0.027723029	-0.027723029	-0.027723029	-0.027723029	-0.020489116	-0.020489116	-0.020489116	-0.020489116	-0.020489116	-0.006756757	-0.006756757	-0.006756757	-0.006756757	-0.006756757	-0.004065041	-0.004065041	-0.004065041	-0.004065041	-0.004065041	-0.004065041	-0.004065041	-0.004065041	-0.004065041	-0.004065041	-0.004065041	-0.004065041	-0.004065041	-0.000421348	-0.000421348	-0.000421348	-0.000421348	-0.000421348	-0.000555556	-0.000555556	-0.000555556	-0.000555556	-0.000555556	-0.000869565	-0.000869565	-0.000869565	-0.000869565	-0.000869565	-0.000847458	-0.000847458	-0.000847458	-0.000847458	-0.000847458	-0.000689655	-0.000689655	-0.000689655	-0.000689655	-0.000689655
166284	-0.003582353	-0.003582353	-0.003582353	-0.003582353	-0.003582353	-0.027723029	-0.027723029	-0.027723029	-0.027723029	-0.027723029	-0.020489116	-0.020489116	-0.020489116	-0.020489116	-0.020489116	-0.006756757	-0.006756757	-0.006756757	-0.006756757	-0.006756757	-0.004065041	-0.004065041	-0.004065041	-0.004065041	-0.004065041	-0.004065041	-0.004065041	-0.004065041	-0.004065041	-0.004065041	-0.004065041	-0.004065041	-0.004065041	-0.000421348	-0.000421348	-0.000421348	-0.000421348	-0.000421348	-0.000555556	-0.000555556	-0.000555556	-0.000555556	-0.000555556	-0.000869565	-0.000869565	-0.000869565	-0.000869565	-0.000869565	-0.000847458	-0.000847458	-0.000847458	-0.000847458	-0.000847458	-0.000689655	-0.000689655	-0.000689655	-0.000689655	-0.000689655
167400	-0.003582353	-0.003582353	-0.003582353	-0.003582353	-0.003582353	-0.027723029	-0.027723029	-0.027723029	-0.027723029	-0.027723029	-0.020489116	-0.020489116	-0.020489116	-0.020489116	-0.020489116	-0.006756757	-0.006756757	-0.006756757	-0.006756757	-0.006756757	-0.004065041	-0.004065041	-0.004065041	-0.004065041	-0.004065041	-0.004065041	-0.004065041	-0.004065041	-0.004065041	-0.004065041	-0.004065041	-0.004065041	-0.004065041	-0.000421348	-0.000421348	-0.000421348	-0.000421348	-0.000421348	-0.000555556	-0.000555556	-0.000555556	-0.000555556	-0.000555556	-0.000869565	-0.000869565	-0.000869565	-0.000869565	-0.000869565	-0.000847458	-0.000847458	-0.000847458	-0.000847458	-0.000847458	-0.000689655	-0.000689655	-0.000689655	-0.000689655	-0.000689655
168516	-0.003582353	-0.003582353	-0.003582353	-0.003582353	-0.003582353	-0.027723029	-0.027723029	-0.027723029	-0.027723029	-0.027723029	-0.020489116	-0.020489116	-0.020489116	-0.020489116	-0.020489116	-0.006756757	-0.006756757	-0.006756757	-0.006756757	-0.006756757	-0.004065041	-0.004065041	-0.004065041	-0.004065041	-0.004065041	-0.004065041	-0.004065041	-0.004065041	-0.004065041	-0.004065041	-0.004065041	-0.004065041	-0.004065041	-0.000421348	-0.000421348	-0.000421348	-0.000421348	-0.000421348	-0.000555556	-0.000555556	-0.000555556	-0.000555556	-0.000555556	-0.000869565	-0.000869565	-0.000869565	-0.000869565	-0.000869565	-0.000847458	-0.000847458	-0.000847458	-0.000847458	-0.000847458	-0.000689655	-0.000689655	-0.000689655	-0.000689655	-0.000689655
169632	-0.003582353	-0.003582353	-0.003582353	-0.003582353	-0.003582353	-0.027723029	-0.027723029	-0.027723029	-0.027723029	-0.027723029	-0.020489116	-0.020489116	-0.020489116	-0.020489116	-0.020489116	-0.006756757	-0.006756757	-0.006756757	-0.006756757	-0.006756757	-0.004065041	-0.004065041	-0.004065041	-0.004065041	-0.004065041	-0.004065041	-0.004065041	-0.004065041	-0.004065041	-0.004065041	-0.004065041	-0.004065041	-0.004065041	-0.000421348	-0.000421348	-0.000421348	-0.000421348	-0.000421348	-0.000555556	-0.000555556	-0.000555556	-0.000555556	-0.000555556	-0.000869565	-0.000869565	-0.000869565	-0.000869565	-0.000869565	-0.000847458	-0.000847458	-0.000847458	-0.000847458	-0.000847458	-0.000689655	-0.000689655	-0.000689655	-0.000689655	-0.000689655
170748	-0.003582353	-0.003582353	-0.003582353	-0.003582353	-0.003582353	-0.027723029	-0.027723029	-0.027723029	-0.027723029	-0.027723029	-0.020489116	-0.020489116	-0.020489116	-0.020489116	-0.020489116	-0.006756757	-0.006756757	-0.006756757	-0.006756757	-0.006756757	-0.004065041	-0.004065041	-0.004065041	-0.004065041	-0.004065041	-0.004065041	-0.004065041	-0.004065041	-0.004065041	-0.004065041	-0.004065041	-0.004065041	-0.004065041	-0.000421348	-0.000421348	-0.000421348	-0.000421348	-0.000421348	-0.000555556	-0.000555556	-0.000555556	-0.000555556	-0.000555556	-0.000869565	-0.000869565	-0.000869565	-0.000869565	-0.000869565	-0.000847458	-0.000847458	-0.000847458	-0.000847458	-0.000847458	-0.000689655	-0.000689655	-0.000689655	-0.000689655	-0.000689655
171864	-0.003582353	-0.003582353	-0.003582353	-0.003582353	-0.003582353	-0.027723029	-0.027723029	-0.027723029	-0.027723029	-0.027723029	-0.020489116	-0.020489116	-0.020489116	-0.020489116	-0.020489116	-0.006756757	-0.006756757	-0.006756757	-0.006756757	-0.006756757	-0.004065041	-0.004065041	-0.004065041	-0.004065041	-0.004065041	-0.004065041	-0.004065041	-0.004065041	-0.004065041	-0.004065041	-0.004065041	-0.004065041	-0.004065041	-0.000421348	-0.000421348	-0.000421348	-0.000421348	-0.000421348	-0.000555556	-0.000555556	-0.000555556	-0.000555556	-0.000555556	-0.000869565	-0.000869565	-0.000869565	-0.000869565	-0.000869565	-0.000847458	-0.000847458	-0.000847458	-0.000847458	-0.000847458	-0.000689655	-0.000689655	-0.000689655	-0.000689655	-0.000689655
172980	-0.003582353	-0.003582353	-0.003582353	-0.003582353	-0.003582353	-0.027723029	-0.027723029	-0.027723029	-0.027723029	-0.027723029	-0.020489116	-0.020489116	-0.020489116	-0.020489116	-0.020489116	-0.006756757	-0.006756757	-0.006756757	-0.006756757	-0.006756757	-0.004065041	-0.004065041	-0.004065041	-0.004065041	-0.004065041	-0.004065041	-0.004065041	-0.004065041	-0.004065041	-0.004065041	-0.004065041	-0.004065041	-0.004065041	-0.000421348	-0.000421348	-0.000421348	-0.000421348	-0.000421348	-0.000555556	-0.000555556	-0.000555556	-0.000555556	-0.000555556	-0.000869565	-0.000869565	-0.000869565	-0.000869565	-0.000869565	-0.000847458	-0.000847458	-0.000847458	-0.000847458	-0.000847458	-0.000689655	-0.000689655	-0.000689655	-0.000689655	-0.000689655
174096	-0.003582353	-0.003582353	-0.003582353	-0.003582353	-0.003582353	-0.027723029	-0.027723029	-0.027723029	-0.027723029	-0.027723029	-0.020489116	-0.020489116	-0.020489116	-0.020489116	-0.020489116	-0.006756757	-0.006756757	-0.006756757	-0.006756757	-0.006756757	-0.004065041	-0.004065041	-0.004065041	-0.004065041	-0.004065041	-0.004065041	-0.004065041	-0.004065041	-0.004065041	-0.004065041	-0.004065041	-0.004065041	-0.004065041	-0.000421348	-0.000421348	-0.000421348	-0.000421348	-0.000421348	-0.000555556	-0.000555556	-0.000555556	-0.000555556	-0.000555556	-0.000869565	-0.000869565	-0.000869565	-0.000869565	-0.000869565	-0.000847458	-0.000847458	-0.000847458	-0.000847458	-0.000847458	-0.000689655	-0.000689655	-0.000689655	-0.000689655	-0.000689655
175212	-0.003582353	-0.003582353	-0.003582353	-0.003582353	-0.003582353	-0.027723029	-0.027723029	-0.027723029	-0.027723029	-0.027723029	-0.020489116	-0.020489116	-0.020489116	-0.020489116	-0.020489116	-0.006756757	-0.006756757	-0.006756757	-0.006756757	-0.006756757	-0.004065041	-0.004065041	-0.004065041	-0.004065041	-0.004065041	-0.004065041	-0.004065041	-0.004065041	-0.004065041	-0.004065041	-0.004065041	-0.004065041	-0.004065041	-0.000421348	-0.000421348	-0.000421348	-0.000421348	-0.000421348	-0.000555556	-0.000555556	-0.000555556	-0.000555556	-0.000555556	-0.000869565	-0.000869565	-0.000869565	-0.000869565	-0.000869565	-0.000847458	-0.000847458	-0.000847458	-0.000847458	-0.000847458	-0.000689655	-0.000689655	-0.000689655	-0.000689655	-0.000689655
176328	-0.003582353	-0.003582353	-0.003582353	-0.003582353	-0.003582353	-0.027723029	-0.027723029	-0.027723029	-0.027723029	-0.027723029	-0.020489116	-0.020489116	-0.020489116	-0.020489116	-0.020489116	-0.006756757	-0.006756757	-0.006756757	-0.006756757	-0.006756757	-0.004065041	-0.004065041	-0.004065041	-0.004065041	-0.004065041	-0.004065041	-0.004065041	-0.004065041	-0.004065041	-0.004065041	-0.004065041	-0.004065041	-0.004065041	-0.000421348	-0.000421348	-0.000421348	-0.000421348	-0.000421348	-0.000555556	-0.000555556	-0.000555556	-0.000555556	-0.000555556	-0.000869565	-0.000869565	-0.000869565	-0.000869565	-0.000869565	-0.000847458	-0.000847458	-0.000847458	-0.000847458	-0.000847458	-0.000689655	-0.000689655	-0.000689655	-0.000689655	-0.000689655
177444	-0.003582353	-0.003582353	-0.003582353	-0.003582353	-0.003582353	-0.027723029	-0.027723029	-0.027723029	-0.027723029	-0.027723029	-0.020489116	-0.020489116	-0.020489116	-0.020489116	-0.020489116	-0.006756757	-0.006756757	-0.006756757	-0.006756757	-0.006756757	-0.004065041	-0.004065041	-0.004065041	-0.004065041	-0.004065041	-0.004065041	-0.004065041	-0.004065041	-0.004065041	-0.004065041	-0.004065041	-0.004065041	-0.004065041	-0.000421348	-0.000421348	-0.000421348	-0.000421348	-0.000421348	-0.000555556	-0.000555556	-0.000555556	-0.000555556	-0.000555556	-0.000869565	-0.000869565	-0.000869565	-0.000869565	-0.000869565	-0.000847458	-0.000847458	-0.000847458	-0.000847458	-0.000847458	-0.000689655	-0.000689655	-0.000689655	-0.000689655	-0.000689655
178560	-0.003582353	-0.003582353	-0.003582353	-0.003582353	-0.003582353	-0.027723029	-0.027723029	-0.027723029	-0.027723029	-0.027723029	-0.020489116	-0.020489116	-0.020489116	-0.020489116	-0.020489116	-0.006756757	-0.006756757	-0.006756757	-0.006756757	-0.006756757	-0.004065041	-0.004065041	-0.004065041	-0.004065041	-0.004065041	-0.004065041	-0.004065041	-0.004065041	-0.004065041	-0.004065041	-0.004065041	-0.004065041	-0.004065041	-0.000421348	-0.000421348	-0.000421348	-0.000421348	-0.000421348	-0.000555556	-0.000555556	-0.000555556	-0.000555556	-0.000555556	-0.000869565	-0.000869565	-0.000869565	-0.000869565	-0.000869565	-0.000847458	-0.000847458	-0.000847458	-0.000847458	-0.000847458	-0.000689655	-0.000689655	-0.000689655	-0.000689655	-0.000689655
179676	-0.003582353	-0.003582353	-0.003582353	-0.003582353	-0.003582353	-0.027723029	-0.027723029	-0.027723029	-0.027723029	-0.027723029	-0.020489116	-0.020489116	-0.020489116	-0.020489116	-0.020489116	-0.006756757	-0.006756757	-0.006756757	-0.006756757	-0.006756757	-0.004065041	-0.004065041	-0.004065041	-0.004065041	-0.004065041	-0.004065041	-0.004065041	-0.004065041	-0.004065041	-0.004065041	-0.004065041	-0.004065041	-0.004065041	-0.000421348	-0.000421348	-0.000421348	-0.000421348	-0.000421348	-0.000555556	-0.000555556	-0.000555556	-0.000555556	-0.000555556	-0.000869565	-0.000869565	-0.000869565	-0.000869565	-0.000869565	-0.000847458	-0.000847458	-0.000847458	-0.000847458	-0.000847458	-0.000689655	-0.000689655	-0.000689655	-0.000689655	-0.000689655
180792	-0.003582353	-0.003582353	-0.003582353	-0.003582353	-0.003582353	-0.027723029	-0.027723029	-0.027723029	-0.027723029	-0.027723029	-0.020489116	-0.020489116	-0.020489116	-0.020489116	-0.020489116	-0.006756757	-0.006756757	-0.006756757	-0.006756757	-0.006756757	-0.004065041	-0.004065041	-0.004065041	-0.004065041	-0.004065041	-0.004065041	-0.004065041	-0.004065041	-0.004065041	-0.004065041	-0.004065041	-0.004065041	-0.004065041	-0.000421348	-0.000421348	-0.000421348	-0.000421348	-0.000421348	-0.000555556	-0.000555556	-0.000555556	-0.000555556	-0.000555556	-0.000869565	-0.000869565	-0.000869565	-0.000869565	-0.000869565	-0.000847458	-0.000847458	-0.000847458	-0.000847458	-0.000847458	-0.000689655	-0.000689655	-0.000689655	-0.000689655	-0.000689655
181908	-0.003582353	-0.003582353	-0.003582353	-0.003582353	-0.003582353	-0.027723029	-0.027723029	-0.027723029	-0.027723029	-0.027723029	-0.020489116	-0.020489116	-0.020489116	-0.020489116	-0.020489116	-0.006756757	-0.006756757	-0.006756757	-0.006756757	-0.006756757	-0.004065041	-0.004065041	-0.004065041	-0.004065041	-0.004065041	-0.004065041	-0.004065041	-0.004065041	-0.004065041	-0.004065041	-0.004065041	-0.004065041	-0.004065041	-0.000421348	-0.000421348	-0.000421348	-0.000421348	-0.000421348	-0.000555556	-0.000555556	-0.000555556	-0.000555556	-0.000555556	-0.000869565	-0.000869565	-0.000869565	-0.000869565	-0.000869565	-0.000847458	-0.000847458	-0.000847458	-0.000847458	-0.000847458	-0.000689655	-0.000689655	-0.000689655	-0.000689655	-0.000689655
183024	-0.003582353	-0.003582353	-0.003582353	-0.003582353	-0.003582353	-0.027723029	-0.027723029	-0.027723029	-0.027723029	-0.027723029	-0.020489116	-0.020489116	-0.020489116	-0.020489116	-0.020489116	-0.006756757	-0.006756757	-0.006756757	-0.006756757	-0.006756757	-0.004065041	-0.004065041	-0.004065041	-0.004065041	-0.004065041	-0.004065041	-0.004065041	-0.004065041	-0.004065041	-0.004065041	-0.004065041	-0.004065041	-0.004065041	-0.000421348	-0.000421348	-0.000421348	-0.000421348	-0.000421348	-0.000555556	-0.000555556	-0.000555556	-0.000555556	-0.000555556	-0.000869565	-0.000869565	-0.000869565	-0.000869565	-0.000869565	-0.000847458	-0.000847458	-0.000847458	-0.000847458	-0.000847458	-0.000689655	-0.000689655	-0.000689655	-0.000689655	-0.000689655
184140	-0.003582353	-0.003582353	-0.003582353	-0.003582353	-0.003582353	-0.027723029	-0.027723029	-0.027723029	-0.027723029	-0.027723029	-0.020489116	-0.020489116	-0.020489116	-0.020489116	-0.020489116	-0.006756757	-0.006756757	-0.006756757	-0.006756757	-0.006756757	-0.004065041	-0.004065041	-0.004065041	-0.004065041	-0.004065041	-0.004065041	-0.004065041	-0.004065041	-0.004065041	-0.004065041	-0.004065041	-0.004065041	-0.004065041	-0.000421348	-0.000421348	-0.000421348	-0.000421348	-0.000421348	-0.000555556	-0.000555556	-0.000555556	-0.000555556	-0.000555556	-0.000869565	-0.000869565	-0.000869565	-0.000869565	-0.000869565	-0.000847458	-0.000847458	-0.000847458	-0.000847458	-0.000847458	-0.000689655	-0.000689655	-0.000689655	-0.000689655	-0.000689655
185256	-0.003582353	-0.003582353	-0.003582353	-0.003582353	-0.003582353	-0.027723029	-0.027723029	-0.027723029	-0.027723029	-0.027723029	-0.020489116	-0.020489116	-0.020489116	-0.020489116	-0.020489116	-0.006756757	-0.006756757	-0.006756757	-0.006756757	-0.006756757	-0.004065041	-0.004065041	-0.004065041	-0.004065041	-0.004065041	-0.004065041	-0.004065041	-0.004065041	-0.004065041	-0.004065041	-0.004065041	-0.004065041	-0.004065041	-0.000421348	-0.000421348	-0.000421348	-0.000421348	-0.000421348	-0.000555556	-0.000555556	-0.000555556	-0.000555556	-0.000555556	-0.000869565	-0.000869565	-0.000869565	-0.000869565	-0.000869565	-0.000847458	-0.000847458	-0.000847458	-0.000847458	-0.000847458	-0.000689655	-0.000689655	-0.000689655	-0.000689655	-0.000689655
186372	-0.003582353	-0.003582353	-0.003582353	-0.003582353	-0.003582353	-0.027723029	-0.027723029	-0.027723029	-0.027723029	-0.027723029	-0.020489116	-0.020489116	-0.020489116	-0.020489116	-0.020489116	-0.006756757	-0.006756757	-0.006756757	-0.006756757	-0.006756757	-0.004065041	-0.004065041	-0.004065041	-0.004065041	-0.004065041	-0.004065041	-0.004065041	-0.004065041	-0.004065041	-0.004065041	-0.004065041	-0.004065041	-0.004065041	-0.000421348	-0.000421348	-0.000421348	-0.000421348	-0.000421348	-0.000555556	-0.000555556	-0.000555556	-0.000555556	-0.000555556	-0.000869565	-0.000869565	-0.000869565	-0.000869565	-0.000869565	-0.000847458	-0.000847458	-0.000847458	-0.000847458	-0.000847458	-0.000689655	-0.000689655	-0.000689655	-0.000689655	-0.000689655
187488	-0.003582353	-0.003582353	-0.003582353	-0.003582353	-0.003582353	-0.027723029	-0.027723029	-0.027723029	-0.027723029	-0.027723029	-0.020489116	-0.020489116	-0.020489116	-0.020489116	-0.020489116	-0.006756757	-0.006756757	-0.006756757	-0.006756757	-0.006756757	-0.004065041	-0.004065041	-0.004065041	-0.004065041	-0.004065041	-0.004065041	-0.004065041	-0.004065041	-0.004065041	-0.004065041	-0.004065041	-0.004065041	-0.004065041	-0.000421348	-0.000421348	-0.000421348	-0.000421348	-0.000421348	-0.000555556	-0.000555556	-0.000555556	-0.000555556	-0.000555556	-0.000869565	-0.000869565	-0.000869565	-0.000869565	-0.000869565	-0.000847458	-0.000847458	-0.000847458	-0.000847458	-0.000847458	-0.000689655	-0.000689655	-0.000689655	-0.000689655	-0.000689655
188604	-0.003582353	-0.003582353	-0.003582353	-0.003582353	-0.003582353	-0.027723029	-0.027723029	-0.027723029	-0.027723029	-0.027723029	-0.020489116	-0.020489116	-0.020489116	-0.020489116	-0.020489116	-0.006756757	-0.006756757	-0.006756757	-0.006756757	-0.006756757	-0.004065041	-0.004065041	-0.004065041	-0.004065041	-0.004065041	-0.004065041	-0.004065041	-0.004065041	-0.004065041	-0.004065041	-0.004065041	-0.004065041	-0.004065041	-0.000421348	-0.000421348	-0.000421348	-0.000421348	-0.000421348	-0.000555556	-0.000555556	-0.000555556	-0.000555556	-0.000555556	-0.000869565	-0.000869565	-0.000869565	-0.000869565	-0.000869565	-0.000847458	-0.000847458	-0.000847458	-0.000847458	-0.000847458	-0.000689655	-0.000689655	-0.000689655	-0.000689655	-0.000689655
189720	-0.003582353	-0.003582353	-0.003582353	-0.003582353	-0.003582353	-0.027723029	-0.027723029	-0.027723029	-0.027723029	-0.027723029	-0.020489116	-0.020489116	-0.020489116	-0.020489116	-0.020489116	-0.006756757	-0.006756757	-0.006756757	-0.006756757	-0.006756757	-0.004065041	-0.004065041	-0.004065041	-0.004065041	-0.004065041	-0.004065041	-0.004065041	-0.004065041	-0.004065041	-0.004065041	-0.004065041	-0.004065041	-0.004065041	-0.000421348	-0.000421348	-0.000421348	-0.000421348	-0.000421348	-0.000555556	-0.000555556	-0.000555556	-0.000555556	-0.000555556	-0.000869565	-0.000869565	-0.000869565	-0.000869565	-0.000869565	-0.000847458	-0.000847458	-0.000847458	-0.000847458	-0.000847458	-0.000689655	-0.000689655	-0.000689655	-0.000689655	-0.000689655
190836	-0.003582353	-0.003582353	-0.003582353	-0.003582353	-0.003582353	-0.027723029	-0.027723029	-0.027723029	-0.027723029	-0.027723029	-0.020489116	-0.020489116	-0.020489116	-0.020489116	-0.020489116	-0.006756757	-0.006756757	-0.006756757	-0.006756757	-0.006756757	-0.004065041	-0.004065041	-0.004065041	-0.004065041	-0.004065041	-0.004065041	-0.004065041	-0.004065041	-0.004065041	-0.004065041	-0.004065041	-0.004065041	-0.004065041	-0.000421348	-0.000421348	-0.000421348	-0.000421348	-0.000421348	-0.000555556	-0.000555556	-0.000555556	-0.000555556	-0.000555556	-0.000869565	-0.000869565	-0.000869565	-0.000869565	-0.000869565	-0.000847458	-0.000847458	-0.000847458	-0.000847458	-0.000847458	-0.000689655	-0.000689655	-0.000689655	-0.000689655	-0.000689655
191952	-0.003582353	-0.003582353	-0.003582353	-0.003582353	-0.003582353	-0.027723029	-0.027723029	-0.027723029	-0.027723029	-0.027723029	-0.020489116	-0.020489116	-0.020489116	-0.020489116	-0.020489116	-0.006756757	-0.006756757	-0.006756757	-0.006756757	-0.006756757	-0.004065041	-0.004065041	-0.004065041	-0.004065041	-0.004065041	-0.004065041	-0.004065041	-0.004065041	-0.004065041	-0.004065041	-0.004065041	-0.004065041	-0.004065041	-0.000421348	-0.000421348	-0.000421348	-0.000421348	-0.000421348	-0.000555556	-0.000555556	-0.000555556	-0.000555556	-0.000555556	-0.000869565	-0.000869565	-0.000869565	-0.000869565	-0.000869565	-0.000847458	-0.000847458	-0.000847458	-0.000847458	-0.000847458	-0.000689655	-0.000689655	-0.000689655	-0.000689655	-0.000689655
193068	-0.003582353	-0.003582353	-0.003582353	-0.003582353	-0.003582353	-0.027723029	-0.027723029	-0.027723029	-0.027723029	-0.027723029	-0.020489116	-0.020489116	-0.020489116	-0.020489116	-0.020489116	-0.006756757	-0.006756757	-0.006756757	-0.006756757	-0.006756757	-0.004065041	-0.004065041	-0.004065041	-0.004065041	-0.004065041	-0.004065041	-0.004065041	-0.004065041	-0.004065041	-0.004065041	-0.004065041	-0.004065041	-0.004065041	-0.000421348	-0.000421348	-0.000421348	-0.000421348	-0.000421348	-0.000555556	-0.000555556	-0.000555556	-0.000555556	-0.000555556	-0.000869565	-0.000869565	-0.000869565	-0.000869565	-0.000869565	-0.000847458	-0.000847458	-0.000847458	-0.000847458	-0.000847458	-0.000689655	-0.000689655	-0.000689655	-0.000689655	-0.000689655
194184	-0.003582353	-0.003582353	-0.003582353	-0.003582353	-0.003582353	-0.027723029	-0.027723029	-0.027723029	-0.027723029	-0.027723029	-0.020489116	-0.020489116	-0.020489116	-0.020489116	-0.020489116	-0.006756757	-0.006756757	-0.006756757	-0.006756757	-0.006756757	-0.004065041	-0.004065041	-0.004065041	-0.004065041	-0.004065041	-0.004065041	-0.004065041	-0.004065041	-0.004065041	-0.004065041	-0.004065041	-0.004065041	-0.004065041	-0.000421348	-0.000421348	-0.000421348	-0.000421348	-0.000421348	-0.000555556	-0.000555556	-0.000555556	-0.000555556	-0.000555556	-0.000869565	-0.000869565	-0.000869565	-0.000869565	-0.000869565	-0.000847458	-0.000847458	-0.000847458	-0.000847458	-0.000847458	-0.000689655	-0.000689655	-0.000689655	-0.000689655	-0.000689655
195300	-0.003582353	-0.003582353	-0.003582353	-0.003582353	-0.003582353	-0.027723029	-0.027723029	-0.027723029	-0.027723029	-0.027723029	-0.020489116	-0.020489116	-0.020489116	-0.020489116	-0.020489116	-0.006756757	-0.006756757	-0.006756757	-0.006756757	-0.006756757	-0.004065041	-0.004065041	-0.004065041	-0.004065041	-0.004065041	-0.004065041	-0.004065041	-0.004065041	-0.004065041	-0.004065041	-0.004065041	-0.004065041	-0.004065041	-0.000421348	-0.000421348	-0.000421348	-0.000421348	-0.000421348	-0.000555556	-0.000555556	-0.000555556	-0.000555556	-0.000555556	-0.000869565	-0.000869565	-0.000869565	-0.000869565	-0.000869565	-0.000847458	-0.000847458	-0.000847458	-0.000847458	-0.000847458	-0.000689655	-0.000689655	-0.000689655	-0.000689655	-0.000689655
196416	-0.003582353	-0.003582353	-0.003582353	-0.003582353	-0.003582353	-0.027723029	-0.027723029	-0.027723029	-0.027723029	-0.027723029	-0.020489116	-0.020489116	-0.020489116	-0.020489116	-0.020489116	-0.006756757	-0.006756757	-0.006756757	-0.006756757	-0.006756757	-0.004065041	-0.004065041	-0.004065041	-0.004065041	-0.004065041	-0.004065041	-0.004065041	-0.004065041	-0.004065041	-0.004065041	-0.004065041	-0.004065041	-0.004065041	-0.000421348	-0.000421348	-0.000421348	-0.000421348	-0.000421348	-0.000555556	-0.000555556	-0.000555556	-0.000555556	-0.000555556	-0.000869565	-0.000869565	-0.000869565	-0.000869565	-0.000869565	-0.000847458	-0.000847458	-0.000847458	-0.000847458	-0.000847458	-0.000689655	-0.000689655	-0.000689655	-0.000689655	-0.000689655
197532	-0.003582353	-0.003582353	-0.003582353	-0.003582353	-0.003582353	-0.027723029	-0.027723029	-0.027723029	-0.027723029	-0.027723029	-0.020489116	-0.020489116	-0.020489116	-0.020489116	-0.020489116	-0.006756757	-0.006756757	-0.006756757	-0.006756757	-0.006756757	-0.004065041	-0.004065041	-0.004065041	-0.004065041	-0.004065041	-0.004065041	-0.004065041	-0.004065041	-0.004065041	-0.004065041	-0.004065041	-0.004065041	-0.004065041	-0.000421348	-0.000421348	-0.000421348	-0.000421348	-0.000421348	-0.000555556	-0.000555556	-0.000555556	-0.000555556	-0.000555556	-0.000869565	-0.000869565	-0.000869565	-0.000869565	-0.000869565	-0.000847458	-0.000847458	-0.000847458	-0.000847458	-0.000847458	-0.000689655	-0.000689655	-0.000689655	-0.000689655	-0.000689655
198648	-0.003582353	-0.003582353	-0.003582353	-0.003582353	-0.003582353	-0.027723029	-0.027723029	-0.027723029	-0.027723029	-0.027723029	-0.020489116	-0.020489116	-0.020489116	-0.020489116	-0.020489116	-0.006756757	-0.006756757	-0.006756757	-0.006756757	-0.006756757	-0.004065041	-0.004065041	-0.004065041	-0.004065041	-0.004065041	-0.004065041	-0.004065041	-0.004065041	-0.004065041	-0.004065041	-0.004065041	-0.004065041	-0.004065041	-0.000421348	-0.000421348	-0.000421348	-0.000421348	-0.000421348	-0.000555556	-0.000555556	-0.000555556	-0.000555556	-0.000555556	-0.000869565	-0.000869565	-0.000869565	-0.000869565	-0.000869565	-0.000847458	-0.000847458	-0.000847458	-0.000847458	-0.000847458	-0.000689655	-0.000689655	-0.000689655	-0.000689655	-0.000689655
199764	-0.003582353	-0.003582353	-0.003582353	-0.003582353	-0.003582353	-0.027723029	-0.027723029	-0.027723029	-0.027723029	-0.027723029	-0.020489116	-0.020489116	-0.020489116	-0.020489116	-0.020489116	-0.006756757	-0.006756757	-0.006756757	-0.006756757	-0.006756757	-0.004065041	-0.004065041	-0.004065041	-0.004065041	-0.004065041	-0.004065041	-0.004065041	-0.004065041	-0.004065041	-0.004065041	-0.004065041	-0.004065041	-0.004065041	-0.000421348	-0.000421348	-0.000421348	-0.000421348	-0.000421348	-0.000555556	-0.000555556	-0.000555556	-0.000555556	-0.000555556	-0.000869565	-0.000869565	-0.000869565	-0.000869565	-0.000869565	-0.000847458	-0.000847458	-0.000847458	-0.000847458	-0.000847458	-0.000689655	-0.000689655	-0.000689655	-0.000689655	-0.000689655
200880	-0.003582353	-0.003582353	-0.003582353	-0.003582353	-0.003582353	-0.027723029	-0.027723029	-0.027723029	-0.027723029	-0.027723029	-0.020489116	-0.020489116	-0.020489116	-0.020489116	-0.020489116	-0.006756757	-0.006756757	-0.006756757	-0.006756757	-0.006756757	-0.004065041	-0.004065041	-0.004065041	-0.004065041	-0.004065041	-0.004065041	-0.004065041	-0.004065041	-0.004065041	-0.004065041	-0.004065041	-0.004065041	-0.004065041	-0.000421348	-0.000421348	-0.000421348	-0.000421348	-0.000421348	-0.000555556	-0.000555556	-0.000555556	-0.000555556	-0.000555556	-0.000869565	-0.000869565	-0.000869565	-0.000869565	-0.000869565	-0.000847458	-0.000847458	-0.000847458	-0.000847458	-0.000847458	-0.000689655	-0.000689655	-0.000689655	-0.000689655	-0.000689655
201996	-0.003582353	-0.003582353	-0.003582353	-0.003582353	-0.003582353	-0.027723029	-0.027723029	-0.027723029	-0.027723029	-0.027723029	-0.020489116	-0.020489116	-0.020489116	-0.020489116	-0.020489116	-0.006756757	-0.006756757	-0.006756757	-0.006756757	-0.006756757	-0.004065041	-0.004065041	-0.004065041	-0.004065041	-0.004065041	-0.004065041	-0.004065041	-0.004065041	-0.004065041	-0.004065041	-0.004065041	-0.004065041	-0.004065041	-0.000421348	-0.000421348	-0.000421348	-0.000421348	-0.000421348	-0.000555556	-0.000555556	-0.000555556	-0.000555556	-0.000555556	-0.000869565	-0.000869565	-0.000869565	-0.000869565	-0.000869565	-0.000847458	-0.000847458	-0.000847458	-0.000847458	-0.000847458	-0.000689655	-0.000689655	-0.000689655	-0.000689655	-0.000689655
203112	-0.003582353	-0.003582353	-0.003582353	-0.003582353	-0.003582353	-0.027723029	-0.027723029	-0.027723029	-0.027723029	-0.027723029	-0.020489116	-0.020489116	-0.020489116	-0.020489116	-0.020489116	-0.006756757	-0.006756757	-0.006756757	-0.006756757	-0.006756757	-0.004065041	-0.004065041	-0.004065041	-0.004065041	-0.004065041	-0.004065041	-0.004065041	-0.004065041	-0.004065041	-0.004065041	-0.004065041	-0.004065041	-0.004065041	-0.000421348	-0.000421348	-0.000421348	-0.000421348	-0.000421348	-0.000555556	-0.000555556	-0.000555556	-0.000555556	-0.000555556	-0.000869565	-0.000869565	-0.000869565	-0.000869565	-0.000869565	-0.000847458	-0.000847458	-0.000847458	-0.000847458	-0.000847458	-0.000689655	-0.000689655	-0.000689655	-0.000689655	-0.000689655
204228	-0.003582353	-0.003582353	-0.003582353	-0.003582353	-0.003582353	-0.027723029	-0.027723029	-0.027723029	-0.027723029	-0.027723029	-0.020489116	-0.020489116	-0.020489116	-0.020489116	-0.020489116	-0.006756757	-0.006756757	-0.006756757	-0.006756757	-0.006756757	-0.004065041	-0.004065041	-0.004065041	-0.004065041	-0.004065041	-0.004065041	-0.004065041	-0.004065041	-0.004065041	-0.004065041	-0.004065041	-0.004065041	-0.004065041	-0.000421348	-0.000421348	-0.000421348	-0.000421348	-0.000421348	-0.000555556	-0.000555556	-0.000555556	-0.000555556	-0.000555556	-0.000869565	-0.000869565	-0.000869565	-0.000869565	-0.000869565	-0.000847458	-0.000847458	-0.000847458	-0.000847458	-0.000847458	-0.000689655	-0.000689655	-0.000689655	-0.000689655	-0.000689655
205344	-0.003582353	-0.003582353	-0.003582353	-0.003582353	-0.003582353	-0.027723029	-0.027723029	-0.027723029	-0.027723029	-0.027723029	-0.020489116	-0.020489116	-0.020489116	-0.020489116	-0.020489116	-0.006756757	-0.006756757	-0.006756757	-0.006756757	-0.006756757	-0.004065041	-0.004065041	-0.004065041	-0.004065041	-0.004065041	-0.004065041	-0.004065041	-0.004065041	-0.004065041	-0.004065041	-0.004065041	-0.004065041	-0.004065041	-0.000421348	-0.000421348	-0.000421348	-0.000421348	-0.000421348	-0.000555556	-0.000555556	-0.000555556	-0.000555556	-0.000555556	-0.000869565	-0.000869565	-0.000869565	-0.000869565	-0.000869565	-0.000847458	-0.000847458	-0.000847458	-0.000847458	-0.000847458	-0.000689655	-0.000689655	-0.000689655	-0.000689655	-0.000689655
206460	-0.003582353	-0.003582353	-0.003582353	-0.003582353	-0.003582353	-0.027723029	-0.027723029	-0.027723029	-0.027723029	-0.027723029	-0.020489116	-0.020489116	-0.020489116	-0.020489116	-0.020489116	-0.006756757	-0.006756757	-0.006756757	-0.006756757	-0.006756757	-0.004065041	-0.004065041	-0.004065041	-0.004065041	-0.004065041	-0.004065041	-0.004065041	-0.004065041	-0.004065041	-0.004065041	-0.004065041	-0.004065041	-0.004065041	-0.000421348	-0.000421348	-0.000421348	-0.000421348	-0.000421348	-0.000555556	-0.000555556	-0.000555556	-0.000555556	-0.000555556	-0.000869565	-0.000869565	-0.000869565	-0.000869565	-0.000869565	-0.000847458	-0.000847458	-0.000847458	-0.000847458	-0.000847458	-0.000689655	-0.000689655	-0.000689655	-0.000689655	-0.000689655
207576	-0.003582353	-0.003582353	-0.003582353	-0.003582353	-0.003582353	-0.027723029	-0.027723029	-0.027723029	-0.027723029	-0.027723029	-0.020489116	-0.020489116	-0.020489116	-0.020489116	-0.020489116	-0.006756757	-0.006756757	-0.006756757	-0.006756757	-0.006756757	-0.004065041	-0.004065041	-0.004065041	-0.004065041	-0.004065041	-0.004065041	-0.004065041	-0.004065041	-0.004065041	-0.004065041	-0.004065041	-0.004065041	-0.004065041	-0.000421348	-0.000421348	-0.000421348	-0.000421348	-0.000421348	-0.000555556	-0.000555556	-0.000555556	-0.000555556	-0.000555556	-0.000869565	-0.000869565	-0.000869565	-0.000869565	-0.000869565	-0.000847458	-0.000847458	-0.000847458	-0.000847458	-0.000847458	-0.000689655	-0.000689655	-0.000689655	-0.000689655	-0.000689655
208692	-0.003582353	-0.003582353	-0.003582353	-0.003582353	-0.003582353	-0.027723029	-0.027723029	-0.027723029	-0.027723029	-0.027723029	-0.020489116	-0.020489116	-0.020489116	-0.020489116	-0.020489116	-0.006756757	-0.006756757	-0.006756757	-0.006756757	-0.006756757	-0.004065041	-0.004065041	-0.004065041	-0.004065041	-0.004065041	-0.004065041	-0.004065041	-0.004065041	-0.004065041	-0.004065041	-0.004065041	-0.004065041	-0.004065041	-0.000421348	-0.000421348	-0.000421348	-0.000421348	-0.000421348	-0.000555556	-0.000555556	-0.000555556	-0.000555556	-0.000555556	-0.000869565	-0.000869565	-0.000869565	-0.000869565	-0.000869565	-0.000847458	-0.000847458	-0.000847458	-0.000847458	-0.000847458	-0.000689655	-0.000689655	-0.000689655	-0.000689655	-0.000689655
209808	-0.003582353	-0.003582353	-0.003582353	-0.003582353	-0.003582353	-0.027723029	-0.027723029	-0.027723029	-0.027723029	-0.027723029	-0.020489116	-0.020489116	-0.020489116	-0.020489116	-0.020489116	-0.006756757	-0.006756757	-0.006756757	-0.006756757	-0.006756757	-0.004065041	-0.004065041	-0.004065041	-0.004065041	-0.004065041	-0.004065041	-0.004065041	-0.004065041	-0.004065041	-0.004065041	-0.004065041	-0.004065041	-0.004065041	-0.000421348	-0.000421348	-0.000421348	-0.000421348	-0.000421348	-0.000555556	-0.000555556	-0.000555556	-0.000555556	-0.000555556	-0.000869565	-0.000869565	-0.000869565	-0.000869565	-0.000869565	-0.000847458	-0.000847458	-0.000847458	-0.000847458	-0.000847458	-0.000689655	-0.000689655	-0.000689655	-0.000689655	-0.000689655
210924	-0.003582353	-0.003582353	-0.003582353	-0.003582353	-0.003582353	-0.027723029	-0.027723029	-0.027723029	-0.027723029	-0.027723029	-0.020489116	-0.020489116	-0.020489116	-0.020489116	-0.020489116	-0.006756757	-0.006756757	-0.006756757	-0.006756757	-0.006756757	-0.004065041	-0.004065041	-0.004065041	-0.004065041	-0.004065041	-0.004065041	-0.004065041	-0.004065041	-0.004065041	-0.004065041	-0.004065041	-0.004065041	-0.004065041	-0.000421348	-0.000421348	-0.000421348	-0.000421348	-0.000421348	-0.000555556	-0.000555556	-0.000555556	-0.000555556	-0.000555556	-0.000869565	-0.000869565	-0.000869565	-0.000869565	-0.000869565	-0.000847458	-0.000847458	-0.000847458	-0.000847458	-0.000847458	-0.000689655	-0.000689655	-0.000689655	-0.000689655	-0.000689655
212040	-0.003582353	-0.003582353	-0.003582353	-0.003582353	-0.003582353	-0.027723029	-0.027723029	-0.027723029	-0.027723029	-0.027723029	-0.020489116	-0.020489116	-0.020489116	-0.020489116	-0.020489116	-0.006756757	-0.006756757	-0.006756757	-0.006756757	-0.006756757	-0.004065041	-0.004065041	-0.004065041	-0.004065041	-0.004065041	-0.004065041	-0.004065041	-0.004065041	-0.004065041	-0.004065041	-0.004065041	-0.004065041	-0.004065041	-0.000421348	-0.000421348	-0.000421348	-0.000421348	-0.000421348	-0.000555556	-0.000555556	-0.000555556	-0.000555556	-0.000555556	-0.000869565	-0.000869565	-0.000869565	-0.000869565	-0.000869565	-0.000847458	-0.000847458	-0.000847458	-0.000847458	-0.000847458	-0.000689655	-0.000689655	-0.000689655	-0.000689655	-0.000689655
213156	-0.003582353	-0.003582353	-0.003582353	-0.003582353	-0.003582353	-0.027723029	-0.027723029	-0.027723029	-0.027723029	-0.027723029	-0.020489116	-0.020489116	-0.020489116	-0.020489116	-0.020489116	-0.006756757	-0.006756757	-0.006756757	-0.006756757	-0.006756757	-0.004065041	-0.004065041	-0.004065041	-0.004065041	-0.004065041	-0.004065041	-0.004065041	-0.004065041	-0.004065041	-0.004065041	-0.004065041	-0.004065041	-0.004065041	-0.000421348	-0.000421348	-0.000421348	-0.000421348	-0.000421348	-0.000555556	-0.000555556	-0.000555556	-0.000555556	-0.000555556	-0.000869565	-0.000869565	-0.000869565	-0.000869565	-0.000869565	-0.000847458	-0.000847458	-0.000847458	-0.000847458	-0.000847458	-0.000689655	-0.000689655	-0.000689655	-0.000689655	-0.000689655
214272	-0.003582353	-0.003582353	-0.003582353	-0.003582353	-0.003582353	-0.027723029	-0.027723029	-0.027723029	-0.027723029	-0.027723029	-0.020489116	-0.020489116	-0.020489116	-0.020489116	-0.020489116	-0.006756757	-0.006756757	-0.006756757	-0.006756757	-0.006756757	-0.004065041	-0.004065041	-0.004065041	-0.004065041	-0.004065041	-0.004065041	-0.004065041	-0.004065041	-0.004065041	-0.004065041	-0.004065041	-0.004065041	-0.004065041	-0.000421348	-0.000421348	-0.000421348	-0.000421348	-0.000421348	-0.000555556	-0.000555556	-0.000555556	-0.000555556	-0.000555556	-0.000869565	-0.000869565	-0.000869565	-0.000869565	-0.000869565	-0.000847458	-0.000847458	-0.000847458	-0.000847458	-0.000847458	-0.000689655	-0.000689655	-0.000689655	-0.000689655	-0.000689655
215388	-0.003582353	-0.003582353	-0.003582353	-0.003582353	-0.003582353	-0.027723029	-0.027723029	-0.027723029	-0.027723029	-0.027723029	-0.020489116	-0.020489116	-0.020489116	-0.020489116	-0.020489116	-0.006756757	-0.006756757	-0.006756757	-0.006756757	-0.006756757	-0.004065041	-0.004065041	-0.004065041	-0.004065041	-0.004065041	-0.004065041	-0.004065041	-0.004065041	-0.004065041	-0.004065041	-0.004065041	-0.004065041	-0.004065041	-0.000421348	-0.000421348	-0.000421348	-0.000421348	-0.000421348	-0.000555556	-0.000555556	-0.000555556	-0.000555556	-0.000555556	-0.000869565	-0.000869565	-0.000869565	-0.000869565	-0.000869565	-0.000847458	-0.000847458	-0.000847458	-0.000847458	-0.000847458	-0.000689655	-0.000689655	-0.000689655	-0.000689655	-0.000689655
216504	-0.003582353	-0.003582353	-0.003582353	-0.003582353	-0.003582353	-0.027723029	-0.027723029	-0.027723029	-0.027723029	-0.027723029	-0.020489116	-0.020489116	-0.020489116	-0.020489116	-0.020489116	-0.006756757	-0.006756757	-0.006756757	-0.006756757	-0.006756757	-0.004065041	-0.004065041	-0.004065041	-0.004065041	-0.004065041	-0.004065041	-0.004065041	-0.004065041	-0.004065041	-0.004065041	-0.004065041	-0.004065041	-0.004065041	-0.000421348	-0.000421348	-0.000421348	-0.000421348	-0.000421348	-0.000555556	-0.000555556	-0.000555556	-0.000555556	-0.000555556	-0.000869565	-0.000869565	-0.000869565	-0.000869565	-0.000869565	-0.000847458	-0.000847458	-0.000847458	-0.000847458	-0.000847458	-0.000689655	-0.000689655	-0.000689655	-0.000689655	-0.000689655
217620	-0.003582353	-0.003582353	-0.003582353	-0.003582353	-0.003582353	-0.027723029	-0.027723029	-0.027723029	-0.027723029	-0.027723029	-0.020489116	-0.020489116	-0.020489116	-0.020489116	-0.020489116	-0.006756757	-0.006756757	-0.006756757	-0.006756757	-0.006756757	-0.004065041	-0.004065041	-0.004065041	-0.004065041	-0.004065041	-0.004065041	-0.004065041	-0.004065041	-0.004065041	-0.004065041	-0.004065041	-0.004065041	-0.004065041	-0.000421348	-0.000421348	-0.000421348	-0.000421348	-0.000421348	-0.000555556	-0.000555556	-0.000555556	-0.000555556	-0.000555556	-0.000869565	-0.000869565	-0.000869565	-0.000869565	-0.000869565	-0.000847458	-0.000847458	-0.000847458	-0.000847458	-0.000847458	-0.000689655	-0.000689655	-0.000689655	-0.000689655	-0.000689655
218736	-0.003582353	-0.003582353	-0.003582353	-0.003582353	-0.003582353	-0.027723029	-0.027723029	-0.027723029	-0.027723029	-0.027723029	-0.020489116	-0.020489116	-0.020489116	-0.020489116	-0.020489116	-0.006756757	-0.006756757	-0.006756757	-0.006756757	-0.006756757	-0.004065041	-0.004065041	-0.004065041	-0.004065041	-0.004065041	-0.004065041	-0.004065041	-0.004065041	-0.004065041	-0.004065041	-0.004065041	-0.004065041	-0.004065041	-0.000421348	-0.000421348	-0.000421348	-0.000421348	-0.000421348	-0.000555556	-0.000555556	-0.000555556	-0.000555556	-0.000555556	-0.000869565	-0.000869565	-0.000869565	-0.000869565	-0.000869565	-0.000847458	-0.000847458	-0.000847458	-0.000847458	-0.000847458	-0.000689655	-0.000689655	-0.000689655	-0.000689655	-0.000689655
219852	-0.003582353	-0.003582353	-0.003582353	-0.003582353	-0.003582353	-0.027723029	-0.027723029	-0.027723029	-0.027723029	-0.027723029	-0.020489116	-0.020489116	-0.020489116	-0.020489116	-0.020489116	-0.006756757	-0.006756757	-0.006756757	-0.006756757	-0.006756757	-0.004065041	-0.004065041	-0.004065041	-0.004065041	-0.004065041	-0.004065041	-0.004065041	-0.004065041	-0.004065041	-0.004065041	-0.004065041	-0.004065041	-0.004065041	-0.000421348	-0.000421348	-0.000421348	-0.000421348	-0.000421348	-0.000555556	-0.000555556	-0.000555556	-0.000555556	-0.000555556	-0.000869565	-0.000869565	-0.000869565	-0.000869565	-0.000869565	-0.000847458	-0.000847458	-0.000847458	-0.000847458	-0.000847458	-0.000689655	-0.000689655	-0.000689655	-0.000689655	-0.000689655
220968	-0.003582353	-0.003582353	-0.003582353	-0.003582353	-0.003582353	-0.027723029	-0.027723029	-0.027723029	-0.027723029	-0.027723029	-0.020489116	-0.020489116	-0.020489116	-0.020489116	-0.020489116	-0.006756757	-0.006756757	-0.006756757	-0.006756757	-0.006756757	-0.004065041	-0.004065041	-0.004065041	-0.004065041	-0.004065041	-0.004065041	-0.004065041	-0.004065041	-0.004065041	-0.004065041	-0.004065041	-0.004065041	-0.004065041	-0.000421348	-0.000421348	-0.000421348	-0.000421348	-0.000421348	-0.000555556	-0.000555556	-0.000555556	-0.000555556	-0.000555556	-0.000869565	-0.000869565	-0.000869565	-0.000869565	-0.000869565	-0.000847458	-0.000847458	-0.000847458	-0.000847458	-0.000847458	-0.000689655	-0.000689655	-0.000689655	-0.000689655	-0.000689655
222084	-0.003582353	-0.003582353	-0.003582353	-0.003582353	-0.003582353	-0.027723029	-0.027723029	-0.027723029	-0.027723029	-0.027723029	-0.020489116	-0.020489116	-0.020489116	-0.020489116	-0.020489116	-0.006756757	-0.006756757	-0.006756757	-0.006756757	-0.006756757	-0.004065041	-0.004065041	-0.004065041	-0.004065041	-0.004065041	-0.004065041	-0.004065041	-0.004065041	-0.004065041	-0.004065041	-0.004065041	-0.004065041	-0.004065041	-0.000421348	-0.000421348	-0.000421348	-0.000421348	-0.000421348	-0.000555556	-0.000555556	-0.000555556	-0.000555556	-0.000555556	-0.000869565	-0.000869565	-0.000869565	-0.000869565	-0.000869565	-0.000847458	-0.000847458	-0.000847458	-0.000847458	-0.000847458	-0.000689655	-0.000689655	-0.000689655	-0.000689655	-0.000689655
223200	-0.003582353	-0.003582353	-0.003582353	-0.003582353	-0.003582353	-0.027723029	-0.027723029	-0.027723029	-0.027723029	-0.027723029	-0.020489116	-0.020489116	-0.020489116	-0.020489116	-0.020489116	-0.006756757	-0.006756757	-0.006756757	-0.006756757	-0.006756757	-0.004065041	-0.004065041	-0.004065041	-0.004065041	-0.004065041	-0.004065041	-0.004065041	-0.004065041	-0.004065041	-0.004065041	-0.004065041	-0.004065041	-0.004065041	-0.000421348	-0.000421348	-0.000421348	-0.000421348	-0.000421348	-0.000555556	-0.000555556	-0.000555556	-0.000555556	-0.000555556	-0.000869565	-0.000869565	-0.000869565	-0.000869565	-0.000869565	-0.000847458	-0.000847458	-0.000847458	-0.000847458	-0.000847458	-0.000689655	-0.000689655	-0.000689655	-0.000689655	-0.000689655
224316	-0.003582353	-0.003582353	-0.003582353	-0.003582353	-0.003582353	-0.027723029	-0.027723029	-0.027723029	-0.027723029	-0.027723029	-0.020489116	-0.020489116	-0.020489116	-0.020489116	-0.020489116	-0.006756757	-0.006756757	-0.006756757	-0.006756757	-0.006756757	-0.004065041	-0.004065041	-0.004065041	-0.004065041	-0.004065041	-0.004065041	-0.004065041	-0.004065041	-0.004065041	-0.004065041	-0.004065041	-0.004065041	-0.004065041	-0.000421348	-0.000421348	-0.000421348	-0.000421348	-0.000421348	-0.000555556	-0.000555556	-0.000555556	-0.000555556	-0.000555556	-0.000869565	-0.000869565	-0.000869565	-0.000869565	-0.000869565	-0.000847458	-0.000847458	-0.000847458	-0.000847458	-0.000847458	-0.000689655	-0.000689655	-0.000689655	-0.000689655	-0.000689655
225432	-0.003582353	-0.003582353	-0.003582353	-0.003582353	-0.003582353	-0.027723029	-0.027723029	-0.027723029	-0.027723029	-0.027723029	-0.020489116	-0.020489116	-0.020489116	-0.020489116	-0.020489116	-0.006756757	-0.006756757	-0.006756757	-0.006756757	-0.006756757	-0.004065041	-0.004065041	-0.004065041	-0.004065041	-0.004065041	-0.004065041	-0.004065041	-0.004065041	-0.004065041	-0.004065041	-0.004065041	-0.004065041	-0.004065041	-0.000421348	-0.000421348	-0.000421348	-0.000421348	-0.000421348	-0.000555556	-0.000555556	-0.000555556	-0.000555556	-0.000555556	-0.000869565	-0.000869565	-0.000869565	-0.000869565	-0.000869565	-0.000847458	-0.000847458	-0.000847458	-0.000847458	-0.000847458	-0.000689655	-0.000689655	-0.000689655	-0.000689655	-0.000689655
226548	-0.003582353	-0.003582353	-0.003582353	-0.003582353	-0.003582353	-0.027723029	-0.027723029	-0.027723029	-0.027723029	-0.027723029	-0.020489116	-0.020489116	-0.020489116	-0.020489116	-0.020489116	-0.006756757	-0.006756757	-0.006756757	-0.006756757	-0.006756757	-0.004065041	-0.004065041	-0.004065041	-0.004065041	-0.004065041	-0.004065041	-0.004065041	-0.004065041	-0.004065041	-0.004065041	-0.004065041	-0.004065041	-0.004065041	-0.000421348	-0.000421348	-0.000421348	-0.000421348	-0.000421348	-0.000555556	-0.000555556	-0.000555556	-0.000555556	-0.000555556	-0.000869565	-0.000869565	-0.000869565	-0.000869565	-0.000869565	-0.000847458	-0.000847458	-0.000847458	-0.000847458	-0.000847458	-0.000689655	-0.000689655	-0.000689655	-0.000689655	-0.000689655
227664	-0.003582353	-0.003582353	-0.003582353	-0.003582353	-0.003582353	-0.027723029	-0.027723029	-0.027723029	-0.027723029	-0.027723029	-0.020489116	-0.020489116	-0.020489116	-0.020489116	-0.020489116	-0.006756757	-0.006756757	-0.006756757	-0.006756757	-0.006756757	-0.004065041	-0.004065041	-0.004065041	-0.004065041	-0.004065041	-0.004065041	-0.004065041	-0.004065041	-0.004065041	-0.004065041	-0.004065041	-0.004065041	-0.004065041	-0.000421348	-0.000421348	-0.000421348	-0.000421348	-0.000421348	-0.000555556	-0.000555556	-0.000555556	-0.000555556	-0.000555556	-0.000869565	-0.000869565	-0.000869565	-0.000869565	-0.000869565	-0.000847458	-0.000847458	-0.000847458	-0.000847458	-0.000847458	-0.000689655	-0.000689655	-0.000689655	-0.000689655	-0.000689655
228780	-0.003582353	-0.003582353	-0.003582353	-0.003582353	-0.003582353	-0.027723029	-0.027723029	-0.027723029	-0.027723029	-0.027723029	-0.020489116	-0.020489116	-0.020489116	-0.020489116	-0.020489116	-0.006756757	-0.006756757	-0.006756757	-0.006756757	-0.006756757	-0.004065041	-0.004065041	-0.004065041	-0.004065041	-0.004065041	-0.004065041	-0.004065041	-0.004065041	-0.004065041	-0.004065041	-0.004065041	-0.004065041	-0.004065041	-0.000421348	-0.000421348	-0.000421348	-0.000421348	-0.000421348	-0.000555556	-0.000555556	-0.000555556	-0.000555556	-0.000555556	-0.000869565	-0.000869565	-0.000869565	-0.000869565	-0.000869565	-0.000847458	-0.000847458	-0.000847458	-0.000847458	-0.000847458	-0.000689655	-0.000689655	-0.000689655	-0.000689655	-0.000689655
229896	-0.003582353	-0.003582353	-0.003582353	-0.003582353	-0.003582353	-0.027723029	-0.027723029	-0.027723029	-0.027723029	-0.027723029	-0.020489116	-0.020489116	-0.020489116	-0.020489116	-0.020489116	-0.006756757	-0.006756757	-0.006756757	-0.006756757	-0.006756757	-0.004065041	-0.004065041	-0.004065041	-0.004065041	-0.004065041	-0.004065041	-0.004065041	-0.004065041	-0.004065041	-0.004065041	-0.004065041	-0.004065041	-0.004065041	-0.000421348	-0.000421348	-0.000421348	-0.000421348	-0.000421348	-0.000555556	-0.000555556	-0.000555556	-0.000555556	-0.000555556	-0.000869565	-0.000869565	-0.000869565	-0.000869565	-0.000869565	-0.000847458	-0.000847458	-0.000847458	-0.000847458	-0.000847458	-0.000689655	-0.000689655	-0.000689655	-0.000689655	-0.000689655
231012	-0.003582353	-0.003582353	-0.003582353	-0.003582353	-0.003582353	-0.027723029	-0.027723029	-0.027723029	-0.027723029	-0.027723029	-0.020489116	-0.020489116	-0.020489116	-0.020489116	-0.020489116	-0.006756757	-0.006756757	-0.006756757	-0.006756757	-0.006756757	-0.004065041	-0.004065041	-0.004065041	-0.004065041	-0.004065041	-0.004065041	-0.004065041	-0.004065041	-0.004065041	-0.004065041	-0.004065041	-0.004065041	-0.004065041	-0.000421348	-0.000421348	-0.000421348	-0.000421348	-0.000421348	-0.000555556	-0.000555556	-0.000555556	-0.000555556	-0.000555556	-0.000869565	-0.000869565	-0.000869565	-0.000869565	-0.000869565	-0.000847458	-0.000847458	-0.000847458	-0.000847458	-0.000847458	-0.000689655	-0.000689655	-0.000689655	-0.000689655	-0.000689655
232128	-0.003582353	-0.003582353	-0.003582353	-0.003582353	-0.003582353	-0.027723029	-0.027723029	-0.027723029	-0.027723029	-0.027723029	-0.020489116	-0.020489116	-0.020489116	-0.020489116	-0.020489116	-0.006756757	-0.006756757	-0.006756757	-0.006756757	-0.006756757	-0.004065041	-0.004065041	-0.004065041	-0.004065041	-0.004065041	-0.004065041	-0.004065041	-0.004065041	-0.004065041	-0.004065041	-0.004065041	-0.004065041	-0.004065041	-0.000421348	-0.000421348	-0.000421348	-0.000421348	-0.000421348	-0.000555556	-0.000555556	-0.000555556	-0.000555556	-0.000555556	-0.000869565	-0.000869565	-0.000869565	-0.000869565	-0.000869565	-0.000847458	-0.000847458	-0.000847458	-0.000847458	-0.000847458	-0.000689655	-0.000689655	-0.000689655	-0.000689655	-0.000689655
233244	-0.003582353	-0.003582353	-0.003582353	-0.003582353	-0.003582353	-0.027723029	-0.027723029	-0.027723029	-0.027723029	-0.027723029	-0.020489116	-0.020489116	-0.020489116	-0.020489116	-0.020489116	-0.006756757	-0.006756757	-0.006756757	-0.006756757	-0.006756757	-0.004065041	-0.004065041	-0.004065041	-0.004065041	-0.004065041	-0.004065041	-0.004065041	-0.004065041	-0.004065041	-0.004065041	-0.004065041	-0.004065041	-0.004065041	-0.000421348	-0.000421348	-0.000421348	-0.000421348	-0.000421348	-0.000555556	-0.000555556	-0.000555556	-0.000555556	-0.000555556	-0.000869565	-0.000869565	-0.000869565	-0.000869565	-0.000869565	-0.000847458	-0.000847458	-0.000847458	-0.000847458	-0.000847458	-0.000689655	-0.000689655	-0.000689655	-0.000689655	-0.000689655
234360	-0.003582353	-0.003582353	-0.003582353	-0.003582353	-0.003582353	-0.027723029	-0.027723029	-0.027723029	-0.027723029	-0.027723029	-0.020489116	-0.020489116	-0.020489116	-0.020489116	-0.020489116	-0.006756757	-0.006756757	-0.006756757	-0.006756757	-0.006756757	-0.004065041	-0.004065041	-0.004065041	-0.004065041	-0.004065041	-0.004065041	-0.004065041	-0.004065041	-0.004065041	-0.004065041	-0.004065041	-0.004065041	-0.004065041	-0.000421348	-0.000421348	-0.000421348	-0.000421348	-0.000421348	-0.000555556	-0.000555556	-0.000555556	-0.000555556	-0.000555556	-0.000869565	-0.000869565	-0.000869565	-0.000869565	-0.000869565	-0.000847458	-0.000847458	-0.000847458	-0.000847458	-0.000847458	-0.000689655	-0.000689655	-0.000689655	-0.000689655	-0.000689655
235476	-0.003582353	-0.003582353	-0.003582353	-0.003582353	-0.003582353	-0.027723029	-0.027723029	-0.027723029	-0.027723029	-0.027723029	-0.020489116	-0.020489116	-0.020489116	-0.020489116	-0.020489116	-0.006756757	-0.006756757	-0.006756757	-0.006756757	-0.006756757	-0.004065041	-0.004065041	-0.004065041	-0.004065041	-0.004065041	-0.004065041	-0.004065041	-0.004065041	-0.004065041	-0.004065041	-0.004065041	-0.004065041	-0.004065041	-0.000421348	-0.000421348	-0.000421348	-0.000421348	-0.000421348	-0.000555556	-0.000555556	-0.000555556	-0.000555556	-0.000555556	-0.000869565	-0.000869565	-0.000869565	-0.000869565	-0.000869565	-0.000847458	-0.000847458	-0.000847458	-0.000847458	-0.000847458	-0.000689655	-0.000689655	-0.000689655	-0.000689655	-0.000689655
236592	-0.003582353	-0.003582353	-0.003582353	-0.003582353	-0.003582353	-0.027723029	-0.027723029	-0.027723029	-0.027723029	-0.027723029	-0.020489116	-0.020489116	-0.020489116	-0.020489116	-0.020489116	-0.006756757	-0.006756757	-0.006756757	-0.006756757	-0.006756757	-0.004065041	-0.004065041	-0.004065041	-0.004065041	-0.004065041	-0.004065041	-0.004065041	-0.004065041	-0.004065041	-0.004065041	-0.004065041	-0.004065041	-0.004065041	-0.000421348	-0.000421348	-0.000421348	-0.000421348	-0.000421348	-0.000555556	-0.000555556	-0.000555556	-0.000555556	-0.000555556	-0.000869565	-0.000869565	-0.000869565	-0.000869565	-0.000869565	-0.000847458	-0.000847458	-0.000847458	-0.000847458	-0.000847458	-0.000689655	-0.000689655	-0.000689655	-0.000689655	-0.000689655
237708	-0.003582353	-0.003582353	-0.003582353	-0.003582353	-0.003582353	-0.027723029	-0.027723029	-0.027723029	-0.027723029	-0.027723029	-0.020489116	-0.020489116	-0.020489116	-0.020489116	-0.020489116	-0.006756757	-0.006756757	-0.006756757	-0.006756757	-0.006756757	-0.004065041	-0.004065041	-0.004065041	-0.004065041	-0.004065041	-0.004065041	-0.004065041	-0.004065041	-0.004065041	-0.004065041	-0.004065041	-0.004065041	-0.004065041	-0.000421348	-0.000421348	-0.000421348	-0.000421348	-0.000421348	-0.000555556	-0.000555556	-0.000555556	-0.000555556	-0.000555556	-0.000869565	-0.000869565	-0.000869565	-0.000869565	-0.000869565	-0.000847458	-0.000847458	-0.000847458	-0.000847458	-0.000847458	-0.000689655	-0.000689655	-0.000689655	-0.000689655	-0.000689655
238824	-0.003582353	-0.003582353	-0.003582353	-0.003582353	-0.003582353	-0.027723029	-0.027723029	-0.027723029	-0.027723029	-0.027723029	-0.020489116	-0.020489116	-0.020489116	-0.020489116	-0.020489116	-0.006756757	-0.006756757	-0.006756757	-0.006756757	-0.006756757	-0.004065041	-0.004065041	-0.004065041	-0.004065041	-0.004065041	-0.004065041	-0.004065041	-0.004065041	-0.004065041	-0.004065041	-0.004065041	-0.004065041	-0.004065041	-0.000421348	-0.000421348	-0.000421348	-0.000421348	-0.000421348	-0.000555556	-0.000555556	-0.000555556	-0.000555556	-0.000555556	-0.000869565	-0.000869565	-0.000869565	-0.000869565	-0.000869565	-0.000847458	-0.000847458	-0.000847458	-0.000847458	-0.000847458	-0.000689655	-0.000689655	-0.000689655	-0.000689655	-0.000689655
239940	-0.003582353	-0.003582353	-0.003582353	-0.003582353	-0.003582353	-0.027723029	-0.027723029	-0.027723029	-0.027723029	-0.027723029	-0.020489116	-0.020489116	-0.020489116	-0.020489116	-0.020489116	-0.006756757	-0.006756757	-0.006756757	-0.006756757	-0.006756757	-0.004065041	-0.004065041	-0.004065041	-0.004065041	-0.004065041	-0.004065041	-0.004065041	-0.004065041	-0.004065041	-0.004065041	-0.004065041	-0.004065041	-0.004065041	-0.000421348	-0.000421348	-0.000421348	-0.000421348	-0.000421348	-0.000555556	-0.000555556	-0.000555556	-0.000555556	-0.000555556	-0.000869565	-0.000869565	-0.000869565	-0.000869565	-0.000869565	-0.000847458	-0.000847458	-0.000847458	-0.000847458	-0.000847458	-0.000689655	-0.000689655	-0.000689655	-0.000689655	-0.000689655
241056	-0.003582353	-0.003582353	-0.003582353	-0.003582353	-0.003582353	-0.027723029	-0.027723029	-0.027723029	-0.027723029	-0.027723029	-0.020489116	-0.020489116	-0.020489116	-0.020489116	-0.020489116	-0.006756757	-0.006756757	-0.006756757	-0.006756757	-0.006756757	-0.004065041	-0.004065041	-0.004065041	-0.004065041	-0.004065041	-0.004065041	-0.004065041	-0.004065041	-0.004065041	-0.004065041	-0.004065041	-0.004065041	-0.004065041	-0.000421348	-0.000421348	-0.000421348	-0.000421348	-0.000421348	-0.000555556	-0.000555556	-0.000555556	-0.000555556	-0.000555556	-0.000869565	-0.000869565	-0.000869565	-0.000869565	-0.000869565	-0.000847458	-0.000847458	-0.000847458	-0.000847458	-0.000847458	-0.000689655	-0.000689655	-0.000689655	-0.000689655	-0.000689655
242172	-0.003582353	-0.003582353	-0.003582353	-0.003582353	-0.003582353	-0.027723029	-0.027723029	-0.027723029	-0.027723029	-0.027723029	-0.020489116	-0.020489116	-0.020489116	-0.020489116	-0.020489116	-0.006756757	-0.006756757	-0.006756757	-0.006756757	-0.006756757	-0.004065041	-0.004065041	-0.004065041	-0.004065041	-0.004065041	-0.004065041	-0.004065041	-0.004065041	-0.004065041	-0.004065041	-0.004065041	-0.004065041	-0.004065041	-0.000421348	-0.000421348	-0.000421348	-0.000421348	-0.000421348	-0.000555556	-0.000555556	-0.000555556	-0.000555556	-0.000555556	-0.000869565	-0.000869565	-0.000869565	-0.000869565	-0.000869565	-0.000847458	-0.000847458	-0.000847458	-0.000847458	-0.000847458	-0.000689655	-0.000689655	-0.000689655	-0.000689655	-0.000689655
243288	-0.003582353	-0.003582353	-0.003582353	-0.003582353	-0.003582353	-0.027723029	-0.027723029	-0.027723029	-0.027723029	-0.027723029	-0.020489116	-0.020489116	-0.020489116	-0.020489116	-0.020489116	-0.006756757	-0.006756757	-0.006756757	-0.006756757	-0.006756757	-0.004065041	-0.004065041	-0.004065041	-0.004065041	-0.004065041	-0.004065041	-0.004065041	-0.004065041	-0.004065041	-0.004065041	-0.004065041	-0.004065041	-0.004065041	-0.000421348	-0.000421348	-0.000421348	-0.000421348	-0.000421348	-0.000555556	-0.000555556	-0.000555556	-0.000555556	-0.000555556	-0.000869565	-0.000869565	-0.000869565	-0.000869565	-0.000869565	-0.000847458	-0.000847458	-0.000847458	-0.000847458	-0.000847458	-0.000689655	-0.000689655	-0.000689655	-0.000689655	-0.000689655
244404	-0.003582353	-0.003582353	-0.003582353	-0.003582353	-0.003582353	-0.027723029	-0.027723029	-0.027723029	-0.027723029	-0.027723029	-0.020489116	-0.020489116	-0.020489116	-0.020489116	-0.020489116	-0.006756757	-0.006756757	-0.006756757	-0.006756757	-0.006756757	-0.004065041	-0.004065041	-0.004065041	-0.004065041	-0.004065041	-0.004065041	-0.004065041	-0.004065041	-0.004065041	-0.004065041	-0.004065041	-0.004065041	-0.004065041	-0.000421348	-0.000421348	-0.000421348	-0.000421348	-0.000421348	-0.000555556	-0.000555556	-0.000555556	-0.000555556	-0.000555556	-0.000869565	-0.000869565	-0.000869565	-0.000869565	-0.000869565	-0.000847458	-0.000847458	-0.000847458	-0.000847458	-0.000847458	-0.000689655	-0.000689655	-0.000689655	-0.000689655	-0.000689655
245520	-0.003582353	-0.003582353	-0.003582353	-0.003582353	-0.003582353	-0.027723029	-0.027723029	-0.027723029	-0.027723029	-0.027723029	-0.020489116	-0.020489116	-0.020489116	-0.020489116	-0.020489116	-0.006756757	-0.006756757	-0.006756757	-0.006756757	-0.006756757	-0.004065041	-0.004065041	-0.004065041	-0.004065041	-0.004065041	-0.004065041	-0.004065041	-0.004065041	-0.004065041	-0.004065041	-0.004065041	-0.004065041	-0.004065041	-0.000421348	-0.000421348	-0.000421348	-0.000421348	-0.000421348	-0.000555556	-0.000555556	-0.000555556	-0.000555556	-0.000555556	-0.000869565	-0.000869565	-0.000869565	-0.000869565	-0.000869565	-0.000847458	-0.000847458	-0.000847458	-0.000847458	-0.000847458	-0.000689655	-0.000689655	-0.000689655	-0.000689655	-0.000689655
246636	-0.003582353	-0.003582353	-0.003582353	-0.003582353	-0.003582353	-0.027723029	-0.027723029	-0.027723029	-0.027723029	-0.027723029	-0.020489116	-0.020489116	-0.020489116	-0.020489116	-0.020489116	-0.006756757	-0.006756757	-0.006756757	-0.006756757	-0.006756757	-0.004065041	-0.004065041	-0.004065041	-0.004065041	-0.004065041	-0.004065041	-0.004065041	-0.004065041	-0.004065041	-0.004065041	-0.004065041	-0.004065041	-0.004065041	-0.000421348	-0.000421348	-0.000421348	-0.000421348	-0.000421348	-0.000555556	-0.000555556	-0.000555556	-0.000555556	-0.000555556	-0.000869565	-0.000869565	-0.000869565	-0.000869565	-0.000869565	-0.000847458	-0.000847458	-0.000847458	-0.000847458	-0.000847458	-0.000689655	-0.000689655	-0.000689655	-0.000689655	-0.000689655
247752	-0.003582353	-0.003582353	-0.003582353	-0.003582353	-0.003582353	-0.027723029	-0.027723029	-0.027723029	-0.027723029	-0.027723029	-0.020489116	-0.020489116	-0.020489116	-0.020489116	-0.020489116	-0.006756757	-0.006756757	-0.006756757	-0.006756757	-0.006756757	-0.004065041	-0.004065041	-0.004065041	-0.004065041	-0.004065041	-0.004065041	-0.004065041	-0.004065041	-0.004065041	-0.004065041	-0.004065041	-0.004065041	-0.004065041	-0.000421348	-0.000421348	-0.000421348	-0.000421348	-0.000421348	-0.000555556	-0.000555556	-0.000555556	-0.000555556	-0.000555556	-0.000869565	-0.000869565	-0.000869565	-0.000869565	-0.000869565	-0.000847458	-0.000847458	-0.000847458	-0.000847458	-0.000847458	-0.000689655	-0.000689655	-0.000689655	-0.000689655	-0.000689655
248868	-0.003582353	-0.003582353	-0.003582353	-0.003582353	-0.003582353	-0.027723029	-0.027723029	-0.027723029	-0.027723029	-0.027723029	-0.020489116	-0.020489116	-0.020489116	-0.020489116	-0.020489116	-0.006756757	-0.006756757	-0.006756757	-0.006756757	-0.006756757	-0.004065041	-0.004065041	-0.004065041	-0.004065041	-0.004065041	-0.004065041	-0.004065041	-0.004065041	-0.004065041	-0.004065041	-0.004065041	-0.004065041	-0.004065041	-0.000421348	-0.000421348	-0.000421348	-0.000421348	-0.000421348	-0.000555556	-0.000555556	-0.000555556	-0.000555556	-0.000555556	-0.000869565	-0.000869565	-0.000869565	-0.000869565	-0.000869565	-0.000847458	-0.000847458	-0.000847458	-0.000847458	-0.000847458	-0.000689655	-0.000689655	-0.000689655	-0.000689655	-0.000689655
249984	-0.003582353	-0.003582353	-0.003582353	-0.003582353	-0.003582353	-0.027723029	-0.027723029	-0.027723029	-0.027723029	-0.027723029	-0.020489116	-0.020489116	-0.020489116	-0.020489116	-0.020489116	-0.006756757	-0.006756757	-0.006756757	-0.006756757	-0.006756757	-0.004065041	-0.004065041	-0.004065041	-0.004065041	-0.004065041	-0.004065041	-0.004065041	-0.004065041	-0.004065041	-0.004065041	-0.004065041	-0.004065041	-0.004065041	-0.000421348	-0.000421348	-0.000421348	-0.000421348	-0.000421348	-0.000555556	-0.000555556	-0.000555556	-0.000555556	-0.000555556	-0.000869565	-0.000869565	-0.000869565	-0.000869565	-0.000869565	-0.000847458	-0.000847458	-0.000847458	-0.000847458	-0.000847458	-0.000689655	-0.000689655	-0.000689655	-0.000689655	-0.000689655
251100	-0.003582353	-0.003582353	-0.003582353	-0.003582353	-0.003582353	-0.027723029	-0.027723029	-0.027723029	-0.027723029	-0.027723029	-0.020489116	-0.020489116	-0.020489116	-0.020489116	-0.020489116	-0.006756757	-0.006756757	-0.006756757	-0.006756757	-0.006756757	-0.004065041	-0.004065041	-0.004065041	-0.004065041	-0.004065041	-0.004065041	-0.004065041	-0.004065041	-0.004065041	-0.004065041	-0.004065041	-0.004065041	-0.004065041	-0.000421348	-0.000421348	-0.000421348	-0.000421348	-0.000421348	-0.000555556	-0.000555556	-0.000555556	-0.000555556	-0.000555556	-0.000869565	-0.000869565	-0.000869565	-0.000869565	-0.000869565	-0.000847458	-0.000847458	-0.000847458	-0.000847458	-0.000847458	-0.000689655	-0.000689655	-0.000689655	-0.000689655	-0.000689655
252216	-0.003582353	-0.003582353	-0.003582353	-0.003582353	-0.003582353	-0.027723029	-0.027723029	-0.027723029	-0.027723029	-0.027723029	-0.020489116	-0.020489116	-0.020489116	-0.020489116	-0.020489116	-0.006756757	-0.006756757	-0.006756757	-0.006756757	-0.006756757	-0.004065041	-0.004065041	-0.004065041	-0.004065041	-0.004065041	-0.004065041	-0.004065041	-0.004065041	-0.004065041	-0.004065041	-0.004065041	-0.004065041	-0.004065041	-0.000421348	-0.000421348	-0.000421348	-0.000421348	-0.000421348	-0.000555556	-0.000555556	-0.000555556	-0.000555556	-0.000555556	-0.000869565	-0.000869565	-0.000869565	-0.000869565	-0.000869565	-0.000847458	-0.000847458	-0.000847458	-0.000847458	-0.000847458	-0.000689655	-0.000689655	-0.000689655	-0.000689655	-0.000689655
253332	-0.003582353	-0.003582353	-0.003582353	-0.003582353	-0.003582353	-0.027723029	-0.027723029	-0.027723029	-0.027723029	-0.027723029	-0.020489116	-0.020489116	-0.020489116	-0.020489116	-0.020489116	-0.006756757	-0.006756757	-0.006756757	-0.006756757	-0.006756757	-0.004065041	-0.004065041	-0.004065041	-0.004065041	-0.004065041	-0.004065041	-0.004065041	-0.004065041	-0.004065041	-0.004065041	-0.004065041	-0.004065041	-0.004065041	-0.000421348	-0.000421348	-0.000421348	-0.000421348	-0.000421348	-0.000555556	-0.000555556	-0.000555556	-0.000555556	-0.000555556	-0.000869565	-0.000869565	-0.000869565	-0.000869565	-0.000869565	-0.000847458	-0.000847458	-0.000847458	-0.000847458	-0.000847458	-0.000689655	-0.000689655	-0.000689655	-0.000689655	-0.000689655
254448	-0.003582353	-0.003582353	-0.003582353	-0.003582353	-0.003582353	-0.027723029	-0.027723029	-0.027723029	-0.027723029	-0.027723029	-0.020489116	-0.020489116	-0.020489116	-0.020489116	-0.020489116	-0.006756757	-0.006756757	-0.006756757	-0.006756757	-0.006756757	-0.004065041	-0.004065041	-0.004065041	-0.004065041	-0.004065041	-0.004065041	-0.004065041	-0.004065041	-0.004065041	-0.004065041	-0.004065041	-0.004065041	-0.004065041	-0.000421348	-0.000421348	-0.000421348	-0.000421348	-0.000421348	-0.000555556	-0.000555556	-0.000555556	-0.000555556	-0.000555556	-0.000869565	-0.000869565	-0.000869565	-0.000869565	-0.000869565	-0.000847458	-0.000847458	-0.000847458	-0.000847458	-0.000847458	-0.000689655	-0.000689655	-0.000689655	-0.000689655	-0.000689655
255564	-0.003582353	-0.003582353	-0.003582353	-0.003582353	-0.003582353	-0.027723029	-0.027723029	-0.027723029	-0.027723029	-0.027723029	-0.020489116	-0.020489116	-0.020489116	-0.020489116	-0.020489116	-0.006756757	-0.006756757	-0.006756757	-0.006756757	-0.006756757	-0.004065041	-0.004065041	-0.004065041	-0.004065041	-0.004065041	-0.004065041	-0.004065041	-0.004065041	-0.004065041	-0.004065041	-0.004065041	-0.004065041	-0.004065041	-0.000421348	-0.000421348	-0.000421348	-0.000421348	-0.000421348	-0.000555556	-0.000555556	-0.000555556	-0.000555556	-0.000555556	-0.000869565	-0.000869565	-0.000869565	-0.000869565	-0.000869565	-0.000847458	-0.000847458	-0.000847458	-0.000847458	-0.000847458	-0.000689655	-0.000689655	-0.000689655	-0.000689655	-0.000689655
256680	-0.003582353	-0.003582353	-0.003582353	-0.003582353	-0.003582353	-0.027723029	-0.027723029	-0.027723029	-0.027723029	-0.027723029	-0.020489116	-0.020489116	-0.020489116	-0.020489116	-0.020489116	-0.006756757	-0.006756757	-0.006756757	-0.006756757	-0.006756757	-0.004065041	-0.004065041	-0.004065041	-0.004065041	-0.004065041	-0.004065041	-0.004065041	-0.004065041	-0.004065041	-0.004065041	-0.004065041	-0.004065041	-0.004065041	-0.000421348	-0.000421348	-0.000421348	-0.000421348	-0.000421348	-0.000555556	-0.000555556	-0.000555556	-0.000555556	-0.000555556	-0.000869565	-0.000869565	-0.000869565	-0.000869565	-0.000869565	-0.000847458	-0.000847458	-0.000847458	-0.000847458	-0.000847458	-0.000689655	-0.000689655	-0.000689655	-0.000689655	-0.000689655
257796	-0.003582353	-0.003582353	-0.003582353	-0.003582353	-0.003582353	-0.027723029	-0.027723029	-0.027723029	-0.027723029	-0.027723029	-0.020489116	-0.020489116	-0.020489116	-0.020489116	-0.020489116	-0.006756757	-0.006756757	-0.006756757	-0.006756757	-0.006756757	-0.004065041	-0.004065041	-0.004065041	-0.004065041	-0.004065041	-0.004065041	-0.004065041	-0.004065041	-0.004065041	-0.004065041	-0.004065041	-0.004065041	-0.004065041	-0.000421348	-0.000421348	-0.000421348	-0.000421348	-0.000421348	-0.000555556	-0.000555556	-0.000555556	-0.000555556	-0.000555556	-0.000869565	-0.000869565	-0.000869565	-0.000869565	-0.000869565	-0.000847458	-0.000847458	-0.000847458	-0.000847458	-0.000847458	-0.000689655	-0.000689655	-0.000689655	-0.000689655	-0.000689655
258912	-0.003582353	-0.003582353	-0.003582353	-0.003582353	-0.003582353	-0.027723029	-0.027723029	-0.027723029	-0.027723029	-0.027723029	-0.020489116	-0.020489116	-0.020489116	-0.020489116	-0.020489116	-0.006756757	-0.006756757	-0.006756757	-0.006756757	-0.006756757	-0.004065041	-0.004065041	-0.004065041	-0.004065041	-0.004065041	-0.004065041	-0.004065041	-0.004065041	-0.004065041	-0.004065041	-0.004065041	-0.004065041	-0.004065041	-0.000421348	-0.000421348	-0.000421348	-0.000421348	-0.000421348	-0.000555556	-0.000555556	-0.000555556	-0.000555556	-0.000555556	-0.000869565	-0.000869565	-0.000869565	-0.000869565	-0.000869565	-0.000847458	-0.000847458	-0.000847458	-0.000847458	-0.000847458	-0.000689655	-0.000689655	-0.000689655	-0.000689655	-0.000689655
260028	-0.003582353	-0.003582353	-0.003582353	-0.003582353	-0.003582353	-0.027723029	-0.027723029	-0.027723029	-0.027723029	-0.027723029	-0.020489116	-0.020489116	-0.020489116	-0.020489116	-0.020489116	-0.006756757	-0.006756757	-0.006756757	-0.006756757	-0.006756757	-0.004065041	-0.004065041	-0.004065041	-0.004065041	-0.004065041	-0.004065041	-0.004065041	-0.004065041	-0.004065041	-0.004065041	-0.004065041	-0.004065041	-0.004065041	-0.000421348	-0.000421348	-0.000421348	-0.000421348	-0.000421348	-0.000555556	-0.000555556	-0.000555556	-0.000555556	-0.000555556	-0.000869565	-0.000869565	-0.000869565	-0.000869565	-0.000869565	-0.000847458	-0.000847458	-0.000847458	-0.000847458	-0.000847458	-0.000689655	-0.000689655	-0.000689655	-0.000689655	-0.000689655
261144	-0.003582353	-0.003582353	-0.003582353	-0.003582353	-0.003582353	-0.027723029	-0.027723029	-0.027723029	-0.027723029	-0.027723029	-0.020489116	-0.020489116	-0.020489116	-0.020489116	-0.020489116	-0.006756757	-0.006756757	-0.006756757	-0.006756757	-0.006756757	-0.004065041	-0.004065041	-0.004065041	-0.004065041	-0.004065041	-0.004065041	-0.004065041	-0.004065041	-0.004065041	-0.004065041	-0.004065041	-0.004065041	-0.004065041	-0.000421348	-0.000421348	-0.000421348	-0.000421348	-0.000421348	-0.000555556	-0.000555556	-0.000555556	-0.000555556	-0.000555556	-0.000869565	-0.000869565	-0.000869565	-0.000869565	-0.000869565	-0.000847458	-0.000847458	-0.000847458	-0.000847458	-0.000847458	-0.000689655	-0.000689655	-0.000689655	-0.000689655	-0.000689655
262260	-0.003582353	-0.003582353	-0.003582353	-0.003582353	-0.003582353	-0.027723029	-0.027723029	-0.027723029	-0.027723029	-0.027723029	-0.020489116	-0.020489116	-0.020489116	-0.020489116	-0.020489116	-0.006756757	-0.006756757	-0.006756757	-0.006756757	-0.006756757	-0.004065041	-0.004065041	-0.004065041	-0.004065041	-0.004065041	-0.004065041	-0.004065041	-0.004065041	-0.004065041	-0.004065041	-0.004065041	-0.004065041	-0.004065041	-0.000421348	-0.000421348	-0.000421348	-0.000421348	-0.000421348	-0.000555556	-0.000555556	-0.000555556	-0.000555556	-0.000555556	-0.000869565	-0.000869565	-0.000869565	-0.000869565	-0.000869565	-0.000847458	-0.000847458	-0.000847458	-0.000847458	-0.000847458	-0.000689655	-0.000689655	-0.000689655	-0.000689655	-0.000689655
263376	-0.003582353	-0.003582353	-0.003582353	-0.003582353	-0.003582353	-0.027723029	-0.027723029	-0.027723029	-0.027723029	-0.027723029	-0.020489116	-0.020489116	-0.020489116	-0.020489116	-0.020489116	-0.006756757	-0.006756757	-0.006756757	-0.006756757	-0.006756757	-0.004065041	-0.004065041	-0.004065041	-0.004065041	-0.004065041	-0.004065041	-0.004065041	-0.004065041	-0.004065041	-0.004065041	-0.004065041	-0.004065041	-0.004065041	-0.000421348	-0.000421348	-0.000421348	-0.000421348	-0.000421348	-0.000555556	-0.000555556	-0.000555556	-0.000555556	-0.000555556	-0.000869565	-0.000869565	-0.000869565	-0.000869565	-0.000869565	-0.000847458	-0.000847458	-0.000847458	-0.000847458	-0.000847458	-0.000689655	-0.000689655	-0.000689655	-0.000689655	-0.000689655
264492	-0.003582353	-0.003582353	-0.003582353	-0.003582353	-0.003582353	-0.027723029	-0.027723029	-0.027723029	-0.027723029	-0.027723029	-0.020489116	-0.020489116	-0.020489116	-0.020489116	-0.020489116	-0.006756757	-0.006756757	-0.006756757	-0.006756757	-0.006756757	-0.004065041	-0.004065041	-0.004065041	-0.004065041	-0.004065041	-0.004065041	-0.004065041	-0.004065041	-0.004065041	-0.004065041	-0.004065041	-0.004065041	-0.004065041	-0.000421348	-0.000421348	-0.000421348	-0.000421348	-0.000421348	-0.000555556	-0.000555556	-0.000555556	-0.000555556	-0.000555556	-0.000869565	-0.000869565	-0.000869565	-0.000869565	-0.000869565	-0.000847458	-0.000847458	-0.000847458	-0.000847458	-0.000847458	-0.000689655	-0.000689655	-0.000689655	-0.000689655	-0.000689655
265608	-0.003582353	-0.003582353	-0.003582353	-0.003582353	-0.003582353	-0.027723029	-0.027723029	-0.027723029	-0.027723029	-0.027723029	-0.020489116	-0.020489116	-0.020489116	-0.020489116	-0.020489116	-0.006756757	-0.006756757	-0.006756757	-0.006756757	-0.006756757	-0.004065041	-0.004065041	-0.004065041	-0.004065041	-0.004065041	-0.004065041	-0.004065041	-0.004065041	-0.004065041	-0.004065041	-0.004065041	-0.004065041	-0.004065041	-0.000421348	-0.000421348	-0.000421348	-0.000421348	-0.000421348	-0.000555556	-0.000555556	-0.000555556	-0.000555556	-0.000555556	-0.000869565	-0.000869565	-0.000869565	-0.000869565	-0.000869565	-0.000847458	-0.000847458	-0.000847458	-0.000847458	-0.000847458	-0.000689655	-0.000689655	-0.000689655	-0.000689655	-0.000689655
266724	-0.003582353	-0.003582353	-0.003582353	-0.003582353	-0.003582353	-0.027723029	-0.027723029	-0.027723029	-0.027723029	-0.027723029	-0.020489116	-0.020489116	-0.020489116	-0.020489116	-0.020489116	-0.006756757	-0.006756757	-0.006756757	-0.006756757	-0.006756757	-0.004065041	-0.004065041	-0.004065041	-0.004065041	-0.004065041	-0.004065041	-0.004065041	-0.004065041	-0.004065041	-0.004065041	-0.004065041	-0.004065041	-0.004065041	-0.000421348	-0.000421348	-0.000421348	-0.000421348	-0.000421348	-0.000555556	-0.000555556	-0.000555556	-0.000555556	-0.000555556	-0.000869565	-0.000869565	-0.000869565	-0.000869565	-0.000869565	-0.000847458	-0.000847458	-0.000847458	-0.000847458	-0.000847458	-0.000689655	-0.000689655	-0.000689655	-0.000689655	-0.000689655
267840	-0.003582353	-0.003582353	-0.003582353	-0.003582353	-0.003582353	-0.027723029	-0.027723029	-0.027723029	-0.027723029	-0.027723029	-0.020489116	-0.020489116	-0.020489116	-0.020489116	-0.020489116	-0.006756757	-0.006756757	-0.006756757	-0.006756757	-0.006756757	-0.004065041	-0.004065041	-0.004065041	-0.004065041	-0.004065041	-0.004065041	-0.004065041	-0.004065041	-0.004065041	-0.004065041	-0.004065041	-0.004065041	-0.004065041	-0.000421348	-0.000421348	-0.000421348	-0.000421348	-0.000421348	-0.000555556	-0.000555556	-0.000555556	-0.000555556	-0.000555556	-0.000869565	-0.000869565	-0.000869565	-0.000869565	-0.000869565	-0.000847458	-0.000847458	-0.000847458	-0.000847458	-0.000847458	-0.000689655	-0.000689655	-0.000689655	-0.000689655	-0.000689655
268956	-0.003582353	-0.003582353	-0.003582353	-0.003582353	-0.003582353	-0.027723029	-0.027723029	-0.027723029	-0.027723029	-0.027723029	-0.020489116	-0.020489116	-0.020489116	-0.020489116	-0.020489116	-0.006756757	-0.006756757	-0.006756757	-0.006756757	-0.006756757	-0.004065041	-0.004065041	-0.004065041	-0.004065041	-0.004065041	-0.004065041	-0.004065041	-0.004065041	-0.004065041	-0.004065041	-0.004065041	-0.004065041	-0.004065041	-0.000421348	-0.000421348	-0.000421348	-0.000421348	-0.000421348	-0.000555556	-0.000555556	-0.000555556	-0.000555556	-0.000555556	-0.000869565	-0.000869565	-0.000869565	-0.000869565	-0.000869565	-0.000847458	-0.000847458	-0.000847458	-0.000847458	-0.000847458	-0.000689655	-0.000689655	-0.000689655	-0.000689655	-0.000689655
270072	-0.003582353	-0.003582353	-0.003582353	-0.003582353	-0.003582353	-0.027723029	-0.027723029	-0.027723029	-0.027723029	-0.027723029	-0.020489116	-0.020489116	-0.020489116	-0.020489116	-0.020489116	-0.006756757	-0.006756757	-0.006756757	-0.006756757	-0.006756757	-0.004065041	-0.004065041	-0.004065041	-0.004065041	-0.004065041	-0.004065041	-0.004065041	-0.004065041	-0.004065041	-0.004065041	-0.004065041	-0.004065041	-0.004065041	-0.000421348	-0.000421348	-0.000421348	-0.000421348	-0.000421348	-0.000555556	-0.000555556	-0.000555556	-0.000555556	-0.000555556	-0.000869565	-0.000869565	-0.000869565	-0.000869565	-0.000869565	-0.000847458	-0.000847458	-0.000847458	-0.000847458	-0.000847458	-0.000689655	-0.000689655	-0.000689655	-0.000689655	-0.000689655
271188	-0.003582353	-0.003582353	-0.003582353	-0.003582353	-0.003582353	-0.027723029	-0.027723029	-0.027723029	-0.027723029	-0.027723029	-0.020489116	-0.020489116	-0.020489116	-0.020489116	-0.020489116	-0.006756757	-0.006756757	-0.006756757	-0.006756757	-0.006756757	-0.004065041	-0.004065041	-0.004065041	-0.004065041	-0.004065041	-0.004065041	-0.004065041	-0.004065041	-0.004065041	-0.004065041	-0.004065041	-0.004065041	-0.004065041	-0.000421348	-0.000421348	-0.000421348	-0.000421348	-0.000421348	-0.000555556	-0.000555556	-0.000555556	-0.000555556	-0.000555556	-0.000869565	-0.000869565	-0.000869565	-0.000869565	-0.000869565	-0.000847458	-0.000847458	-0.000847458	-0.000847458	-0.000847458	-0.000689655	-0.000689655	-0.000689655	-0.000689655	-0.000689655
272304	-0.003582353	-0.003582353	-0.003582353	-0.003582353	-0.003582353	-0.027723029	-0.027723029	-0.027723029	-0.027723029	-0.027723029	-0.020489116	-0.020489116	-0.020489116	-0.020489116	-0.020489116	-0.006756757	-0.006756757	-0.006756757	-0.006756757	-0.006756757	-0.004065041	-0.004065041	-0.004065041	-0.004065041	-0.004065041	-0.004065041	-0.004065041	-0.004065041	-0.004065041	-0.004065041	-0.004065041	-0.004065041	-0.004065041	-0.000421348	-0.000421348	-0.000421348	-0.000421348	-0.000421348	-0.000555556	-0.000555556	-0.000555556	-0.000555556	-0.000555556	-0.000869565	-0.000869565	-0.000869565	-0.000869565	-0.000869565	-0.000847458	-0.000847458	-0.000847458	-0.000847458	-0.000847458	-0.000689655	-0.000689655	-0.000689655	-0.000689655	-0.000689655
273420	-0.003582353	-0.003582353	-0.003582353	-0.003582353	-0.003582353	-0.027723029	-0.027723029	-0.027723029	-0.027723029	-0.027723029	-0.020489116	-0.020489116	-0.020489116	-0.020489116	-0.020489116	-0.006756757	-0.006756757	-0.006756757	-0.006756757	-0.006756757	-0.004065041	-0.004065041	-0.004065041	-0.004065041	-0.004065041	-0.004065041	-0.004065041	-0.004065041	-0.004065041	-0.004065041	-0.004065041	-0.004065041	-0.004065041	-0.000421348	-0.000421348	-0.000421348	-0.000421348	-0.000421348	-0.000555556	-0.000555556	-0.000555556	-0.000555556	-0.000555556	-0.000869565	-0.000869565	-0.000869565	-0.000869565	-0.000869565	-0.000847458	-0.000847458	-0.000847458	-0.000847458	-0.000847458	-0.000689655	-0.000689655	-0.000689655	-0.000689655	-0.000689655
274536	-0.003582353	-0.003582353	-0.003582353	-0.003582353	-0.003582353	-0.027723029	-0.027723029	-0.027723029	-0.027723029	-0.027723029	-0.020489116	-0.020489116	-0.020489116	-0.020489116	-0.020489116	-0.006756757	-0.006756757	-0.006756757	-0.006756757	-0.006756757	-0.004065041	-0.004065041	-0.004065041	-0.004065041	-0.004065041	-0.004065041	-0.004065041	-0.004065041	-0.004065041	-0.004065041	-0.004065041	-0.004065041	-0.004065041	-0.000421348	-0.000421348	-0.000421348	-0.000421348	-0.000421348	-0.000555556	-0.000555556	-0.000555556	-0.000555556	-0.000555556	-0.000869565	-0.000869565	-0.000869565	-0.000869565	-0.000869565	-0.000847458	-0.000847458	-0.000847458	-0.000847458	-0.000847458	-0.000689655	-0.000689655	-0.000689655	-0.000689655	-0.000689655
275652	-0.003582353	-0.003582353	-0.003582353	-0.003582353	-0.003582353	-0.027723029	-0.027723029	-0.027723029	-0.027723029	-0.027723029	-0.020489116	-0.020489116	-0.020489116	-0.020489116	-0.020489116	-0.006756757	-0.006756757	-0.006756757	-0.006756757	-0.006756757	-0.004065041	-0.004065041	-0.004065041	-0.004065041	-0.004065041	-0.004065041	-0.004065041	-0.004065041	-0.004065041	-0.004065041	-0.004065041	-0.004065041	-0.004065041	-0.000421348	-0.000421348	-0.000421348	-0.000421348	-0.000421348	-0.000555556	-0.000555556	-0.000555556	-0.000555556	-0.000555556	-0.000869565	-0.000869565	-0.000869565	-0.000869565	-0.000869565	-0.000847458	-0.000847458	-0.000847458	-0.000847458	-0.000847458	-0.000689655	-0.000689655	-0.000689655	-0.000689655	-0.000689655
276768	-0.003582353	-0.003582353	-0.003582353	-0.003582353	-0.003582353	-0.027723029	-0.027723029	-0.027723029	-0.027723029	-0.027723029	-0.020489116	-0.020489116	-0.020489116	-0.020489116	-0.020489116	-0.006756757	-0.006756757	-0.006756757	-0.006756757	-0.006756757	-0.004065041	-0.004065041	-0.004065041	-0.004065041	-0.004065041	-0.004065041	-0.004065041	-0.004065041	-0.004065041	-0.004065041	-0.004065041	-0.004065041	-0.004065041	-0.000421348	-0.000421348	-0.000421348	-0.000421348	-0.000421348	-0.000555556	-0.000555556	-0.000555556	-0.000555556	-0.000555556	-0.000869565	-0.000869565	-0.000869565	-0.000869565	-0.000869565	-0.000847458	-0.000847458	-0.000847458	-0.000847458	-0.000847458	-0.000689655	-0.000689655	-0.000689655	-0.000689655	-0.000689655
277884	-0.003582353	-0.003582353	-0.003582353	-0.003582353	-0.003582353	-0.027723029	-0.027723029	-0.027723029	-0.027723029	-0.027723029	-0.020489116	-0.020489116	-0.020489116	-0.020489116	-0.020489116	-0.006756757	-0.006756757	-0.006756757	-0.006756757	-0.006756757	-0.004065041	-0.004065041	-0.004065041	-0.004065041	-0.004065041	-0.004065041	-0.004065041	-0.004065041	-0.004065041	-0.004065041	-0.004065041	-0.004065041	-0.004065041	-0.000421348	-0.000421348	-0.000421348	-0.000421348	-0.000421348	-0.000555556	-0.000555556	-0.000555556	-0.000555556	-0.000555556	-0.000869565	-0.000869565	-0.000869565	-0.000869565	-0.000869565	-0.000847458	-0.000847458	-0.000847458	-0.000847458	-0.000847458	-0.000689655	-0.000689655	-0.000689655	-0.000689655	-0.000689655
279000	-0.003582353	-0.003582353	-0.003582353	-0.003582353	-0.003582353	-0.027723029	-0.027723029	-0.027723029	-0.027723029	-0.027723029	-0.020489116	-0.020489116	-0.020489116	-0.020489116	-0.020489116	-0.006756757	-0.006756757	-0.006756757	-0.006756757	-0.006756757	-0.004065041	-0.004065041	-0.004065041	-0.004065041	-0.004065041	-0.004065041	-0.004065041	-0.004065041	-0.004065041	-0.004065041	-0.004065041	-0.004065041	-0.004065041	-0.000421348	-0.000421348	-0.000421348	-0.000421348	-0.000421348	-0.000555556	-0.000555556	-0.000555556	-0.000555556	-0.000555556	-0.000869565	-0.000869565	-0.000869565	-0.000869565	-0.000869565	-0.000847458	-0.000847458	-0.000847458	-0.000847458	-0.000847458	-0.000689655	-0.000689655	-0.000689655	-0.000689655	-0.000689655
280116	-0.003582353	-0.003582353	-0.003582353	-0.003582353	-0.003582353	-0.027723029	-0.027723029	-0.027723029	-0.027723029	-0.027723029	-0.020489116	-0.020489116	-0.020489116	-0.020489116	-0.020489116	-0.006756757	-0.006756757	-0.006756757	-0.006756757	-0.006756757	-0.004065041	-0.004065041	-0.004065041	-0.004065041	-0.004065041	-0.004065041	-0.004065041	-0.004065041	-0.004065041	-0.004065041	-0.004065041	-0.004065041	-0.004065041	-0.000421348	-0.000421348	-0.000421348	-0.000421348	-0.000421348	-0.000555556	-0.000555556	-0.000555556	-0.000555556	-0.000555556	-0.000869565	-0.000869565	-0.000869565	-0.000869565	-0.000869565	-0.000847458	-0.000847458	-0.000847458	-0.000847458	-0.000847458	-0.000689655	-0.000689655	-0.000689655	-0.000689655	-0.000689655
281232	-0.003582353	-0.003582353	-0.003582353	-0.003582353	-0.003582353	-0.027723029	-0.027723029	-0.027723029	-0.027723029	-0.027723029	-0.020489116	-0.020489116	-0.020489116	-0.020489116	-0.020489116	-0.006756757	-0.006756757	-0.006756757	-0.006756757	-0.006756757	-0.004065041	-0.004065041	-0.004065041	-0.004065041	-0.004065041	-0.004065041	-0.004065041	-0.004065041	-0.004065041	-0.004065041	-0.004065041	-0.004065041	-0.004065041	-0.000421348	-0.000421348	-0.000421348	-0.000421348	-0.000421348	-0.000555556	-0.000555556	-0.000555556	-0.000555556	-0.000555556	-0.000869565	-0.000869565	-0.000869565	-0.000869565	-0.000869565	-0.000847458	-0.000847458	-0.000847458	-0.000847458	-0.000847458	-0.000689655	-0.000689655	-0.000689655	-0.000689655	-0.000689655
282348	-0.003582353	-0.003582353	-0.003582353	-0.003582353	-0.003582353	-0.027723029	-0.027723029	-0.027723029	-0.027723029	-0.027723029	-0.020489116	-0.020489116	-0.020489116	-0.020489116	-0.020489116	-0.006756757	-0.006756757	-0.006756757	-0.006756757	-0.006756757	-0.004065041	-0.004065041	-0.004065041	-0.004065041	-0.004065041	-0.004065041	-0.004065041	-0.004065041	-0.004065041	-0.004065041	-0.004065041	-0.004065041	-0.004065041	-0.000421348	-0.000421348	-0.000421348	-0.000421348	-0.000421348	-0.000555556	-0.000555556	-0.000555556	-0.000555556	-0.000555556	-0.000869565	-0.000869565	-0.000869565	-0.000869565	-0.000869565	-0.000847458	-0.000847458	-0.000847458	-0.000847458	-0.000847458	-0.000689655	-0.000689655	-0.000689655	-0.000689655	-0.000689655
283464	-0.003582353	-0.003582353	-0.003582353	-0.003582353	-0.003582353	-0.027723029	-0.027723029	-0.027723029	-0.027723029	-0.027723029	-0.020489116	-0.020489116	-0.020489116	-0.020489116	-0.020489116	-0.006756757	-0.006756757	-0.006756757	-0.006756757	-0.006756757	-0.004065041	-0.004065041	-0.004065041	-0.004065041	-0.004065041	-0.004065041	-0.004065041	-0.004065041	-0.004065041	-0.004065041	-0.004065041	-0.004065041	-0.004065041	-0.000421348	-0.000421348	-0.000421348	-0.000421348	-0.000421348	-0.000555556	-0.000555556	-0.000555556	-0.000555556	-0.000555556	-0.000869565	-0.000869565	-0.000869565	-0.000869565	-0.000869565	-0.000847458	-0.000847458	-0.000847458	-0.000847458	-0.000847458	-0.000689655	-0.000689655	-0.000689655	-0.000689655	-0.000689655
284580	-0.003582353	-0.003582353	-0.003582353	-0.003582353	-0.003582353	-0.027723029	-0.027723029	-0.027723029	-0.027723029	-0.027723029	-0.020489116	-0.020489116	-0.020489116	-0.020489116	-0.020489116	-0.006756757	-0.006756757	-0.006756757	-0.006756757	-0.006756757	-0.004065041	-0.004065041	-0.004065041	-0.004065041	-0.004065041	-0.004065041	-0.004065041	-0.004065041	-0.004065041	-0.004065041	-0.004065041	-0.004065041	-0.004065041	-0.000421348	-0.000421348	-0.000421348	-0.000421348	-0.000421348	-0.000555556	-0.000555556	-0.000555556	-0.000555556	-0.000555556	-0.000869565	-0.000869565	-0.000869565	-0.000869565	-0.000869565	-0.000847458	-0.000847458	-0.000847458	-0.000847458	-0.000847458	-0.000689655	-0.000689655	-0.000689655	-0.000689655	-0.000689655
285696	-0.003582353	-0.003582353	-0.003582353	-0.003582353	-0.003582353	-0.027723029	-0.027723029	-0.027723029	-0.027723029	-0.027723029	-0.020489116	-0.020489116	-0.020489116	-0.020489116	-0.020489116	-0.006756757	-0.006756757	-0.006756757	-0.006756757	-0.006756757	-0.004065041	-0.004065041	-0.004065041	-0.004065041	-0.004065041	-0.004065041	-0.004065041	-0.004065041	-0.004065041	-0.004065041	-0.004065041	-0.004065041	-0.004065041	-0.000421348	-0.000421348	-0.000421348	-0.000421348	-0.000421348	-0.000555556	-0.000555556	-0.000555556	-0.000555556	-0.000555556	-0.000869565	-0.000869565	-0.000869565	-0.000869565	-0.000869565	-0.000847458	-0.000847458	-0.000847458	-0.000847458	-0.000847458	-0.000689655	-0.000689655	-0.000689655	-0.000689655	-0.000689655
286812	-0.003582353	-0.003582353	-0.003582353	-0.003582353	-0.003582353	-0.027723029	-0.027723029	-0.027723029	-0.027723029	-0.027723029	-0.020489116	-0.020489116	-0.020489116	-0.020489116	-0.020489116	-0.006756757	-0.006756757	-0.006756757	-0.006756757	-0.006756757	-0.004065041	-0.004065041	-0.004065041	-0.004065041	-0.004065041	-0.004065041	-0.004065041	-0.004065041	-0.004065041	-0.004065041	-0.004065041	-0.004065041	-0.004065041	-0.000421348	-0.000421348	-0.000421348	-0.000421348	-0.000421348	-0.000555556	-0.000555556	-0.000555556	-0.000555556	-0.000555556	-0.000869565	-0.000869565	-0.000869565	-0.000869565	-0.000869565	-0.000847458	-0.000847458	-0.000847458	-0.000847458	-0.000847458	-0.000689655	-0.000689655	-0.000689655	-0.000689655	-0.000689655
287928	-0.003582353	-0.003582353	-0.003582353	-0.003582353	-0.003582353	-0.027723029	-0.027723029	-0.027723029	-0.027723029	-0.027723029	-0.020489116	-0.020489116	-0.020489116	-0.020489116	-0.020489116	-0.006756757	-0.006756757	-0.006756757	-0.006756757	-0.006756757	-0.004065041	-0.004065041	-0.004065041	-0.004065041	-0.004065041	-0.004065041	-0.004065041	-0.004065041	-0.004065041	-0.004065041	-0.004065041	-0.004065041	-0.004065041	-0.000421348	-0.000421348	-0.000421348	-0.000421348	-0.000421348	-0.000555556	-0.000555556	-0.000555556	-0.000555556	-0.000555556	-0.000869565	-0.000869565	-0.000869565	-0.000869565	-0.000869565	-0.000847458	-0.000847458	-0.000847458	-0.000847458	-0.000847458	-0.000689655	-0.000689655	-0.000689655	-0.000689655	-0.000689655
289044	-0.003582353	-0.003582353	-0.003582353	-0.003582353	-0.003582353	-0.027723029	-0.027723029	-0.027723029	-0.027723029	-0.027723029	-0.020489116	-0.020489116	-0.020489116	-0.020489116	-0.020489116	-0.006756757	-0.006756757	-0.006756757	-0.006756757	-0.006756757	-0.004065041	-0.004065041	-0.004065041	-0.004065041	-0.004065041	-0.004065041	-0.004065041	-0.004065041	-0.004065041	-0.004065041	-0.004065041	-0.004065041	-0.004065041	-0.000421348	-0.000421348	-0.000421348	-0.000421348	-0.000421348	-0.000555556	-0.000555556	-0.000555556	-0.000555556	-0.000555556	-0.000869565	-0.000869565	-0.000869565	-0.000869565	-0.000869565	-0.000847458	-0.000847458	-0.000847458	-0.000847458	-0.000847458	-0.000689655	-0.000689655	-0.000689655	-0.000689655	-0.000689655
290160	-0.003582353	-0.003582353	-0.003582353	-0.003582353	-0.003582353	-0.027723029	-0.027723029	-0.027723029	-0.027723029	-0.027723029	-0.020489116	-0.020489116	-0.020489116	-0.020489116	-0.020489116	-0.006756757	-0.006756757	-0.006756757	-0.006756757	-0.006756757	-0.004065041	-0.004065041	-0.004065041	-0.004065041	-0.004065041	-0.004065041	-0.004065041	-0.004065041	-0.004065041	-0.004065041	-0.004065041	-0.004065041	-0.004065041	-0.000421348	-0.000421348	-0.000421348	-0.000421348	-0.000421348	-0.000555556	-0.000555556	-0.000555556	-0.000555556	-0.000555556	-0.000869565	-0.000869565	-0.000869565	-0.000869565	-0.000869565	-0.000847458	-0.000847458	-0.000847458	-0.000847458	-0.000847458	-0.000689655	-0.000689655	-0.000689655	-0.000689655	-0.000689655
291276	-0.003582353	-0.003582353	-0.003582353	-0.003582353	-0.003582353	-0.027723029	-0.027723029	-0.027723029	-0.027723029	-0.027723029	-0.020489116	-0.020489116	-0.020489116	-0.020489116	-0.020489116	-0.006756757	-0.006756757	-0.006756757	-0.006756757	-0.006756757	-0.004065041	-0.004065041	-0.004065041	-0.004065041	-0.004065041	-0.004065041	-0.004065041	-0.004065041	-0.004065041	-0.004065041	-0.004065041	-0.004065041	-0.004065041	-0.000421348	-0.000421348	-0.000421348	-0.000421348	-0.000421348	-0.000555556	-0.000555556	-0.000555556	-0.000555556	-0.000555556	-0.000869565	-0.000869565	-0.000869565	-0.000869565	-0.000869565	-0.000847458	-0.000847458	-0.000847458	-0.000847458	-0.000847458	-0.000689655	-0.000689655	-0.000689655	-0.000689655	-0.000689655
292392	-0.003582353	-0.003582353	-0.003582353	-0.003582353	-0.003582353	-0.027723029	-0.027723029	-0.027723029	-0.027723029	-0.027723029	-0.020489116	-0.020489116	-0.020489116	-0.020489116	-0.020489116	-0.006756757	-0.006756757	-0.006756757	-0.006756757	-0.006756757	-0.004065041	-0.004065041	-0.004065041	-0.004065041	-0.004065041	-0.004065041	-0.004065041	-0.004065041	-0.004065041	-0.004065041	-0.004065041	-0.004065041	-0.004065041	-0.000421348	-0.000421348	-0.000421348	-0.000421348	-0.000421348	-0.000555556	-0.000555556	-0.000555556	-0.000555556	-0.000555556	-0.000869565	-0.000869565	-0.000869565	-0.000869565	-0.000869565	-0.000847458	-0.000847458	-0.000847458	-0.000847458	-0.000847458	-0.000689655	-0.000689655	-0.000689655	-0.000689655	-0.000689655
293508	-0.003582353	-0.003582353	-0.003582353	-0.003582353	-0.003582353	-0.027723029	-0.027723029	-0.027723029	-0.027723029	-0.027723029	-0.020489116	-0.020489116	-0.020489116	-0.020489116	-0.020489116	-0.006756757	-0.006756757	-0.006756757	-0.006756757	-0.006756757	-0.004065041	-0.004065041	-0.004065041	-0.004065041	-0.004065041	-0.004065041	-0.004065041	-0.004065041	-0.004065041	-0.004065041	-0.004065041	-0.004065041	-0.004065041	-0.000421348	-0.000421348	-0.000421348	-0.000421348	-0.000421348	-0.000555556	-0.000555556	-0.000555556	-0.000555556	-0.000555556	-0.000869565	-0.000869565	-0.000869565	-0.000869565	-0.000869565	-0.000847458	-0.000847458	-0.000847458	-0.000847458	-0.000847458	-0.000689655	-0.000689655	-0.000689655	-0.000689655	-0.000689655
294624	-0.003582353	-0.003582353	-0.003582353	-0.003582353	-0.003582353	-0.027723029	-0.027723029	-0.027723029	-0.027723029	-0.027723029	-0.020489116	-0.020489116	-0.020489116	-0.020489116	-0.020489116	-0.006756757	-0.006756757	-0.006756757	-0.006756757	-0.006756757	-0.004065041	-0.004065041	-0.004065041	-0.004065041	-0.004065041	-0.004065041	-0.004065041	-0.004065041	-0.004065041	-0.004065041	-0.004065041	-0.004065041	-0.004065041	-0.000421348	-0.000421348	-0.000421348	-0.000421348	-0.000421348	-0.000555556	-0.000555556	-0.000555556	-0.000555556	-0.000555556	-0.000869565	-0.000869565	-0.000869565	-0.000869565	-0.000869565	-0.000847458	-0.000847458	-0.000847458	-0.000847458	-0.000847458	-0.000689655	-0.000689655	-0.000689655	-0.000689655	-0.000689655
295740	-0.003582353	-0.003582353	-0.003582353	-0.003582353	-0.003582353	-0.027723029	-0.027723029	-0.027723029	-0.027723029	-0.027723029	-0.020489116	-0.020489116	-0.020489116	-0.020489116	-0.020489116	-0.006756757	-0.006756757	-0.006756757	-0.006756757	-0.006756757	-0.004065041	-0.004065041	-0.004065041	-0.004065041	-0.004065041	-0.004065041	-0.004065041	-0.004065041	-0.004065041	-0.004065041	-0.004065041	-0.004065041	-0.004065041	-0.000421348	-0.000421348	-0.000421348	-0.000421348	-0.000421348	-0.000555556	-0.000555556	-0.000555556	-0.000555556	-0.000555556	-0.000869565	-0.000869565	-0.000869565	-0.000869565	-0.000869565	-0.000847458	-0.000847458	-0.000847458	-0.000847458	-0.000847458	-0.000689655	-0.000689655	-0.000689655	-0.000689655	-0.000689655
296856	-0.003582353	-0.003582353	-0.003582353	-0.003582353	-0.003582353	-0.027723029	-0.027723029	-0.027723029	-0.027723029	-0.027723029	-0.020489116	-0.020489116	-0.020489116	-0.020489116	-0.020489116	-0.006756757	-0.006756757	-0.006756757	-0.006756757	-0.006756757	-0.004065041	-0.004065041	-0.004065041	-0.004065041	-0.004065041	-0.004065041	-0.004065041	-0.004065041	-0.004065041	-0.004065041	-0.004065041	-0.004065041	-0.004065041	-0.000421348	-0.000421348	-0.000421348	-0.000421348	-0.000421348	-0.000555556	-0.000555556	-0.000555556	-0.000555556	-0.000555556	-0.000869565	-0.000869565	-0.000869565	-0.000869565	-0.000869565	-0.000847458	-0.000847458	-0.000847458	-0.000847458	-0.000847458	-0.000689655	-0.000689655	-0.000689655	-0.000689655	-0.000689655
297972	-0.003582353	-0.003582353	-0.003582353	-0.003582353	-0.003582353	-0.027723029	-0.027723029	-0.027723029	-0.027723029	-0.027723029	-0.020489116	-0.020489116	-0.020489116	-0.020489116	-0.020489116	-0.006756757	-0.006756757	-0.006756757	-0.006756757	-0.006756757	-0.004065041	-0.004065041	-0.004065041	-0.004065041	-0.004065041	-0.004065041	-0.004065041	-0.004065041	-0.004065041	-0.004065041	-0.004065041	-0.004065041	-0.004065041	-0.000421348	-0.000421348	-0.000421348	-0.000421348	-0.000421348	-0.000555556	-0.000555556	-0.000555556	-0.000555556	-0.000555556	-0.000869565	-0.000869565	-0.000869565	-0.000869565	-0.000869565	-0.000847458	-0.000847458	-0.000847458	-0.000847458	-0.000847458	-0.000689655	-0.000689655	-0.000689655	-0.000689655	-0.000689655
299088	-0.003582353	-0.003582353	-0.003582353	-0.003582353	-0.003582353	-0.027723029	-0.027723029	-0.027723029	-0.027723029	-0.027723029	-0.020489116	-0.020489116	-0.020489116	-0.020489116	-0.020489116	-0.006756757	-0.006756757	-0.006756757	-0.006756757	-0.006756757	-0.004065041	-0.004065041	-0.004065041	-0.004065041	-0.004065041	-0.004065041	-0.004065041	-0.004065041	-0.004065041	-0.004065041	-0.004065041	-0.004065041	-0.004065041	-0.000421348	-0.000421348	-0.000421348	-0.000421348	-0.000421348	-0.000555556	-0.000555556	-0.000555556	-0.000555556	-0.000555556	-0.000869565	-0.000869565	-0.000869565	-0.000869565	-0.000869565	-0.000847458	-0.000847458	-0.000847458	-0.000847458	-0.000847458	-0.000689655	-0.000689655	-0.000689655	-0.000689655	-0.000689655
300204	-0.003582353	-0.003582353	-0.003582353	-0.003582353	-0.003582353	-0.027723029	-0.027723029	-0.027723029	-0.027723029	-0.027723029	-0.020489116	-0.020489116	-0.020489116	-0.020489116	-0.020489116	-0.006756757	-0.006756757	-0.006756757	-0.006756757	-0.006756757	-0.004065041	-0.004065041	-0.004065041	-0.004065041	-0.004065041	-0.004065041	-0.004065041	-0.004065041	-0.004065041	-0.004065041	-0.004065041	-0.004065041	-0.004065041	-0.000421348	-0.000421348	-0.000421348	-0.000421348	-0.000421348	-0.000555556	-0.000555556	-0.000555556	-0.000555556	-0.000555556	-0.000869565	-0.000869565	-0.000869565	-0.000869565	-0.000869565	-0.000847458	-0.000847458	-0.000847458	-0.000847458	-0.000847458	-0.000689655	-0.000689655	-0.000689655	-0.000689655	-0.000689655
301320	-0.003582353	-0.003582353	-0.003582353	-0.003582353	-0.003582353	-0.027723029	-0.027723029	-0.027723029	-0.027723029	-0.027723029	-0.020489116	-0.020489116	-0.020489116	-0.020489116	-0.020489116	-0.006756757	-0.006756757	-0.006756757	-0.006756757	-0.006756757	-0.004065041	-0.004065041	-0.004065041	-0.004065041	-0.004065041	-0.004065041	-0.004065041	-0.004065041	-0.004065041	-0.004065041	-0.004065041	-0.004065041	-0.004065041	-0.000421348	-0.000421348	-0.000421348	-0.000421348	-0.000421348	-0.000555556	-0.000555556	-0.000555556	-0.000555556	-0.000555556	-0.000869565	-0.000869565	-0.000869565	-0.000869565	-0.000869565	-0.000847458	-0.000847458	-0.000847458	-0.000847458	-0.000847458	-0.000689655	-0.000689655	-0.000689655	-0.000689655	-0.000689655
302436	-0.003582353	-0.003582353	-0.003582353	-0.003582353	-0.003582353	-0.027723029	-0.027723029	-0.027723029	-0.027723029	-0.027723029	-0.020489116	-0.020489116	-0.020489116	-0.020489116	-0.020489116	-0.006756757	-0.006756757	-0.006756757	-0.006756757	-0.006756757	-0.004065041	-0.004065041	-0.004065041	-0.004065041	-0.004065041	-0.004065041	-0.004065041	-0.004065041	-0.004065041	-0.004065041	-0.004065041	-0.004065041	-0.004065041	-0.000421348	-0.000421348	-0.000421348	-0.000421348	-0.000421348	-0.000555556	-0.000555556	-0.000555556	-0.000555556	-0.000555556	-0.000869565	-0.000869565	-0.000869565	-0.000869565	-0.000869565	-0.000847458	-0.000847458	-0.000847458	-0.000847458	-0.000847458	-0.000689655	-0.000689655	-0.000689655	-0.000689655	-0.000689655
303552	-0.003582353	-0.003582353	-0.003582353	-0.003582353	-0.003582353	-0.027723029	-0.027723029	-0.027723029	-0.027723029	-0.027723029	-0.020489116	-0.020489116	-0.020489116	-0.020489116	-0.020489116	-0.006756757	-0.006756757	-0.006756757	-0.006756757	-0.006756757	-0.004065041	-0.004065041	-0.004065041	-0.004065041	-0.004065041	-0.004065041	-0.004065041	-0.004065041	-0.004065041	-0.004065041	-0.004065041	-0.004065041	-0.004065041	-0.000421348	-0.000421348	-0.000421348	-0.000421348	-0.000421348	-0.000555556	-0.000555556	-0.000555556	-0.000555556	-0.000555556	-0.000869565	-0.000869565	-0.000869565	-0.000869565	-0.000869565	-0.000847458	-0.000847458	-0.000847458	-0.000847458	-0.000847458	-0.000689655	-0.000689655	-0.000689655	-0.000689655	-0.000689655
304668	-0.003582353	-0.003582353	-0.003582353	-0.003582353	-0.003582353	-0.027723029	-0.027723029	-0.027723029	-0.027723029	-0.027723029	-0.020489116	-0.020489116	-0.020489116	-0.020489116	-0.020489116	-0.006756757	-0.006756757	-0.006756757	-0.006756757	-0.006756757	-0.004065041	-0.004065041	-0.004065041	-0.004065041	-0.004065041	-0.004065041	-0.004065041	-0.004065041	-0.004065041	-0.004065041	-0.004065041	-0.004065041	-0.004065041	-0.000421348	-0.000421348	-0.000421348	-0.000421348	-0.000421348	-0.000555556	-0.000555556	-0.000555556	-0.000555556	-0.000555556	-0.000869565	-0.000869565	-0.000869565	-0.000869565	-0.000869565	-0.000847458	-0.000847458	-0.000847458	-0.000847458	-0.000847458	-0.000689655	-0.000689655	-0.000689655	-0.000689655	-0.000689655
305784	-0.003582353	-0.003582353	-0.003582353	-0.003582353	-0.003582353	-0.027723029	-0.027723029	-0.027723029	-0.027723029	-0.027723029	-0.020489116	-0.020489116	-0.020489116	-0.020489116	-0.020489116	-0.006756757	-0.006756757	-0.006756757	-0.006756757	-0.006756757	-0.004065041	-0.004065041	-0.004065041	-0.004065041	-0.004065041	-0.004065041	-0.004065041	-0.004065041	-0.004065041	-0.004065041	-0.004065041	-0.004065041	-0.004065041	-0.000421348	-0.000421348	-0.000421348	-0.000421348	-0.000421348	-0.000555556	-0.000555556	-0.000555556	-0.000555556	-0.000555556	-0.000869565	-0.000869565	-0.000869565	-0.000869565	-0.000869565	-0.000847458	-0.000847458	-0.000847458	-0.000847458	-0.000847458	-0.000689655	-0.000689655	-0.000689655	-0.000689655	-0.000689655
306900	-0.003582353	-0.003582353	-0.003582353	-0.003582353	-0.003582353	-0.027723029	-0.027723029	-0.027723029	-0.027723029	-0.027723029	-0.020489116	-0.020489116	-0.020489116	-0.020489116	-0.020489116	-0.006756757	-0.006756757	-0.006756757	-0.006756757	-0.006756757	-0.004065041	-0.004065041	-0.004065041	-0.004065041	-0.004065041	-0.004065041	-0.004065041	-0.004065041	-0.004065041	-0.004065041	-0.004065041	-0.004065041	-0.004065041	-0.000421348	-0.000421348	-0.000421348	-0.000421348	-0.000421348	-0.000555556	-0.000555556	-0.000555556	-0.000555556	-0.000555556	-0.000869565	-0.000869565	-0.000869565	-0.000869565	-0.000869565	-0.000847458	-0.000847458	-0.000847458	-0.000847458	-0.000847458	-0.000689655	-0.000689655	-0.000689655	-0.000689655	-0.000689655
308016	-0.003582353	-0.003582353	-0.003582353	-0.003582353	-0.003582353	-0.027723029	-0.027723029	-0.027723029	-0.027723029	-0.027723029	-0.020489116	-0.020489116	-0.020489116	-0.020489116	-0.020489116	-0.006756757	-0.006756757	-0.006756757	-0.006756757	-0.006756757	-0.004065041	-0.004065041	-0.004065041	-0.004065041	-0.004065041	-0.004065041	-0.004065041	-0.004065041	-0.004065041	-0.004065041	-0.004065041	-0.004065041	-0.004065041	-0.000421348	-0.000421348	-0.000421348	-0.000421348	-0.000421348	-0.000555556	-0.000555556	-0.000555556	-0.000555556	-0.000555556	-0.000869565	-0.000869565	-0.000869565	-0.000869565	-0.000869565	-0.000847458	-0.000847458	-0.000847458	-0.000847458	-0.000847458	-0.000689655	-0.000689655	-0.000689655	-0.000689655	-0.000689655
309132	-0.003582353	-0.003582353	-0.003582353	-0.003582353	-0.003582353	-0.027723029	-0.027723029	-0.027723029	-0.027723029	-0.027723029	-0.020489116	-0.020489116	-0.020489116	-0.020489116	-0.020489116	-0.006756757	-0.006756757	-0.006756757	-0.006756757	-0.006756757	-0.004065041	-0.004065041	-0.004065041	-0.004065041	-0.004065041	-0.004065041	-0.004065041	-0.004065041	-0.004065041	-0.004065041	-0.004065041	-0.004065041	-0.004065041	-0.000421348	-0.000421348	-0.000421348	-0.000421348	-0.000421348	-0.000555556	-0.000555556	-0.000555556	-0.000555556	-0.000555556	-0.000869565	-0.000869565	-0.000869565	-0.000869565	-0.000869565	-0.000847458	-0.000847458	-0.000847458	-0.000847458	-0.000847458	-0.000689655	-0.000689655	-0.000689655	-0.000689655	-0.000689655
310248	-0.003582353	-0.003582353	-0.003582353	-0.003582353	-0.003582353	-0.027723029	-0.027723029	-0.027723029	-0.027723029	-0.027723029	-0.020489116	-0.020489116	-0.020489116	-0.020489116	-0.020489116	-0.006756757	-0.006756757	-0.006756757	-0.006756757	-0.006756757	-0.004065041	-0.004065041	-0.004065041	-0.004065041	-0.004065041	-0.004065041	-0.004065041	-0.004065041	-0.004065041	-0.004065041	-0.004065041	-0.004065041	-0.004065041	-0.000421348	-0.000421348	-0.000421348	-0.000421348	-0.000421348	-0.000555556	-0.000555556	-0.000555556	-0.000555556	-0.000555556	-0.000869565	-0.000869565	-0.000869565	-0.000869565	-0.000869565	-0.000847458	-0.000847458	-0.000847458	-0.000847458	-0.000847458	-0.000689655	-0.000689655	-0.000689655	-0.000689655	-0.000689655
311364	-0.003582353	-0.003582353	-0.003582353	-0.003582353	-0.003582353	-0.027723029	-0.027723029	-0.027723029	-0.027723029	-0.027723029	-0.020489116	-0.020489116	-0.020489116	-0.020489116	-0.020489116	-0.006756757	-0.006756757	-0.006756757	-0.006756757	-0.006756757	-0.004065041	-0.004065041	-0.004065041	-0.004065041	-0.004065041	-0.004065041	-0.004065041	-0.004065041	-0.004065041	-0.004065041	-0.004065041	-0.004065041	-0.004065041	-0.000421348	-0.000421348	-0.000421348	-0.000421348	-0.000421348	-0.000555556	-0.000555556	-0.000555556	-0.000555556	-0.000555556	-0.000869565	-0.000869565	-0.000869565	-0.000869565	-0.000869565	-0.000847458	-0.000847458	-0.000847458	-0.000847458	-0.000847458	-0.000689655	-0.000689655	-0.000689655	-0.000689655	-0.000689655
312480	-0.003582353	-0.003582353	-0.003582353	-0.003582353	-0.003582353	-0.027723029	-0.027723029	-0.027723029	-0.027723029	-0.027723029	-0.020489116	-0.020489116	-0.020489116	-0.020489116	-0.020489116	-0.006756757	-0.006756757	-0.006756757	-0.006756757	-0.006756757	-0.004065041	-0.004065041	-0.004065041	-0.004065041	-0.004065041	-0.004065041	-0.004065041	-0.004065041	-0.004065041	-0.004065041	-0.004065041	-0.004065041	-0.004065041	-0.000421348	-0.000421348	-0.000421348	-0.000421348	-0.000421348	-0.000555556	-0.000555556	-0.000555556	-0.000555556	-0.000555556	-0.000869565	-0.000869565	-0.000869565	-0.000869565	-0.000869565	-0.000847458	-0.000847458	-0.000847458	-0.000847458	-0.000847458	-0.000689655	-0.000689655	-0.000689655	-0.000689655	-0.000689655
313596	-0.003582353	-0.003582353	-0.003582353	-0.003582353	-0.003582353	-0.027723029	-0.027723029	-0.027723029	-0.027723029	-0.027723029	-0.020489116	-0.020489116	-0.020489116	-0.020489116	-0.020489116	-0.006756757	-0.006756757	-0.006756757	-0.006756757	-0.006756757	-0.004065041	-0.004065041	-0.004065041	-0.004065041	-0.004065041	-0.004065041	-0.004065041	-0.004065041	-0.004065041	-0.004065041	-0.004065041	-0.004065041	-0.004065041	-0.000421348	-0.000421348	-0.000421348	-0.000421348	-0.000421348	-0.000555556	-0.000555556	-0.000555556	-0.000555556	-0.000555556	-0.000869565	-0.000869565	-0.000869565	-0.000869565	-0.000869565	-0.000847458	-0.000847458	-0.000847458	-0.000847458	-0.000847458	-0.000689655	-0.000689655	-0.000689655	-0.000689655	-0.000689655
314712	-0.003582353	-0.003582353	-0.003582353	-0.003582353	-0.003582353	-0.027723029	-0.027723029	-0.027723029	-0.027723029	-0.027723029	-0.020489116	-0.020489116	-0.020489116	-0.020489116	-0.020489116	-0.006756757	-0.006756757	-0.006756757	-0.006756757	-0.006756757	-0.004065041	-0.004065041	-0.004065041	-0.004065041	-0.004065041	-0.004065041	-0.004065041	-0.004065041	-0.004065041	-0.004065041	-0.004065041	-0.004065041	-0.004065041	-0.000421348	-0.000421348	-0.000421348	-0.000421348	-0.000421348	-0.000555556	-0.000555556	-0.000555556	-0.000555556	-0.000555556	-0.000869565	-0.000869565	-0.000869565	-0.000869565	-0.000869565	-0.000847458	-0.000847458	-0.000847458	-0.000847458	-0.000847458	-0.000689655	-0.000689655	-0.000689655	-0.000689655	-0.000689655
315828	-0.003582353	-0.003582353	-0.003582353	-0.003582353	-0.003582353	-0.027723029	-0.027723029	-0.027723029	-0.027723029	-0.027723029	-0.020489116	-0.020489116	-0.020489116	-0.020489116	-0.020489116	-0.006756757	-0.006756757	-0.006756757	-0.006756757	-0.006756757	-0.004065041	-0.004065041	-0.004065041	-0.004065041	-0.004065041	-0.004065041	-0.004065041	-0.004065041	-0.004065041	-0.004065041	-0.004065041	-0.004065041	-0.004065041	-0.000421348	-0.000421348	-0.000421348	-0.000421348	-0.000421348	-0.000555556	-0.000555556	-0.000555556	-0.000555556	-0.000555556	-0.000869565	-0.000869565	-0.000869565	-0.000869565	-0.000869565	-0.000847458	-0.000847458	-0.000847458	-0.000847458	-0.000847458	-0.000689655	-0.000689655	-0.000689655	-0.000689655	-0.000689655
316944	-0.003582353	-0.003582353	-0.003582353	-0.003582353	-0.003582353	-0.027723029	-0.027723029	-0.027723029	-0.027723029	-0.027723029	-0.020489116	-0.020489116	-0.020489116	-0.020489116	-0.020489116	-0.006756757	-0.006756757	-0.006756757	-0.006756757	-0.006756757	-0.004065041	-0.004065041	-0.004065041	-0.004065041	-0.004065041	-0.004065041	-0.004065041	-0.004065041	-0.004065041	-0.004065041	-0.004065041	-0.004065041	-0.004065041	-0.000421348	-0.000421348	-0.000421348	-0.000421348	-0.000421348	-0.000555556	-0.000555556	-0.000555556	-0.000555556	-0.000555556	-0.000869565	-0.000869565	-0.000869565	-0.000869565	-0.000869565	-0.000847458	-0.000847458	-0.000847458	-0.000847458	-0.000847458	-0.000689655	-0.000689655	-0.000689655	-0.000689655	-0.000689655
318060	-0.003582353	-0.003582353	-0.003582353	-0.003582353	-0.003582353	-0.027723029	-0.027723029	-0.027723029	-0.027723029	-0.027723029	-0.020489116	-0.020489116	-0.020489116	-0.020489116	-0.020489116	-0.006756757	-0.006756757	-0.006756757	-0.006756757	-0.006756757	-0.004065041	-0.004065041	-0.004065041	-0.004065041	-0.004065041	-0.004065041	-0.004065041	-0.004065041	-0.004065041	-0.004065041	-0.004065041	-0.004065041	-0.004065041	-0.000421348	-0.000421348	-0.000421348	-0.000421348	-0.000421348	-0.000555556	-0.000555556	-0.000555556	-0.000555556	-0.000555556	-0.000869565	-0.000869565	-0.000869565	-0.000869565	-0.000869565	-0.000847458	-0.000847458	-0.000847458	-0.000847458	-0.000847458	-0.000689655	-0.000689655	-0.000689655	-0.000689655	-0.000689655
319176	-0.003582353	-0.003582353	-0.003582353	-0.003582353	-0.003582353	-0.027723029	-0.027723029	-0.027723029	-0.027723029	-0.027723029	-0.020489116	-0.020489116	-0.020489116	-0.020489116	-0.020489116	-0.006756757	-0.006756757	-0.006756757	-0.006756757	-0.006756757	-0.004065041	-0.004065041	-0.004065041	-0.004065041	-0.004065041	-0.004065041	-0.004065041	-0.004065041	-0.004065041	-0.004065041	-0.004065041	-0.004065041	-0.004065041	-0.000421348	-0.000421348	-0.000421348	-0.000421348	-0.000421348	-0.000555556	-0.000555556	-0.000555556	-0.000555556	-0.000555556	-0.000869565	-0.000869565	-0.000869565	-0.000869565	-0.000869565	-0.000847458	-0.000847458	-0.000847458	-0.000847458	-0.000847458	-0.000689655	-0.000689655	-0.000689655	-0.000689655	-0.000689655
320292	-0.003582353	-0.003582353	-0.003582353	-0.003582353	-0.003582353	-0.027723029	-0.027723029	-0.027723029	-0.027723029	-0.027723029	-0.020489116	-0.020489116	-0.020489116	-0.020489116	-0.020489116	-0.006756757	-0.006756757	-0.006756757	-0.006756757	-0.006756757	-0.004065041	-0.004065041	-0.004065041	-0.004065041	-0.004065041	-0.004065041	-0.004065041	-0.004065041	-0.004065041	-0.004065041	-0.004065041	-0.004065041	-0.004065041	-0.000421348	-0.000421348	-0.000421348	-0.000421348	-0.000421348	-0.000555556	-0.000555556	-0.000555556	-0.000555556	-0.000555556	-0.000869565	-0.000869565	-0.000869565	-0.000869565	-0.000869565	-0.000847458	-0.000847458	-0.000847458	-0.000847458	-0.000847458	-0.000689655	-0.000689655	-0.000689655	-0.000689655	-0.000689655
321408	-0.003582353	-0.003582353	-0.003582353	-0.003582353	-0.003582353	-0.027723029	-0.027723029	-0.027723029	-0.027723029	-0.027723029	-0.020489116	-0.020489116	-0.020489116	-0.020489116	-0.020489116	-0.006756757	-0.006756757	-0.006756757	-0.006756757	-0.006756757	-0.004065041	-0.004065041	-0.004065041	-0.004065041	-0.004065041	-0.004065041	-0.004065041	-0.004065041	-0.004065041	-0.004065041	-0.004065041	-0.004065041	-0.004065041	-0.000421348	-0.000421348	-0.000421348	-0.000421348	-0.000421348	-0.000555556	-0.000555556	-0.000555556	-0.000555556	-0.000555556	-0.000869565	-0.000869565	-0.000869565	-0.000869565	-0.000869565	-0.000847458	-0.000847458	-0.000847458	-0.000847458	-0.000847458	-0.000689655	-0.000689655	-0.000689655	-0.000689655	-0.000689655
322524	-0.003582353	-0.003582353	-0.003582353	-0.003582353	-0.003582353	-0.027723029	-0.027723029	-0.027723029	-0.027723029	-0.027723029	-0.020489116	-0.020489116	-0.020489116	-0.020489116	-0.020489116	-0.006756757	-0.006756757	-0.006756757	-0.006756757	-0.006756757	-0.004065041	-0.004065041	-0.004065041	-0.004065041	-0.004065041	-0.004065041	-0.004065041	-0.004065041	-0.004065041	-0.004065041	-0.004065041	-0.004065041	-0.004065041	-0.000421348	-0.000421348	-0.000421348	-0.000421348	-0.000421348	-0.000555556	-0.000555556	-0.000555556	-0.000555556	-0.000555556	-0.000869565	-0.000869565	-0.000869565	-0.000869565	-0.000869565	-0.000847458	-0.000847458	-0.000847458	-0.000847458	-0.000847458	-0.000689655	-0.000689655	-0.000689655	-0.000689655	-0.000689655
323640	-0.003582353	-0.003582353	-0.003582353	-0.003582353	-0.003582353	-0.027723029	-0.027723029	-0.027723029	-0.027723029	-0.027723029	-0.020489116	-0.020489116	-0.020489116	-0.020489116	-0.020489116	-0.006756757	-0.006756757	-0.006756757	-0.006756757	-0.006756757	-0.004065041	-0.004065041	-0.004065041	-0.004065041	-0.004065041	-0.004065041	-0.004065041	-0.004065041	-0.004065041	-0.004065041	-0.004065041	-0.004065041	-0.004065041	-0.000421348	-0.000421348	-0.000421348	-0.000421348	-0.000421348	-0.000555556	-0.000555556	-0.000555556	-0.000555556	-0.000555556	-0.000869565	-0.000869565	-0.000869565	-0.000869565	-0.000869565	-0.000847458	-0.000847458	-0.000847458	-0.000847458	-0.000847458	-0.000689655	-0.000689655	-0.000689655	-0.000689655	-0.000689655
324756	-0.003582353	-0.003582353	-0.003582353	-0.003582353	-0.003582353	-0.027723029	-0.027723029	-0.027723029	-0.027723029	-0.027723029	-0.020489116	-0.020489116	-0.020489116	-0.020489116	-0.020489116	-0.006756757	-0.006756757	-0.006756757	-0.006756757	-0.006756757	-0.004065041	-0.004065041	-0.004065041	-0.004065041	-0.004065041	-0.004065041	-0.004065041	-0.004065041	-0.004065041	-0.004065041	-0.004065041	-0.004065041	-0.004065041	-0.000421348	-0.000421348	-0.000421348	-0.000421348	-0.000421348	-0.000555556	-0.000555556	-0.000555556	-0.000555556	-0.000555556	-0.000869565	-0.000869565	-0.000869565	-0.000869565	-0.000869565	-0.000847458	-0.000847458	-0.000847458	-0.000847458	-0.000847458	-0.000689655	-0.000689655	-0.000689655	-0.000689655	-0.000689655
325872	-0.003582353	-0.003582353	-0.003582353	-0.003582353	-0.003582353	-0.027723029	-0.027723029	-0.027723029	-0.027723029	-0.027723029	-0.020489116	-0.020489116	-0.020489116	-0.020489116	-0.020489116	-0.006756757	-0.006756757	-0.006756757	-0.006756757	-0.006756757	-0.004065041	-0.004065041	-0.004065041	-0.004065041	-0.004065041	-0.004065041	-0.004065041	-0.004065041	-0.004065041	-0.004065041	-0.004065041	-0.004065041	-0.004065041	-0.000421348	-0.000421348	-0.000421348	-0.000421348	-0.000421348	-0.000555556	-0.000555556	-0.000555556	-0.000555556	-0.000555556	-0.000869565	-0.000869565	-0.000869565	-0.000869565	-0.000869565	-0.000847458	-0.000847458	-0.000847458	-0.000847458	-0.000847458	-0.000689655	-0.000689655	-0.000689655	-0.000689655	-0.000689655
326988	-0.003582353	-0.003582353	-0.003582353	-0.003582353	-0.003582353	-0.027723029	-0.027723029	-0.027723029	-0.027723029	-0.027723029	-0.020489116	-0.020489116	-0.020489116	-0.020489116	-0.020489116	-0.006756757	-0.006756757	-0.006756757	-0.006756757	-0.006756757	-0.004065041	-0.004065041	-0.004065041	-0.004065041	-0.004065041	-0.004065041	-0.004065041	-0.004065041	-0.004065041	-0.004065041	-0.004065041	-0.004065041	-0.004065041	-0.000421348	-0.000421348	-0.000421348	-0.000421348	-0.000421348	-0.000555556	-0.000555556	-0.000555556	-0.000555556	-0.000555556	-0.000869565	-0.000869565	-0.000869565	-0.000869565	-0.000869565	-0.000847458	-0.000847458	-0.000847458	-0.000847458	-0.000847458	-0.000689655	-0.000689655	-0.000689655	-0.000689655	-0.000689655
328104	-0.003582353	-0.003582353	-0.003582353	-0.003582353	-0.003582353	-0.027723029	-0.027723029	-0.027723029	-0.027723029	-0.027723029	-0.020489116	-0.020489116	-0.020489116	-0.020489116	-0.020489116	-0.006756757	-0.006756757	-0.006756757	-0.006756757	-0.006756757	-0.004065041	-0.004065041	-0.004065041	-0.004065041	-0.004065041	-0.004065041	-0.004065041	-0.004065041	-0.004065041	-0.004065041	-0.004065041	-0.004065041	-0.004065041	-0.000421348	-0.000421348	-0.000421348	-0.000421348	-0.000421348	-0.000555556	-0.000555556	-0.000555556	-0.000555556	-0.000555556	-0.000869565	-0.000869565	-0.000869565	-0.000869565	-0.000869565	-0.000847458	-0.000847458	-0.000847458	-0.000847458	-0.000847458	-0.000689655	-0.000689655	-0.000689655	-0.000689655	-0.000689655
329220	-0.003582353	-0.003582353	-0.003582353	-0.003582353	-0.003582353	-0.027723029	-0.027723029	-0.027723029	-0.027723029	-0.027723029	-0.020489116	-0.020489116	-0.020489116	-0.020489116	-0.020489116	-0.006756757	-0.006756757	-0.006756757	-0.006756757	-0.006756757	-0.004065041	-0.004065041	-0.004065041	-0.004065041	-0.004065041	-0.004065041	-0.004065041	-0.004065041	-0.004065041	-0.004065041	-0.004065041	-0.004065041	-0.004065041	-0.000421348	-0.000421348	-0.000421348	-0.000421348	-0.000421348	-0.000555556	-0.000555556	-0.000555556	-0.000555556	-0.000555556	-0.000869565	-0.000869565	-0.000869565	-0.000869565	-0.000869565	-0.000847458	-0.000847458	-0.000847458	-0.000847458	-0.000847458	-0.000689655	-0.000689655	-0.000689655	-0.000689655	-0.000689655
330336	-0.003582353	-0.003582353	-0.003582353	-0.003582353	-0.003582353	-0.027723029	-0.027723029	-0.027723029	-0.027723029	-0.027723029	-0.020489116	-0.020489116	-0.020489116	-0.020489116	-0.020489116	-0.006756757	-0.006756757	-0.006756757	-0.006756757	-0.006756757	-0.004065041	-0.004065041	-0.004065041	-0.004065041	-0.004065041	-0.004065041	-0.004065041	-0.004065041	-0.004065041	-0.004065041	-0.004065041	-0.004065041	-0.004065041	-0.000421348	-0.000421348	-0.000421348	-0.000421348	-0.000421348	-0.000555556	-0.000555556	-0.000555556	-0.000555556	-0.000555556	-0.000869565	-0.000869565	-0.000869565	-0.000869565	-0.000869565	-0.000847458	-0.000847458	-0.000847458	-0.000847458	-0.000847458	-0.000689655	-0.000689655	-0.000689655	-0.000689655	-0.000689655
331452	-0.003582353	-0.003582353	-0.003582353	-0.003582353	-0.003582353	-0.027723029	-0.027723029	-0.027723029	-0.027723029	-0.027723029	-0.020489116	-0.020489116	-0.020489116	-0.020489116	-0.020489116	-0.006756757	-0.006756757	-0.006756757	-0.006756757	-0.006756757	-0.004065041	-0.004065041	-0.004065041	-0.004065041	-0.004065041	-0.004065041	-0.004065041	-0.004065041	-0.004065041	-0.004065041	-0.004065041	-0.004065041	-0.004065041	-0.000421348	-0.000421348	-0.000421348	-0.000421348	-0.000421348	-0.000555556	-0.000555556	-0.000555556	-0.000555556	-0.000555556	-0.000869565	-0.000869565	-0.000869565	-0.000869565	-0.000869565	-0.000847458	-0.000847458	-0.000847458	-0.000847458	-0.000847458	-0.000689655	-0.000689655	-0.000689655	-0.000689655	-0.000689655
332568	-0.003582353	-0.003582353	-0.003582353	-0.003582353	-0.003582353	-0.027723029	-0.027723029	-0.027723029	-0.027723029	-0.027723029	-0.020489116	-0.020489116	-0.020489116	-0.020489116	-0.020489116	-0.006756757	-0.006756757	-0.006756757	-0.006756757	-0.006756757	-0.004065041	-0.004065041	-0.004065041	-0.004065041	-0.004065041	-0.004065041	-0.004065041	-0.004065041	-0.004065041	-0.004065041	-0.004065041	-0.004065041	-0.004065041	-0.000421348	-0.000421348	-0.000421348	-0.000421348	-0.000421348	-0.000555556	-0.000555556	-0.000555556	-0.000555556	-0.000555556	-0.000869565	-0.000869565	-0.000869565	-0.000869565	-0.000869565	-0.000847458	-0.000847458	-0.000847458	-0.000847458	-0.000847458	-0.000689655	-0.000689655	-0.000689655	-0.000689655	-0.000689655
333684	-0.003582353	-0.003582353	-0.003582353	-0.003582353	-0.003582353	-0.027723029	-0.027723029	-0.027723029	-0.027723029	-0.027723029	-0.020489116	-0.020489116	-0.020489116	-0.020489116	-0.020489116	-0.006756757	-0.006756757	-0.006756757	-0.006756757	-0.006756757	-0.004065041	-0.004065041	-0.004065041	-0.004065041	-0.004065041	-0.004065041	-0.004065041	-0.004065041	-0.004065041	-0.004065041	-0.004065041	-0.004065041	-0.004065041	-0.000421348	-0.000421348	-0.000421348	-0.000421348	-0.000421348	-0.000555556	-0.000555556	-0.000555556	-0.000555556	-0.000555556	-0.000869565	-0.000869565	-0.000869565	-0.000869565	-0.000869565	-0.000847458	-0.000847458	-0.000847458	-0.000847458	-0.000847458	-0.000689655	-0.000689655	-0.000689655	-0.000689655	-0.000689655
334800	-0.003582353	-0.003582353	-0.003582353	-0.003582353	-0.003582353	-0.027723029	-0.027723029	-0.027723029	-0.027723029	-0.027723029	-0.020489116	-0.020489116	-0.020489116	-0.020489116	-0.020489116	-0.006756757	-0.006756757	-0.006756757	-0.006756757	-0.006756757	-0.004065041	-0.004065041	-0.004065041	-0.004065041	-0.004065041	-0.004065041	-0.004065041	-0.004065041	-0.004065041	-0.004065041	-0.004065041	-0.004065041	-0.004065041	-0.000421348	-0.000421348	-0.000421348	-0.000421348	-0.000421348	-0.000555556	-0.000555556	-0.000555556	-0.000555556	-0.000555556	-0.000869565	-0.000869565	-0.000869565	-0.000869565	-0.000869565	-0.000847458	-0.000847458	-0.000847458	-0.000847458	-0.000847458	-0.000689655	-0.000689655	-0.000689655	-0.000689655	-0.000689655
335916	-0.003582353	-0.003582353	-0.003582353	-0.003582353	-0.003582353	-0.027723029	-0.027723029	-0.027723029	-0.027723029	-0.027723029	-0.020489116	-0.020489116	-0.020489116	-0.020489116	-0.020489116	-0.006756757	-0.006756757	-0.006756757	-0.006756757	-0.006756757	-0.004065041	-0.004065041	-0.004065041	-0.004065041	-0.004065041	-0.004065041	-0.004065041	-0.004065041	-0.004065041	-0.004065041	-0.004065041	-0.004065041	-0.004065041	-0.000421348	-0.000421348	-0.000421348	-0.000421348	-0.000421348	-0.000555556	-0.000555556	-0.000555556	-0.000555556	-0.000555556	-0.000869565	-0.000869565	-0.000869565	-0.000869565	-0.000869565	-0.000847458	-0.000847458	-0.000847458	-0.000847458	-0.000847458	-0.000689655	-0.000689655	-0.000689655	-0.000689655	-0.000689655
337032	-0.003582353	-0.003582353	-0.003582353	-0.003582353	-0.003582353	-0.027723029	-0.027723029	-0.027723029	-0.027723029	-0.027723029	-0.020489116	-0.020489116	-0.020489116	-0.020489116	-0.020489116	-0.006756757	-0.006756757	-0.006756757	-0.006756757	-0.006756757	-0.004065041	-0.004065041	-0.004065041	-0.004065041	-0.004065041	-0.004065041	-0.004065041	-0.004065041	-0.004065041	-0.004065041	-0.004065041	-0.004065041	-0.004065041	-0.000421348	-0.000421348	-0.000421348	-0.000421348	-0.000421348	-0.000555556	-0.000555556	-0.000555556	-0.000555556	-0.000555556	-0.000869565	-0.000869565	-0.000869565	-0.000869565	-0.000869565	-0.000847458	-0.000847458	-0.000847458	-0.000847458	-0.000847458	-0.000689655	-0.000689655	-0.000689655	-0.000689655	-0.000689655
338148	-0.003582353	-0.003582353	-0.003582353	-0.003582353	-0.003582353	-0.027723029	-0.027723029	-0.027723029	-0.027723029	-0.027723029	-0.020489116	-0.020489116	-0.020489116	-0.020489116	-0.020489116	-0.006756757	-0.006756757	-0.006756757	-0.006756757	-0.006756757	-0.004065041	-0.004065041	-0.004065041	-0.004065041	-0.004065041	-0.004065041	-0.004065041	-0.004065041	-0.004065041	-0.004065041	-0.004065041	-0.004065041	-0.004065041	-0.000421348	-0.000421348	-0.000421348	-0.000421348	-0.000421348	-0.000555556	-0.000555556	-0.000555556	-0.000555556	-0.000555556	-0.000869565	-0.000869565	-0.000869565	-0.000869565	-0.000869565	-0.000847458	-0.000847458	-0.000847458	-0.000847458	-0.000847458	-0.000689655	-0.000689655	-0.000689655	-0.000689655	-0.000689655
339264	-0.003582353	-0.003582353	-0.003582353	-0.003582353	-0.003582353	-0.027723029	-0.027723029	-0.027723029	-0.027723029	-0.027723029	-0.020489116	-0.020489116	-0.020489116	-0.020489116	-0.020489116	-0.006756757	-0.006756757	-0.006756757	-0.006756757	-0.006756757	-0.004065041	-0.004065041	-0.004065041	-0.004065041	-0.004065041	-0.004065041	-0.004065041	-0.004065041	-0.004065041	-0.004065041	-0.004065041	-0.004065041	-0.004065041	-0.000421348	-0.000421348	-0.000421348	-0.000421348	-0.000421348	-0.000555556	-0.000555556	-0.000555556	-0.000555556	-0.000555556	-0.000869565	-0.000869565	-0.000869565	-0.000869565	-0.000869565	-0.000847458	-0.000847458	-0.000847458	-0.000847458	-0.000847458	-0.000689655	-0.000689655	-0.000689655	-0.000689655	-0.000689655
340380	-0.003582353	-0.003582353	-0.003582353	-0.003582353	-0.003582353	-0.027723029	-0.027723029	-0.027723029	-0.027723029	-0.027723029	-0.020489116	-0.020489116	-0.020489116	-0.020489116	-0.020489116	-0.006756757	-0.006756757	-0.006756757	-0.006756757	-0.006756757	-0.004065041	-0.004065041	-0.004065041	-0.004065041	-0.004065041	-0.004065041	-0.004065041	-0.004065041	-0.004065041	-0.004065041	-0.004065041	-0.004065041	-0.004065041	-0.000421348	-0.000421348	-0.000421348	-0.000421348	-0.000421348	-0.000555556	-0.000555556	-0.000555556	-0.000555556	-0.000555556	-0.000869565	-0.000869565	-0.000869565	-0.000869565	-0.000869565	-0.000847458	-0.000847458	-0.000847458	-0.000847458	-0.000847458	-0.000689655	-0.000689655	-0.000689655	-0.000689655	-0.000689655
341496	-0.003582353	-0.003582353	-0.003582353	-0.003582353	-0.003582353	-0.027723029	-0.027723029	-0.027723029	-0.027723029	-0.027723029	-0.020489116	-0.020489116	-0.020489116	-0.020489116	-0.020489116	-0.006756757	-0.006756757	-0.006756757	-0.006756757	-0.006756757	-0.004065041	-0.004065041	-0.004065041	-0.004065041	-0.004065041	-0.004065041	-0.004065041	-0.004065041	-0.004065041	-0.004065041	-0.004065041	-0.004065041	-0.004065041	-0.000421348	-0.000421348	-0.000421348	-0.000421348	-0.000421348	-0.000555556	-0.000555556	-0.000555556	-0.000555556	-0.000555556	-0.000869565	-0.000869565	-0.000869565	-0.000869565	-0.000869565	-0.000847458	-0.000847458	-0.000847458	-0.000847458	-0.000847458	-0.000689655	-0.000689655	-0.000689655	-0.000689655	-0.000689655
342612	-0.003582353	-0.003582353	-0.003582353	-0.003582353	-0.003582353	-0.027723029	-0.027723029	-0.027723029	-0.027723029	-0.027723029	-0.020489116	-0.020489116	-0.020489116	-0.020489116	-0.020489116	-0.006756757	-0.006756757	-0.006756757	-0.006756757	-0.006756757	-0.004065041	-0.004065041	-0.004065041	-0.004065041	-0.004065041	-0.004065041	-0.004065041	-0.004065041	-0.004065041	-0.004065041	-0.004065041	-0.004065041	-0.004065041	-0.000421348	-0.000421348	-0.000421348	-0.000421348	-0.000421348	-0.000555556	-0.000555556	-0.000555556	-0.000555556	-0.000555556	-0.000869565	-0.000869565	-0.000869565	-0.000869565	-0.000869565	-0.000847458	-0.000847458	-0.000847458	-0.000847458	-0.000847458	-0.000689655	-0.000689655	-0.000689655	-0.000689655	-0.000689655
343728	-0.003582353	-0.003582353	-0.003582353	-0.003582353	-0.003582353	-0.027723029	-0.027723029	-0.027723029	-0.027723029	-0.027723029	-0.020489116	-0.020489116	-0.020489116	-0.020489116	-0.020489116	-0.006756757	-0.006756757	-0.006756757	-0.006756757	-0.006756757	-0.004065041	-0.004065041	-0.004065041	-0.004065041	-0.004065041	-0.004065041	-0.004065041	-0.004065041	-0.004065041	-0.004065041	-0.004065041	-0.004065041	-0.004065041	-0.000421348	-0.000421348	-0.000421348	-0.000421348	-0.000421348	-0.000555556	-0.000555556	-0.000555556	-0.000555556	-0.000555556	-0.000869565	-0.000869565	-0.000869565	-0.000869565	-0.000869565	-0.000847458	-0.000847458	-0.000847458	-0.000847458	-0.000847458	-0.000689655	-0.000689655	-0.000689655	-0.000689655	-0.000689655
344844	-0.003582353	-0.003582353	-0.003582353	-0.003582353	-0.003582353	-0.027723029	-0.027723029	-0.027723029	-0.027723029	-0.027723029	-0.020489116	-0.020489116	-0.020489116	-0.020489116	-0.020489116	-0.006756757	-0.006756757	-0.006756757	-0.006756757	-0.006756757	-0.004065041	-0.004065041	-0.004065041	-0.004065041	-0.004065041	-0.004065041	-0.004065041	-0.004065041	-0.004065041	-0.004065041	-0.004065041	-0.004065041	-0.004065041	-0.000421348	-0.000421348	-0.000421348	-0.000421348	-0.000421348	-0.000555556	-0.000555556	-0.000555556	-0.000555556	-0.000555556	-0.000869565	-0.000869565	-0.000869565	-0.000869565	-0.000869565	-0.000847458	-0.000847458	-0.000847458	-0.000847458	-0.000847458	-0.000689655	-0.000689655	-0.000689655	-0.000689655	-0.000689655
345960	-0.003582353	-0.003582353	-0.003582353	-0.003582353	-0.003582353	-0.027723029	-0.027723029	-0.027723029	-0.027723029	-0.027723029	-0.020489116	-0.020489116	-0.020489116	-0.020489116	-0.020489116	-0.006756757	-0.006756757	-0.006756757	-0.006756757	-0.006756757	-0.004065041	-0.004065041	-0.004065041	-0.004065041	-0.004065041	-0.004065041	-0.004065041	-0.004065041	-0.004065041	-0.004065041	-0.004065041	-0.004065041	-0.004065041	-0.000421348	-0.000421348	-0.000421348	-0.000421348	-0.000421348	-0.000555556	-0.000555556	-0.000555556	-0.000555556	-0.000555556	-0.000869565	-0.000869565	-0.000869565	-0.000869565	-0.000869565	-0.000847458	-0.000847458	-0.000847458	-0.000847458	-0.000847458	-0.000689655	-0.000689655	-0.000689655	-0.000689655	-0.000689655
347076	-0.003582353	-0.003582353	-0.003582353	-0.003582353	-0.003582353	-0.027723029	-0.027723029	-0.027723029	-0.027723029	-0.027723029	-0.020489116	-0.020489116	-0.020489116	-0.020489116	-0.020489116	-0.006756757	-0.006756757	-0.006756757	-0.006756757	-0.006756757	-0.004065041	-0.004065041	-0.004065041	-0.004065041	-0.004065041	-0.004065041	-0.004065041	-0.004065041	-0.004065041	-0.004065041	-0.004065041	-0.004065041	-0.004065041	-0.000421348	-0.000421348	-0.000421348	-0.000421348	-0.000421348	-0.000555556	-0.000555556	-0.000555556	-0.000555556	-0.000555556	-0.000869565	-0.000869565	-0.000869565	-0.000869565	-0.000869565	-0.000847458	-0.000847458	-0.000847458	-0.000847458	-0.000847458	-0.000689655	-0.000689655	-0.000689655	-0.000689655	-0.000689655
348192	-0.003582353	-0.003582353	-0.003582353	-0.003582353	-0.003582353	-0.027723029	-0.027723029	-0.027723029	-0.027723029	-0.027723029	-0.020489116	-0.020489116	-0.020489116	-0.020489116	-0.020489116	-0.006756757	-0.006756757	-0.006756757	-0.006756757	-0.006756757	-0.004065041	-0.004065041	-0.004065041	-0.004065041	-0.004065041	-0.004065041	-0.004065041	-0.004065041	-0.004065041	-0.004065041	-0.004065041	-0.004065041	-0.004065041	-0.000421348	-0.000421348	-0.000421348	-0.000421348	-0.000421348	-0.000555556	-0.000555556	-0.000555556	-0.000555556	-0.000555556	-0.000869565	-0.000869565	-0.000869565	-0.000869565	-0.000869565	-0.000847458	-0.000847458	-0.000847458	-0.000847458	-0.000847458	-0.000689655	-0.000689655	-0.000689655	-0.000689655	-0.000689655
349308	-0.003582353	-0.003582353	-0.003582353	-0.003582353	-0.003582353	-0.027723029	-0.027723029	-0.027723029	-0.027723029	-0.027723029	-0.020489116	-0.020489116	-0.020489116	-0.020489116	-0.020489116	-0.006756757	-0.006756757	-0.006756757	-0.006756757	-0.006756757	-0.004065041	-0.004065041	-0.004065041	-0.004065041	-0.004065041	-0.004065041	-0.004065041	-0.004065041	-0.004065041	-0.004065041	-0.004065041	-0.004065041	-0.004065041	-0.000421348	-0.000421348	-0.000421348	-0.000421348	-0.000421348	-0.000555556	-0.000555556	-0.000555556	-0.000555556	-0.000555556	-0.000869565	-0.000869565	-0.000869565	-0.000869565	-0.000869565	-0.000847458	-0.000847458	-0.000847458	-0.000847458	-0.000847458	-0.000689655	-0.000689655	-0.000689655	-0.000689655	-0.000689655
350424	-0.003582353	-0.003582353	-0.003582353	-0.003582353	-0.003582353	-0.027723029	-0.027723029	-0.027723029	-0.027723029	-0.027723029	-0.020489116	-0.020489116	-0.020489116	-0.020489116	-0.020489116	-0.006756757	-0.006756757	-0.006756757	-0.006756757	-0.006756757	-0.004065041	-0.004065041	-0.004065041	-0.004065041	-0.004065041	-0.004065041	-0.004065041	-0.004065041	-0.004065041	-0.004065041	-0.004065041	-0.004065041	-0.004065041	-0.000421348	-0.000421348	-0.000421348	-0.000421348	-0.000421348	-0.000555556	-0.000555556	-0.000555556	-0.000555556	-0.000555556	-0.000869565	-0.000869565	-0.000869565	-0.000869565	-0.000869565	-0.000847458	-0.000847458	-0.000847458	-0.000847458	-0.000847458	-0.000689655	-0.000689655	-0.000689655	-0.000689655	-0.000689655
351540	-0.003582353	-0.003582353	-0.003582353	-0.003582353	-0.003582353	-0.027723029	-0.027723029	-0.027723029	-0.027723029	-0.027723029	-0.020489116	-0.020489116	-0.020489116	-0.020489116	-0.020489116	-0.006756757	-0.006756757	-0.006756757	-0.006756757	-0.006756757	-0.004065041	-0.004065041	-0.004065041	-0.004065041	-0.004065041	-0.004065041	-0.004065041	-0.004065041	-0.004065041	-0.004065041	-0.004065041	-0.004065041	-0.004065041	-0.000421348	-0.000421348	-0.000421348	-0.000421348	-0.000421348	-0.000555556	-0.000555556	-0.000555556	-0.000555556	-0.000555556	-0.000869565	-0.000869565	-0.000869565	-0.000869565	-0.000869565	-0.000847458	-0.000847458	-0.000847458	-0.000847458	-0.000847458	-0.000689655	-0.000689655	-0.000689655	-0.000689655	-0.000689655
352656	-0.003582353	-0.003582353	-0.003582353	-0.003582353	-0.003582353	-0.027723029	-0.027723029	-0.027723029	-0.027723029	-0.027723029	-0.020489116	-0.020489116	-0.020489116	-0.020489116	-0.020489116	-0.006756757	-0.006756757	-0.006756757	-0.006756757	-0.006756757	-0.004065041	-0.004065041	-0.004065041	-0.004065041	-0.004065041	-0.004065041	-0.004065041	-0.004065041	-0.004065041	-0.004065041	-0.004065041	-0.004065041	-0.004065041	-0.000421348	-0.000421348	-0.000421348	-0.000421348	-0.000421348	-0.000555556	-0.000555556	-0.000555556	-0.000555556	-0.000555556	-0.000869565	-0.000869565	-0.000869565	-0.000869565	-0.000869565	-0.000847458	-0.000847458	-0.000847458	-0.000847458	-0.000847458	-0.000689655	-0.000689655	-0.000689655	-0.000689655	-0.000689655
353772	-0.003582353	-0.003582353	-0.003582353	-0.003582353	-0.003582353	-0.027723029	-0.027723029	-0.027723029	-0.027723029	-0.027723029	-0.020489116	-0.020489116	-0.020489116	-0.020489116	-0.020489116	-0.006756757	-0.006756757	-0.006756757	-0.006756757	-0.006756757	-0.004065041	-0.004065041	-0.004065041	-0.004065041	-0.004065041	-0.004065041	-0.004065041	-0.004065041	-0.004065041	-0.004065041	-0.004065041	-0.004065041	-0.004065041	-0.000421348	-0.000421348	-0.000421348	-0.000421348	-0.000421348	-0.000555556	-0.000555556	-0.000555556	-0.000555556	-0.000555556	-0.000869565	-0.000869565	-0.000869565	-0.000869565	-0.000869565	-0.000847458	-0.000847458	-0.000847458	-0.000847458	-0.000847458	-0.000689655	-0.000689655	-0.000689655	-0.000689655	-0.000689655
354888	-0.003582353	-0.003582353	-0.003582353	-0.003582353	-0.003582353	-0.027723029	-0.027723029	-0.027723029	-0.027723029	-0.027723029	-0.020489116	-0.020489116	-0.020489116	-0.020489116	-0.020489116	-0.006756757	-0.006756757	-0.006756757	-0.006756757	-0.006756757	-0.004065041	-0.004065041	-0.004065041	-0.004065041	-0.004065041	-0.004065041	-0.004065041	-0.004065041	-0.004065041	-0.004065041	-0.004065041	-0.004065041	-0.004065041	-0.000421348	-0.000421348	-0.000421348	-0.000421348	-0.000421348	-0.000555556	-0.000555556	-0.000555556	-0.000555556	-0.000555556	-0.000869565	-0.000869565	-0.000869565	-0.000869565	-0.000869565	-0.000847458	-0.000847458	-0.000847458	-0.000847458	-0.000847458	-0.000689655	-0.000689655	-0.000689655	-0.000689655	-0.000689655
356004	-0.003582353	-0.003582353	-0.003582353	-0.003582353	-0.003582353	-0.027723029	-0.027723029	-0.027723029	-0.027723029	-0.027723029	-0.020489116	-0.020489116	-0.020489116	-0.020489116	-0.020489116	-0.006756757	-0.006756757	-0.006756757	-0.006756757	-0.006756757	-0.004065041	-0.004065041	-0.004065041	-0.004065041	-0.004065041	-0.004065041	-0.004065041	-0.004065041	-0.004065041	-0.004065041	-0.004065041	-0.004065041	-0.004065041	-0.000421348	-0.000421348	-0.000421348	-0.000421348	-0.000421348	-0.000555556	-0.000555556	-0.000555556	-0.000555556	-0.000555556	-0.000869565	-0.000869565	-0.000869565	-0.000869565	-0.000869565	-0.000847458	-0.000847458	-0.000847458	-0.000847458	-0.000847458	-0.000689655	-0.000689655	-0.000689655	-0.000689655	-0.000689655
357120	-0.003582353	-0.003582353	-0.003582353	-0.003582353	-0.003582353	-0.027723029	-0.027723029	-0.027723029	-0.027723029	-0.027723029	-0.020489116	-0.020489116	-0.020489116	-0.020489116	-0.020489116	-0.006756757	-0.006756757	-0.006756757	-0.006756757	-0.006756757	-0.004065041	-0.004065041	-0.004065041	-0.004065041	-0.004065041	-0.004065041	-0.004065041	-0.004065041	-0.004065041	-0.004065041	-0.004065041	-0.004065041	-0.004065041	-0.000421348	-0.000421348	-0.000421348	-0.000421348	-0.000421348	-0.000555556	-0.000555556	-0.000555556	-0.000555556	-0.000555556	-0.000869565	-0.000869565	-0.000869565	-0.000869565	-0.000869565	-0.000847458	-0.000847458	-0.000847458	-0.000847458	-0.000847458	-0.000689655	-0.000689655	-0.000689655	-0.000689655	-0.000689655
358236	-0.003582353	-0.003582353	-0.003582353	-0.003582353	-0.003582353	-0.027723029	-0.027723029	-0.027723029	-0.027723029	-0.027723029	-0.020489116	-0.020489116	-0.020489116	-0.020489116	-0.020489116	-0.006756757	-0.006756757	-0.006756757	-0.006756757	-0.006756757	-0.004065041	-0.004065041	-0.004065041	-0.004065041	-0.004065041	-0.004065041	-0.004065041	-0.004065041	-0.004065041	-0.004065041	-0.004065041	-0.004065041	-0.004065041	-0.000421348	-0.000421348	-0.000421348	-0.000421348	-0.000421348	-0.000555556	-0.000555556	-0.000555556	-0.000555556	-0.000555556	-0.000869565	-0.000869565	-0.000869565	-0.000869565	-0.000869565	-0.000847458	-0.000847458	-0.000847458	-0.000847458	-0.000847458	-0.000689655	-0.000689655	-0.000689655	-0.000689655	-0.000689655
359352	-0.003582353	-0.003582353	-0.003582353	-0.003582353	-0.003582353	-0.027723029	-0.027723029	-0.027723029	-0.027723029	-0.027723029	-0.020489116	-0.020489116	-0.020489116	-0.020489116	-0.020489116	-0.006756757	-0.006756757	-0.006756757	-0.006756757	-0.006756757	-0.004065041	-0.004065041	-0.004065041	-0.004065041	-0.004065041	-0.004065041	-0.004065041	-0.004065041	-0.004065041	-0.004065041	-0.004065041	-0.004065041	-0.004065041	-0.000421348	-0.000421348	-0.000421348	-0.000421348	-0.000421348	-0.000555556	-0.000555556	-0.000555556	-0.000555556	-0.000555556	-0.000869565	-0.000869565	-0.000869565	-0.000869565	-0.000869565	-0.000847458	-0.000847458	-0.000847458	-0.000847458	-0.000847458	-0.000689655	-0.000689655	-0.000689655	-0.000689655	-0.000689655
360468	-0.003582353	-0.003582353	-0.003582353	-0.003582353	-0.003582353	-0.027723029	-0.027723029	-0.027723029	-0.027723029	-0.027723029	-0.020489116	-0.020489116	-0.020489116	-0.020489116	-0.020489116	-0.006756757	-0.006756757	-0.006756757	-0.006756757	-0.006756757	-0.004065041	-0.004065041	-0.004065041	-0.004065041	-0.004065041	-0.004065041	-0.004065041	-0.004065041	-0.004065041	-0.004065041	-0.004065041	-0.004065041	-0.004065041	-0.000421348	-0.000421348	-0.000421348	-0.000421348	-0.000421348	-0.000555556	-0.000555556	-0.000555556	-0.000555556	-0.000555556	-0.000869565	-0.000869565	-0.000869565	-0.000869565	-0.000869565	-0.000847458	-0.000847458	-0.000847458	-0.000847458	-0.000847458	-0.000689655	-0.000689655	-0.000689655	-0.000689655	-0.000689655
361584	-0.003582353	-0.003582353	-0.003582353	-0.003582353	-0.003582353	-0.027723029	-0.027723029	-0.027723029	-0.027723029	-0.027723029	-0.020489116	-0.020489116	-0.020489116	-0.020489116	-0.020489116	-0.006756757	-0.006756757	-0.006756757	-0.006756757	-0.006756757	-0.004065041	-0.004065041	-0.004065041	-0.004065041	-0.004065041	-0.004065041	-0.004065041	-0.004065041	-0.004065041	-0.004065041	-0.004065041	-0.004065041	-0.004065041	-0.000421348	-0.000421348	-0.000421348	-0.000421348	-0.000421348	-0.000555556	-0.000555556	-0.000555556	-0.000555556	-0.000555556	-0.000869565	-0.000869565	-0.000869565	-0.000869565	-0.000869565	-0.000847458	-0.000847458	-0.000847458	-0.000847458	-0.000847458	-0.000689655	-0.000689655	-0.000689655	-0.000689655	-0.000689655
362700	-0.003582353	-0.003582353	-0.003582353	-0.003582353	-0.003582353	-0.027723029	-0.027723029	-0.027723029	-0.027723029	-0.027723029	-0.020489116	-0.020489116	-0.020489116	-0.020489116	-0.020489116	-0.006756757	-0.006756757	-0.006756757	-0.006756757	-0.006756757	-0.004065041	-0.004065041	-0.004065041	-0.004065041	-0.004065041	-0.004065041	-0.004065041	-0.004065041	-0.004065041	-0.004065041	-0.004065041	-0.004065041	-0.004065041	-0.000421348	-0.000421348	-0.000421348	-0.000421348	-0.000421348	-0.000555556	-0.000555556	-0.000555556	-0.000555556	-0.000555556	-0.000869565	-0.000869565	-0.000869565	-0.000869565	-0.000869565	-0.000847458	-0.000847458	-0.000847458	-0.000847458	-0.000847458	-0.000689655	-0.000689655	-0.000689655	-0.000689655	-0.000689655
363816	-0.003582353	-0.003582353	-0.003582353	-0.003582353	-0.003582353	-0.027723029	-0.027723029	-0.027723029	-0.027723029	-0.027723029	-0.020489116	-0.020489116	-0.020489116	-0.020489116	-0.020489116	-0.006756757	-0.006756757	-0.006756757	-0.006756757	-0.006756757	-0.004065041	-0.004065041	-0.004065041	-0.004065041	-0.004065041	-0.004065041	-0.004065041	-0.004065041	-0.004065041	-0.004065041	-0.004065041	-0.004065041	-0.004065041	-0.000421348	-0.000421348	-0.000421348	-0.000421348	-0.000421348	-0.000555556	-0.000555556	-0.000555556	-0.000555556	-0.000555556	-0.000869565	-0.000869565	-0.000869565	-0.000869565	-0.000869565	-0.000847458	-0.000847458	-0.000847458	-0.000847458	-0.000847458	-0.000689655	-0.000689655	-0.000689655	-0.000689655	-0.000689655
364932	-0.003582353	-0.003582353	-0.003582353	-0.003582353	-0.003582353	-0.027723029	-0.027723029	-0.027723029	-0.027723029	-0.027723029	-0.020489116	-0.020489116	-0.020489116	-0.020489116	-0.020489116	-0.006756757	-0.006756757	-0.006756757	-0.006756757	-0.006756757	-0.004065041	-0.004065041	-0.004065041	-0.004065041	-0.004065041	-0.004065041	-0.004065041	-0.004065041	-0.004065041	-0.004065041	-0.004065041	-0.004065041	-0.004065041	-0.000421348	-0.000421348	-0.000421348	-0.000421348	-0.000421348	-0.000555556	-0.000555556	-0.000555556	-0.000555556	-0.000555556	-0.000869565	-0.000869565	-0.000869565	-0.000869565	-0.000869565	-0.000847458	-0.000847458	-0.000847458	-0.000847458	-0.000847458	-0.000689655	-0.000689655	-0.000689655	-0.000689655	-0.000689655
366048	-0.003582353	-0.003582353	-0.003582353	-0.003582353	-0.003582353	-0.027723029	-0.027723029	-0.027723029	-0.027723029	-0.027723029	-0.020489116	-0.020489116	-0.020489116	-0.020489116	-0.020489116	-0.006756757	-0.006756757	-0.006756757	-0.006756757	-0.006756757	-0.004065041	-0.004065041	-0.004065041	-0.004065041	-0.004065041	-0.004065041	-0.004065041	-0.004065041	-0.004065041	-0.004065041	-0.004065041	-0.004065041	-0.004065041	-0.000421348	-0.000421348	-0.000421348	-0.000421348	-0.000421348	-0.000555556	-0.000555556	-0.000555556	-0.000555556	-0.000555556	-0.000869565	-0.000869565	-0.000869565	-0.000869565	-0.000869565	-0.000847458	-0.000847458	-0.000847458	-0.000847458	-0.000847458	-0.000689655	-0.000689655	-0.000689655	-0.000689655	-0.000689655
367164	-0.003582353	-0.003582353	-0.003582353	-0.003582353	-0.003582353	-0.027723029	-0.027723029	-0.027723029	-0.027723029	-0.027723029	-0.020489116	-0.020489116	-0.020489116	-0.020489116	-0.020489116	-0.006756757	-0.006756757	-0.006756757	-0.006756757	-0.006756757	-0.004065041	-0.004065041	-0.004065041	-0.004065041	-0.004065041	-0.004065041	-0.004065041	-0.004065041	-0.004065041	-0.004065041	-0.004065041	-0.004065041	-0.004065041	-0.000421348	-0.000421348	-0.000421348	-0.000421348	-0.000421348	-0.000555556	-0.000555556	-0.000555556	-0.000555556	-0.000555556	-0.000869565	-0.000869565	-0.000869565	-0.000869565	-0.000869565	-0.000847458	-0.000847458	-0.000847458	-0.000847458	-0.000847458	-0.000689655	-0.000689655	-0.000689655	-0.000689655	-0.000689655
368280	-0.003582353	-0.003582353	-0.003582353	-0.003582353	-0.003582353	-0.027723029	-0.027723029	-0.027723029	-0.027723029	-0.027723029	-0.020489116	-0.020489116	-0.020489116	-0.020489116	-0.020489116	-0.006756757	-0.006756757	-0.006756757	-0.006756757	-0.006756757	-0.004065041	-0.004065041	-0.004065041	-0.004065041	-0.004065041	-0.004065041	-0.004065041	-0.004065041	-0.004065041	-0.004065041	-0.004065041	-0.004065041	-0.004065041	-0.000421348	-0.000421348	-0.000421348	-0.000421348	-0.000421348	-0.000555556	-0.000555556	-0.000555556	-0.000555556	-0.000555556	-0.000869565	-0.000869565	-0.000869565	-0.000869565	-0.000869565	-0.000847458	-0.000847458	-0.000847458	-0.000847458	-0.000847458	-0.000689655	-0.000689655	-0.000689655	-0.000689655	-0.000689655
369396	-0.003582353	-0.003582353	-0.003582353	-0.003582353	-0.003582353	-0.027723029	-0.027723029	-0.027723029	-0.027723029	-0.027723029	-0.020489116	-0.020489116	-0.020489116	-0.020489116	-0.020489116	-0.006756757	-0.006756757	-0.006756757	-0.006756757	-0.006756757	-0.004065041	-0.004065041	-0.004065041	-0.004065041	-0.004065041	-0.004065041	-0.004065041	-0.004065041	-0.004065041	-0.004065041	-0.004065041	-0.004065041	-0.004065041	-0.000421348	-0.000421348	-0.000421348	-0.000421348	-0.000421348	-0.000555556	-0.000555556	-0.000555556	-0.000555556	-0.000555556	-0.000869565	-0.000869565	-0.000869565	-0.000869565	-0.000869565	-0.000847458	-0.000847458	-0.000847458	-0.000847458	-0.000847458	-0.000689655	-0.000689655	-0.000689655	-0.000689655	-0.000689655
370512	-0.003582353	-0.003582353	-0.003582353	-0.003582353	-0.003582353	-0.027723029	-0.027723029	-0.027723029	-0.027723029	-0.027723029	-0.020489116	-0.020489116	-0.020489116	-0.020489116	-0.020489116	-0.006756757	-0.006756757	-0.006756757	-0.006756757	-0.006756757	-0.004065041	-0.004065041	-0.004065041	-0.004065041	-0.004065041	-0.004065041	-0.004065041	-0.004065041	-0.004065041	-0.004065041	-0.004065041	-0.004065041	-0.004065041	-0.000421348	-0.000421348	-0.000421348	-0.000421348	-0.000421348	-0.000555556	-0.000555556	-0.000555556	-0.000555556	-0.000555556	-0.000869565	-0.000869565	-0.000869565	-0.000869565	-0.000869565	-0.000847458	-0.000847458	-0.000847458	-0.000847458	-0.000847458	-0.000689655	-0.000689655	-0.000689655	-0.000689655	-0.000689655
371628	-0.003582353	-0.003582353	-0.003582353	-0.003582353	-0.003582353	-0.027723029	-0.027723029	-0.027723029	-0.027723029	-0.027723029	-0.020489116	-0.020489116	-0.020489116	-0.020489116	-0.020489116	-0.006756757	-0.006756757	-0.006756757	-0.006756757	-0.006756757	-0.004065041	-0.004065041	-0.004065041	-0.004065041	-0.004065041	-0.004065041	-0.004065041	-0.004065041	-0.004065041	-0.004065041	-0.004065041	-0.004065041	-0.004065041	-0.000421348	-0.000421348	-0.000421348	-0.000421348	-0.000421348	-0.000555556	-0.000555556	-0.000555556	-0.000555556	-0.000555556	-0.000869565	-0.000869565	-0.000869565	-0.000869565	-0.000869565	-0.000847458	-0.000847458	-0.000847458	-0.000847458	-0.000847458	-0.000689655	-0.000689655	-0.000689655	-0.000689655	-0.000689655
372744	-0.003582353	-0.003582353	-0.003582353	-0.003582353	-0.003582353	-0.027723029	-0.027723029	-0.027723029	-0.027723029	-0.027723029	-0.020489116	-0.020489116	-0.020489116	-0.020489116	-0.020489116	-0.006756757	-0.006756757	-0.006756757	-0.006756757	-0.006756757	-0.004065041	-0.004065041	-0.004065041	-0.004065041	-0.004065041	-0.004065041	-0.004065041	-0.004065041	-0.004065041	-0.004065041	-0.004065041	-0.004065041	-0.004065041	-0.000421348	-0.000421348	-0.000421348	-0.000421348	-0.000421348	-0.000555556	-0.000555556	-0.000555556	-0.000555556	-0.000555556	-0.000869565	-0.000869565	-0.000869565	-0.000869565	-0.000869565	-0.000847458	-0.000847458	-0.000847458	-0.000847458	-0.000847458	-0.000689655	-0.000689655	-0.000689655	-0.000689655	-0.000689655
373860	-0.003582353	-0.003582353	-0.003582353	-0.003582353	-0.003582353	-0.027723029	-0.027723029	-0.027723029	-0.027723029	-0.027723029	-0.020489116	-0.020489116	-0.020489116	-0.020489116	-0.020489116	-0.006756757	-0.006756757	-0.006756757	-0.006756757	-0.006756757	-0.004065041	-0.004065041	-0.004065041	-0.004065041	-0.004065041	-0.004065041	-0.004065041	-0.004065041	-0.004065041	-0.004065041	-0.004065041	-0.004065041	-0.004065041	-0.000421348	-0.000421348	-0.000421348	-0.000421348	-0.000421348	-0.000555556	-0.000555556	-0.000555556	-0.000555556	-0.000555556	-0.000869565	-0.000869565	-0.000869565	-0.000869565	-0.000869565	-0.000847458	-0.000847458	-0.000847458	-0.000847458	-0.000847458	-0.000689655	-0.000689655	-0.000689655	-0.000689655	-0.000689655
374976	-0.003582353	-0.003582353	-0.003582353	-0.003582353	-0.003582353	-0.027723029	-0.027723029	-0.027723029	-0.027723029	-0.027723029	-0.020489116	-0.020489116	-0.020489116	-0.020489116	-0.020489116	-0.006756757	-0.006756757	-0.006756757	-0.006756757	-0.006756757	-0.004065041	-0.004065041	-0.004065041	-0.004065041	-0.004065041	-0.004065041	-0.004065041	-0.004065041	-0.004065041	-0.004065041	-0.004065041	-0.004065041	-0.004065041	-0.000421348	-0.000421348	-0.000421348	-0.000421348	-0.000421348	-0.000555556	-0.000555556	-0.000555556	-0.000555556	-0.000555556	-0.000869565	-0.000869565	-0.000869565	-0.000869565	-0.000869565	-0.000847458	-0.000847458	-0.000847458	-0.000847458	-0.000847458	-0.000689655	-0.000689655	-0.000689655	-0.000689655	-0.000689655
376092	-0.003582353	-0.003582353	-0.003582353	-0.003582353	-0.003582353	-0.027723029	-0.027723029	-0.027723029	-0.027723029	-0.027723029	-0.020489116	-0.020489116	-0.020489116	-0.020489116	-0.020489116	-0.006756757	-0.006756757	-0.006756757	-0.006756757	-0.006756757	-0.004065041	-0.004065041	-0.004065041	-0.004065041	-0.004065041	-0.004065041	-0.004065041	-0.004065041	-0.004065041	-0.004065041	-0.004065041	-0.004065041	-0.004065041	-0.000421348	-0.000421348	-0.000421348	-0.000421348	-0.000421348	-0.000555556	-0.000555556	-0.000555556	-0.000555556	-0.000555556	-0.000869565	-0.000869565	-0.000869565	-0.000869565	-0.000869565	-0.000847458	-0.000847458	-0.000847458	-0.000847458	-0.000847458	-0.000689655	-0.000689655	-0.000689655	-0.000689655	-0.000689655
377208	-0.003582353	-0.003582353	-0.003582353	-0.003582353	-0.003582353	-0.027723029	-0.027723029	-0.027723029	-0.027723029	-0.027723029	-0.020489116	-0.020489116	-0.020489116	-0.020489116	-0.020489116	-0.006756757	-0.006756757	-0.006756757	-0.006756757	-0.006756757	-0.004065041	-0.004065041	-0.004065041	-0.004065041	-0.004065041	-0.004065041	-0.004065041	-0.004065041	-0.004065041	-0.004065041	-0.004065041	-0.004065041	-0.004065041	-0.000421348	-0.000421348	-0.000421348	-0.000421348	-0.000421348	-0.000555556	-0.000555556	-0.000555556	-0.000555556	-0.000555556	-0.000869565	-0.000869565	-0.000869565	-0.000869565	-0.000869565	-0.000847458	-0.000847458	-0.000847458	-0.000847458	-0.000847458	-0.000689655	-0.000689655	-0.000689655	-0.000689655	-0.000689655
378324	-0.003582353	-0.003582353	-0.003582353	-0.003582353	-0.003582353	-0.027723029	-0.027723029	-0.027723029	-0.027723029	-0.027723029	-0.020489116	-0.020489116	-0.020489116	-0.020489116	-0.020489116	-0.006756757	-0.006756757	-0.006756757	-0.006756757	-0.006756757	-0.004065041	-0.004065041	-0.004065041	-0.004065041	-0.004065041	-0.004065041	-0.004065041	-0.004065041	-0.004065041	-0.004065041	-0.004065041	-0.004065041	-0.004065041	-0.000421348	-0.000421348	-0.000421348	-0.000421348	-0.000421348	-0.000555556	-0.000555556	-0.000555556	-0.000555556	-0.000555556	-0.000869565	-0.000869565	-0.000869565	-0.000869565	-0.000869565	-0.000847458	-0.000847458	-0.000847458	-0.000847458	-0.000847458	-0.000689655	-0.000689655	-0.000689655	-0.000689655	-0.000689655
379440	-0.003582353	-0.003582353	-0.003582353	-0.003582353	-0.003582353	-0.027723029	-0.027723029	-0.027723029	-0.027723029	-0.027723029	-0.020489116	-0.020489116	-0.020489116	-0.020489116	-0.020489116	-0.006756757	-0.006756757	-0.006756757	-0.006756757	-0.006756757	-0.004065041	-0.004065041	-0.004065041	-0.004065041	-0.004065041	-0.004065041	-0.004065041	-0.004065041	-0.004065041	-0.004065041	-0.004065041	-0.004065041	-0.004065041	-0.000421348	-0.000421348	-0.000421348	-0.000421348	-0.000421348	-0.000555556	-0.000555556	-0.000555556	-0.000555556	-0.000555556	-0.000869565	-0.000869565	-0.000869565	-0.000869565	-0.000869565	-0.000847458	-0.000847458	-0.000847458	-0.000847458	-0.000847458	-0.000689655	-0.000689655	-0.000689655	-0.000689655	-0.000689655
380556	-0.003582353	-0.003582353	-0.003582353	-0.003582353	-0.003582353	-0.027723029	-0.027723029	-0.027723029	-0.027723029	-0.027723029	-0.020489116	-0.020489116	-0.020489116	-0.020489116	-0.020489116	-0.006756757	-0.006756757	-0.006756757	-0.006756757	-0.006756757	-0.004065041	-0.004065041	-0.004065041	-0.004065041	-0.004065041	-0.004065041	-0.004065041	-0.004065041	-0.004065041	-0.004065041	-0.004065041	-0.004065041	-0.004065041	-0.000421348	-0.000421348	-0.000421348	-0.000421348	-0.000421348	-0.000555556	-0.000555556	-0.000555556	-0.000555556	-0.000555556	-0.000869565	-0.000869565	-0.000869565	-0.000869565	-0.000869565	-0.000847458	-0.000847458	-0.000847458	-0.000847458	-0.000847458	-0.000689655	-0.000689655	-0.000689655	-0.000689655	-0.000689655
381672	-0.003582353	-0.003582353	-0.003582353	-0.003582353	-0.003582353	-0.027723029	-0.027723029	-0.027723029	-0.027723029	-0.027723029	-0.020489116	-0.020489116	-0.020489116	-0.020489116	-0.020489116	-0.006756757	-0.006756757	-0.006756757	-0.006756757	-0.006756757	-0.004065041	-0.004065041	-0.004065041	-0.004065041	-0.004065041	-0.004065041	-0.004065041	-0.004065041	-0.004065041	-0.004065041	-0.004065041	-0.004065041	-0.004065041	-0.000421348	-0.000421348	-0.000421348	-0.000421348	-0.000421348	-0.000555556	-0.000555556	-0.000555556	-0.000555556	-0.000555556	-0.000869565	-0.000869565	-0.000869565	-0.000869565	-0.000869565	-0.000847458	-0.000847458	-0.000847458	-0.000847458	-0.000847458	-0.000689655	-0.000689655	-0.000689655	-0.000689655	-0.000689655
382788	-0.003582353	-0.003582353	-0.003582353	-0.003582353	-0.003582353	-0.027723029	-0.027723029	-0.027723029	-0.027723029	-0.027723029	-0.020489116	-0.020489116	-0.020489116	-0.020489116	-0.020489116	-0.006756757	-0.006756757	-0.006756757	-0.006756757	-0.006756757	-0.004065041	-0.004065041	-0.004065041	-0.004065041	-0.004065041	-0.004065041	-0.004065041	-0.004065041	-0.004065041	-0.004065041	-0.004065041	-0.004065041	-0.004065041	-0.000421348	-0.000421348	-0.000421348	-0.000421348	-0.000421348	-0.000555556	-0.000555556	-0.000555556	-0.000555556	-0.000555556	-0.000869565	-0.000869565	-0.000869565	-0.000869565	-0.000869565	-0.000847458	-0.000847458	-0.000847458	-0.000847458	-0.000847458	-0.000689655	-0.000689655	-0.000689655	-0.000689655	-0.000689655
383904	-0.003582353	-0.003582353	-0.003582353	-0.003582353	-0.003582353	-0.027723029	-0.027723029	-0.027723029	-0.027723029	-0.027723029	-0.020489116	-0.020489116	-0.020489116	-0.020489116	-0.020489116	-0.006756757	-0.006756757	-0.006756757	-0.006756757	-0.006756757	-0.004065041	-0.004065041	-0.004065041	-0.004065041	-0.004065041	-0.004065041	-0.004065041	-0.004065041	-0.004065041	-0.004065041	-0.004065041	-0.004065041	-0.004065041	-0.000421348	-0.000421348	-0.000421348	-0.000421348	-0.000421348	-0.000555556	-0.000555556	-0.000555556	-0.000555556	-0.000555556	-0.000869565	-0.000869565	-0.000869565	-0.000869565	-0.000869565	-0.000847458	-0.000847458	-0.000847458	-0.000847458	-0.000847458	-0.000689655	-0.000689655	-0.000689655	-0.000689655	-0.000689655
385020	-0.003582353	-0.003582353	-0.003582353	-0.003582353	-0.003582353	-0.027723029	-0.027723029	-0.027723029	-0.027723029	-0.027723029	-0.020489116	-0.020489116	-0.020489116	-0.020489116	-0.020489116	-0.006756757	-0.006756757	-0.006756757	-0.006756757	-0.006756757	-0.004065041	-0.004065041	-0.004065041	-0.004065041	-0.004065041	-0.004065041	-0.004065041	-0.004065041	-0.004065041	-0.004065041	-0.004065041	-0.004065041	-0.004065041	-0.000421348	-0.000421348	-0.000421348	-0.000421348	-0.000421348	-0.000555556	-0.000555556	-0.000555556	-0.000555556	-0.000555556	-0.000869565	-0.000869565	-0.000869565	-0.000869565	-0.000869565	-0.000847458	-0.000847458	-0.000847458	-0.000847458	-0.000847458	-0.000689655	-0.000689655	-0.000689655	-0.000689655	-0.000689655
386136	-0.003582353	-0.003582353	-0.003582353	-0.003582353	-0.003582353	-0.027723029	-0.027723029	-0.027723029	-0.027723029	-0.027723029	-0.020489116	-0.020489116	-0.020489116	-0.020489116	-0.020489116	-0.006756757	-0.006756757	-0.006756757	-0.006756757	-0.006756757	-0.004065041	-0.004065041	-0.004065041	-0.004065041	-0.004065041	-0.004065041	-0.004065041	-0.004065041	-0.004065041	-0.004065041	-0.004065041	-0.004065041	-0.004065041	-0.000421348	-0.000421348	-0.000421348	-0.000421348	-0.000421348	-0.000555556	-0.000555556	-0.000555556	-0.000555556	-0.000555556	-0.000869565	-0.000869565	-0.000869565	-0.000869565	-0.000869565	-0.000847458	-0.000847458	-0.000847458	-0.000847458	-0.000847458	-0.000689655	-0.000689655	-0.000689655	-0.000689655	-0.000689655
387252	-0.003582353	-0.003582353	-0.003582353	-0.003582353	-0.003582353	-0.027723029	-0.027723029	-0.027723029	-0.027723029	-0.027723029	-0.020489116	-0.020489116	-0.020489116	-0.020489116	-0.020489116	-0.006756757	-0.006756757	-0.006756757	-0.006756757	-0.006756757	-0.004065041	-0.004065041	-0.004065041	-0.004065041	-0.004065041	-0.004065041	-0.004065041	-0.004065041	-0.004065041	-0.004065041	-0.004065041	-0.004065041	-0.004065041	-0.000421348	-0.000421348	-0.000421348	-0.000421348	-0.000421348	-0.000555556	-0.000555556	-0.000555556	-0.000555556	-0.000555556	-0.000869565	-0.000869565	-0.000869565	-0.000869565	-0.000869565	-0.000847458	-0.000847458	-0.000847458	-0.000847458	-0.000847458	-0.000689655	-0.000689655	-0.000689655	-0.000689655	-0.000689655
388368	-0.003582353	-0.003582353	-0.003582353	-0.003582353	-0.003582353	-0.027723029	-0.027723029	-0.027723029	-0.027723029	-0.027723029	-0.020489116	-0.020489116	-0.020489116	-0.020489116	-0.020489116	-0.006756757	-0.006756757	-0.006756757	-0.006756757	-0.006756757	-0.004065041	-0.004065041	-0.004065041	-0.004065041	-0.004065041	-0.004065041	-0.004065041	-0.004065041	-0.004065041	-0.004065041	-0.004065041	-0.004065041	-0.004065041	-0.000421348	-0.000421348	-0.000421348	-0.000421348	-0.000421348	-0.000555556	-0.000555556	-0.000555556	-0.000555556	-0.000555556	-0.000869565	-0.000869565	-0.000869565	-0.000869565	-0.000869565	-0.000847458	-0.000847458	-0.000847458	-0.000847458	-0.000847458	-0.000689655	-0.000689655	-0.000689655	-0.000689655	-0.000689655
389484	-0.003582353	-0.003582353	-0.003582353	-0.003582353	-0.003582353	-0.027723029	-0.027723029	-0.027723029	-0.027723029	-0.027723029	-0.020489116	-0.020489116	-0.020489116	-0.020489116	-0.020489116	-0.006756757	-0.006756757	-0.006756757	-0.006756757	-0.006756757	-0.004065041	-0.004065041	-0.004065041	-0.004065041	-0.004065041	-0.004065041	-0.004065041	-0.004065041	-0.004065041	-0.004065041	-0.004065041	-0.004065041	-0.004065041	-0.000421348	-0.000421348	-0.000421348	-0.000421348	-0.000421348	-0.000555556	-0.000555556	-0.000555556	-0.000555556	-0.000555556	-0.000869565	-0.000869565	-0.000869565	-0.000869565	-0.000869565	-0.000847458	-0.000847458	-0.000847458	-0.000847458	-0.000847458	-0.000689655	-0.000689655	-0.000689655	-0.000689655	-0.000689655
390600	-0.003582353	-0.003582353	-0.003582353	-0.003582353	-0.003582353	-0.027723029	-0.027723029	-0.027723029	-0.027723029	-0.027723029	-0.020489116	-0.020489116	-0.020489116	-0.020489116	-0.020489116	-0.006756757	-0.006756757	-0.006756757	-0.006756757	-0.006756757	-0.004065041	-0.004065041	-0.004065041	-0.004065041	-0.004065041	-0.004065041	-0.004065041	-0.004065041	-0.004065041	-0.004065041	-0.004065041	-0.004065041	-0.004065041	-0.000421348	-0.000421348	-0.000421348	-0.000421348	-0.000421348	-0.000555556	-0.000555556	-0.000555556	-0.000555556	-0.000555556	-0.000869565	-0.000869565	-0.000869565	-0.000869565	-0.000869565	-0.000847458	-0.000847458	-0.000847458	-0.000847458	-0.000847458	-0.000689655	-0.000689655	-0.000689655	-0.000689655	-0.000689655
391716	-0.003582353	-0.003582353	-0.003582353	-0.003582353	-0.003582353	-0.027723029	-0.027723029	-0.027723029	-0.027723029	-0.027723029	-0.020489116	-0.020489116	-0.020489116	-0.020489116	-0.020489116	-0.006756757	-0.006756757	-0.006756757	-0.006756757	-0.006756757	-0.004065041	-0.004065041	-0.004065041	-0.004065041	-0.004065041	-0.004065041	-0.004065041	-0.004065041	-0.004065041	-0.004065041	-0.004065041	-0.004065041	-0.004065041	-0.000421348	-0.000421348	-0.000421348	-0.000421348	-0.000421348	-0.000555556	-0.000555556	-0.000555556	-0.000555556	-0.000555556	-0.000869565	-0.000869565	-0.000869565	-0.000869565	-0.000869565	-0.000847458	-0.000847458	-0.000847458	-0.000847458	-0.000847458	-0.000689655	-0.000689655	-0.000689655	-0.000689655	-0.000689655
392832	-0.003582353	-0.003582353	-0.003582353	-0.003582353	-0.003582353	-0.027723029	-0.027723029	-0.027723029	-0.027723029	-0.027723029	-0.020489116	-0.020489116	-0.020489116	-0.020489116	-0.020489116	-0.006756757	-0.006756757	-0.006756757	-0.006756757	-0.006756757	-0.004065041	-0.004065041	-0.004065041	-0.004065041	-0.004065041	-0.004065041	-0.004065041	-0.004065041	-0.004065041	-0.004065041	-0.004065041	-0.004065041	-0.004065041	-0.000421348	-0.000421348	-0.000421348	-0.000421348	-0.000421348	-0.000555556	-0.000555556	-0.000555556	-0.000555556	-0.000555556	-0.000869565	-0.000869565	-0.000869565	-0.000869565	-0.000869565	-0.000847458	-0.000847458	-0.000847458	-0.000847458	-0.000847458	-0.000689655	-0.000689655	-0.000689655	-0.000689655	-0.000689655
393948	-0.003582353	-0.003582353	-0.003582353	-0.003582353	-0.003582353	-0.027723029	-0.027723029	-0.027723029	-0.027723029	-0.027723029	-0.020489116	-0.020489116	-0.020489116	-0.020489116	-0.020489116	-0.006756757	-0.006756757	-0.006756757	-0.006756757	-0.006756757	-0.004065041	-0.004065041	-0.004065041	-0.004065041	-0.004065041	-0.004065041	-0.004065041	-0.004065041	-0.004065041	-0.004065041	-0.004065041	-0.004065041	-0.004065041	-0.000421348	-0.000421348	-0.000421348	-0.000421348	-0.000421348	-0.000555556	-0.000555556	-0.000555556	-0.000555556	-0.000555556	-0.000869565	-0.000869565	-0.000869565	-0.000869565	-0.000869565	-0.000847458	-0.000847458	-0.000847458	-0.000847458	-0.000847458	-0.000689655	-0.000689655	-0.000689655	-0.000689655	-0.000689655
395064	-0.003582353	-0.003582353	-0.003582353	-0.003582353	-0.003582353	-0.027723029	-0.027723029	-0.027723029	-0.027723029	-0.027723029	-0.020489116	-0.020489116	-0.020489116	-0.020489116	-0.020489116	-0.006756757	-0.006756757	-0.006756757	-0.006756757	-0.006756757	-0.004065041	-0.004065041	-0.004065041	-0.004065041	-0.004065041	-0.004065041	-0.004065041	-0.004065041	-0.004065041	-0.004065041	-0.004065041	-0.004065041	-0.004065041	-0.000421348	-0.000421348	-0.000421348	-0.000421348	-0.000421348	-0.000555556	-0.000555556	-0.000555556	-0.000555556	-0.000555556	-0.000869565	-0.000869565	-0.000869565	-0.000869565	-0.000869565	-0.000847458	-0.000847458	-0.000847458	-0.000847458	-0.000847458	-0.000689655	-0.000689655	-0.000689655	-0.000689655	-0.000689655
396180	-0.003582353	-0.003582353	-0.003582353	-0.003582353	-0.003582353	-0.027723029	-0.027723029	-0.027723029	-0.027723029	-0.027723029	-0.020489116	-0.020489116	-0.020489116	-0.020489116	-0.020489116	-0.006756757	-0.006756757	-0.006756757	-0.006756757	-0.006756757	-0.004065041	-0.004065041	-0.004065041	-0.004065041	-0.004065041	-0.004065041	-0.004065041	-0.004065041	-0.004065041	-0.004065041	-0.004065041	-0.004065041	-0.004065041	-0.000421348	-0.000421348	-0.000421348	-0.000421348	-0.000421348	-0.000555556	-0.000555556	-0.000555556	-0.000555556	-0.000555556	-0.000869565	-0.000869565	-0.000869565	-0.000869565	-0.000869565	-0.000847458	-0.000847458	-0.000847458	-0.000847458	-0.000847458	-0.000689655	-0.000689655	-0.000689655	-0.000689655	-0.000689655
397296	-0.003582353	-0.003582353	-0.003582353	-0.003582353	-0.003582353	-0.027723029	-0.027723029	-0.027723029	-0.027723029	-0.027723029	-0.020489116	-0.020489116	-0.020489116	-0.020489116	-0.020489116	-0.006756757	-0.006756757	-0.006756757	-0.006756757	-0.006756757	-0.004065041	-0.004065041	-0.004065041	-0.004065041	-0.004065041	-0.004065041	-0.004065041	-0.004065041	-0.004065041	-0.004065041	-0.004065041	-0.004065041	-0.004065041	-0.000421348	-0.000421348	-0.000421348	-0.000421348	-0.000421348	-0.000555556	-0.000555556	-0.000555556	-0.000555556	-0.000555556	-0.000869565	-0.000869565	-0.000869565	-0.000869565	-0.000869565	-0.000847458	-0.000847458	-0.000847458	-0.000847458	-0.000847458	-0.000689655	-0.000689655	-0.000689655	-0.000689655	-0.000689655
398412	-0.003582353	-0.003582353	-0.003582353	-0.003582353	-0.003582353	-0.027723029	-0.027723029	-0.027723029	-0.027723029	-0.027723029	-0.020489116	-0.020489116	-0.020489116	-0.020489116	-0.020489116	-0.006756757	-0.006756757	-0.006756757	-0.006756757	-0.006756757	-0.004065041	-0.004065041	-0.004065041	-0.004065041	-0.004065041	-0.004065041	-0.004065041	-0.004065041	-0.004065041	-0.004065041	-0.004065041	-0.004065041	-0.004065041	-0.000421348	-0.000421348	-0.000421348	-0.000421348	-0.000421348	-0.000555556	-0.000555556	-0.000555556	-0.000555556	-0.000555556	-0.000869565	-0.000869565	-0.000869565	-0.000869565	-0.000869565	-0.000847458	-0.000847458	-0.000847458	-0.000847458	-0.000847458	-0.000689655	-0.000689655	-0.000689655	-0.000689655	-0.000689655
399528	-0.003582353	-0.003582353	-0.003582353	-0.003582353	-0.003582353	-0.027723029	-0.027723029	-0.027723029	-0.027723029	-0.027723029	-0.020489116	-0.020489116	-0.020489116	-0.020489116	-0.020489116	-0.006756757	-0.006756757	-0.006756757	-0.006756757	-0.006756757	-0.004065041	-0.004065041	-0.004065041	-0.004065041	-0.004065041	-0.004065041	-0.004065041	-0.004065041	-0.004065041	-0.004065041	-0.004065041	-0.004065041	-0.004065041	-0.000421348	-0.000421348	-0.000421348	-0.000421348	-0.000421348	-0.000555556	-0.000555556	-0.000555556	-0.000555556	-0.000555556	-0.000869565	-0.000869565	-0.000869565	-0.000869565	-0.000869565	-0.000847458	-0.000847458	-0.000847458	-0.000847458	-0.000847458	-0.000689655	-0.000689655	-0.000689655	-0.000689655	-0.000689655
400644	-0.003582353	-0.003582353	-0.003582353	-0.003582353	-0.003582353	-0.027723029	-0.027723029	-0.027723029	-0.027723029	-0.027723029	-0.020489116	-0.020489116	-0.020489116	-0.020489116	-0.020489116	-0.006756757	-0.006756757	-0.006756757	-0.006756757	-0.006756757	-0.004065041	-0.004065041	-0.004065041	-0.004065041	-0.004065041	-0.004065041	-0.004065041	-0.004065041	-0.004065041	-0.004065041	-0.004065041	-0.004065041	-0.004065041	-0.000421348	-0.000421348	-0.000421348	-0.000421348	-0.000421348	-0.000555556	-0.000555556	-0.000555556	-0.000555556	-0.000555556	-0.000869565	-0.000869565	-0.000869565	-0.000869565	-0.000869565	-0.000847458	-0.000847458	-0.000847458	-0.000847458	-0.000847458	-0.000689655	-0.000689655	-0.000689655	-0.000689655	-0.000689655
401760	-0.003582353	-0.003582353	-0.003582353	-0.003582353	-0.003582353	-0.027723029	-0.027723029	-0.027723029	-0.027723029	-0.027723029	-0.020489116	-0.020489116	-0.020489116	-0.020489116	-0.020489116	-0.006756757	-0.006756757	-0.006756757	-0.006756757	-0.006756757	-0.004065041	-0.004065041	-0.004065041	-0.004065041	-0.004065041	-0.004065041	-0.004065041	-0.004065041	-0.004065041	-0.004065041	-0.004065041	-0.004065041	-0.004065041	-0.000421348	-0.000421348	-0.000421348	-0.000421348	-0.000421348	-0.000555556	-0.000555556	-0.000555556	-0.000555556	-0.000555556	-0.000869565	-0.000869565	-0.000869565	-0.000869565	-0.000869565	-0.000847458	-0.000847458	-0.000847458	-0.000847458	-0.000847458	-0.000689655	-0.000689655	-0.000689655	-0.000689655	-0.000689655
402876	-0.003582353	-0.003582353	-0.003582353	-0.003582353	-0.003582353	-0.027723029	-0.027723029	-0.027723029	-0.027723029	-0.027723029	-0.020489116	-0.020489116	-0.020489116	-0.020489116	-0.020489116	-0.006756757	-0.006756757	-0.006756757	-0.006756757	-0.006756757	-0.004065041	-0.004065041	-0.004065041	-0.004065041	-0.004065041	-0.004065041	-0.004065041	-0.004065041	-0.004065041	-0.004065041	-0.004065041	-0.004065041	-0.004065041	-0.000421348	-0.000421348	-0.000421348	-0.000421348	-0.000421348	-0.000555556	-0.000555556	-0.000555556	-0.000555556	-0.000555556	-0.000869565	-0.000869565	-0.000869565	-0.000869565	-0.000869565	-0.000847458	-0.000847458	-0.000847458	-0.000847458	-0.000847458	-0.000689655	-0.000689655	-0.000689655	-0.000689655	-0.000689655
403992	-0.003582353	-0.003582353	-0.003582353	-0.003582353	-0.003582353	-0.027723029	-0.027723029	-0.027723029	-0.027723029	-0.027723029	-0.020489116	-0.020489116	-0.020489116	-0.020489116	-0.020489116	-0.006756757	-0.006756757	-0.006756757	-0.006756757	-0.006756757	-0.004065041	-0.004065041	-0.004065041	-0.004065041	-0.004065041	-0.004065041	-0.004065041	-0.004065041	-0.004065041	-0.004065041	-0.004065041	-0.004065041	-0.004065041	-0.000421348	-0.000421348	-0.000421348	-0.000421348	-0.000421348	-0.000555556	-0.000555556	-0.000555556	-0.000555556	-0.000555556	-0.000869565	-0.000869565	-0.000869565	-0.000869565	-0.000869565	-0.000847458	-0.000847458	-0.000847458	-0.000847458	-0.000847458	-0.000689655	-0.000689655	-0.000689655	-0.000689655	-0.000689655
405108	-0.003582353	-0.003582353	-0.003582353	-0.003582353	-0.003582353	-0.027723029	-0.027723029	-0.027723029	-0.027723029	-0.027723029	-0.020489116	-0.020489116	-0.020489116	-0.020489116	-0.020489116	-0.006756757	-0.006756757	-0.006756757	-0.006756757	-0.006756757	-0.004065041	-0.004065041	-0.004065041	-0.004065041	-0.004065041	-0.004065041	-0.004065041	-0.004065041	-0.004065041	-0.004065041	-0.004065041	-0.004065041	-0.004065041	-0.000421348	-0.000421348	-0.000421348	-0.000421348	-0.000421348	-0.000555556	-0.000555556	-0.000555556	-0.000555556	-0.000555556	-0.000869565	-0.000869565	-0.000869565	-0.000869565	-0.000869565	-0.000847458	-0.000847458	-0.000847458	-0.000847458	-0.000847458	-0.000689655	-0.000689655	-0.000689655	-0.000689655	-0.000689655
406224	-0.003582353	-0.003582353	-0.003582353	-0.003582353	-0.003582353	-0.027723029	-0.027723029	-0.027723029	-0.027723029	-0.027723029	-0.020489116	-0.020489116	-0.020489116	-0.020489116	-0.020489116	-0.006756757	-0.006756757	-0.006756757	-0.006756757	-0.006756757	-0.004065041	-0.004065041	-0.004065041	-0.004065041	-0.004065041	-0.004065041	-0.004065041	-0.004065041	-0.004065041	-0.004065041	-0.004065041	-0.004065041	-0.004065041	-0.000421348	-0.000421348	-0.000421348	-0.000421348	-0.000421348	-0.000555556	-0.000555556	-0.000555556	-0.000555556	-0.000555556	-0.000869565	-0.000869565	-0.000869565	-0.000869565	-0.000869565	-0.000847458	-0.000847458	-0.000847458	-0.000847458	-0.000847458	-0.000689655	-0.000689655	-0.000689655	-0.000689655	-0.000689655
407340	-0.003582353	-0.003582353	-0.003582353	-0.003582353	-0.003582353	-0.027723029	-0.027723029	-0.027723029	-0.027723029	-0.027723029	-0.020489116	-0.020489116	-0.020489116	-0.020489116	-0.020489116	-0.006756757	-0.006756757	-0.006756757	-0.006756757	-0.006756757	-0.004065041	-0.004065041	-0.004065041	-0.004065041	-0.004065041	-0.004065041	-0.004065041	-0.004065041	-0.004065041	-0.004065041	-0.004065041	-0.004065041	-0.004065041	-0.000421348	-0.000421348	-0.000421348	-0.000421348	-0.000421348	-0.000555556	-0.000555556	-0.000555556	-0.000555556	-0.000555556	-0.000869565	-0.000869565	-0.000869565	-0.000869565	-0.000869565	-0.000847458	-0.000847458	-0.000847458	-0.000847458	-0.000847458	-0.000689655	-0.000689655	-0.000689655	-0.000689655	-0.000689655
408456	-0.003582353	-0.003582353	-0.003582353	-0.003582353	-0.003582353	-0.027723029	-0.027723029	-0.027723029	-0.027723029	-0.027723029	-0.020489116	-0.020489116	-0.020489116	-0.020489116	-0.020489116	-0.006756757	-0.006756757	-0.006756757	-0.006756757	-0.006756757	-0.004065041	-0.004065041	-0.004065041	-0.004065041	-0.004065041	-0.004065041	-0.004065041	-0.004065041	-0.004065041	-0.004065041	-0.004065041	-0.004065041	-0.004065041	-0.000421348	-0.000421348	-0.000421348	-0.000421348	-0.000421348	-0.000555556	-0.000555556	-0.000555556	-0.000555556	-0.000555556	-0.000869565	-0.000869565	-0.000869565	-0.000869565	-0.000869565	-0.000847458	-0.000847458	-0.000847458	-0.000847458	-0.000847458	-0.000689655	-0.000689655	-0.000689655	-0.000689655	-0.000689655
409572	-0.003582353	-0.003582353	-0.003582353	-0.003582353	-0.003582353	-0.027723029	-0.027723029	-0.027723029	-0.027723029	-0.027723029	-0.020489116	-0.020489116	-0.020489116	-0.020489116	-0.020489116	-0.006756757	-0.006756757	-0.006756757	-0.006756757	-0.006756757	-0.004065041	-0.004065041	-0.004065041	-0.004065041	-0.004065041	-0.004065041	-0.004065041	-0.004065041	-0.004065041	-0.004065041	-0.004065041	-0.004065041	-0.004065041	-0.000421348	-0.000421348	-0.000421348	-0.000421348	-0.000421348	-0.000555556	-0.000555556	-0.000555556	-0.000555556	-0.000555556	-0.000869565	-0.000869565	-0.000869565	-0.000869565	-0.000869565	-0.000847458	-0.000847458	-0.000847458	-0.000847458	-0.000847458	-0.000689655	-0.000689655	-0.000689655	-0.000689655	-0.000689655
410688	-0.003582353	-0.003582353	-0.003582353	-0.003582353	-0.003582353	-0.027723029	-0.027723029	-0.027723029	-0.027723029	-0.027723029	-0.020489116	-0.020489116	-0.020489116	-0.020489116	-0.020489116	-0.006756757	-0.006756757	-0.006756757	-0.006756757	-0.006756757	-0.004065041	-0.004065041	-0.004065041	-0.004065041	-0.004065041	-0.004065041	-0.004065041	-0.004065041	-0.004065041	-0.004065041	-0.004065041	-0.004065041	-0.004065041	-0.000421348	-0.000421348	-0.000421348	-0.000421348	-0.000421348	-0.000555556	-0.000555556	-0.000555556	-0.000555556	-0.000555556	-0.000869565	-0.000869565	-0.000869565	-0.000869565	-0.000869565	-0.000847458	-0.000847458	-0.000847458	-0.000847458	-0.000847458	-0.000689655	-0.000689655	-0.000689655	-0.000689655	-0.000689655
411804	-0.003582353	-0.003582353	-0.003582353	-0.003582353	-0.003582353	-0.027723029	-0.027723029	-0.027723029	-0.027723029	-0.027723029	-0.020489116	-0.020489116	-0.020489116	-0.020489116	-0.020489116	-0.006756757	-0.006756757	-0.006756757	-0.006756757	-0.006756757	-0.004065041	-0.004065041	-0.004065041	-0.004065041	-0.004065041	-0.004065041	-0.004065041	-0.004065041	-0.004065041	-0.004065041	-0.004065041	-0.004065041	-0.004065041	-0.000421348	-0.000421348	-0.000421348	-0.000421348	-0.000421348	-0.000555556	-0.000555556	-0.000555556	-0.000555556	-0.000555556	-0.000869565	-0.000869565	-0.000869565	-0.000869565	-0.000869565	-0.000847458	-0.000847458	-0.000847458	-0.000847458	-0.000847458	-0.000689655	-0.000689655	-0.000689655	-0.000689655	-0.000689655
412920	-0.003582353	-0.003582353	-0.003582353	-0.003582353	-0.003582353	-0.027723029	-0.027723029	-0.027723029	-0.027723029	-0.027723029	-0.020489116	-0.020489116	-0.020489116	-0.020489116	-0.020489116	-0.006756757	-0.006756757	-0.006756757	-0.006756757	-0.006756757	-0.004065041	-0.004065041	-0.004065041	-0.004065041	-0.004065041	-0.004065041	-0.004065041	-0.004065041	-0.004065041	-0.004065041	-0.004065041	-0.004065041	-0.004065041	-0.000421348	-0.000421348	-0.000421348	-0.000421348	-0.000421348	-0.000555556	-0.000555556	-0.000555556	-0.000555556	-0.000555556	-0.000869565	-0.000869565	-0.000869565	-0.000869565	-0.000869565	-0.000847458	-0.000847458	-0.000847458	-0.000847458	-0.000847458	-0.000689655	-0.000689655	-0.000689655	-0.000689655	-0.000689655
414036	-0.003582353	-0.003582353	-0.003582353	-0.003582353	-0.003582353	-0.027723029	-0.027723029	-0.027723029	-0.027723029	-0.027723029	-0.020489116	-0.020489116	-0.020489116	-0.020489116	-0.020489116	-0.006756757	-0.006756757	-0.006756757	-0.006756757	-0.006756757	-0.004065041	-0.004065041	-0.004065041	-0.004065041	-0.004065041	-0.004065041	-0.004065041	-0.004065041	-0.004065041	-0.004065041	-0.004065041	-0.004065041	-0.004065041	-0.000421348	-0.000421348	-0.000421348	-0.000421348	-0.000421348	-0.000555556	-0.000555556	-0.000555556	-0.000555556	-0.000555556	-0.000869565	-0.000869565	-0.000869565	-0.000869565	-0.000869565	-0.000847458	-0.000847458	-0.000847458	-0.000847458	-0.000847458	-0.000689655	-0.000689655	-0.000689655	-0.000689655	-0.000689655
415152	-0.003582353	-0.003582353	-0.003582353	-0.003582353	-0.003582353	-0.027723029	-0.027723029	-0.027723029	-0.027723029	-0.027723029	-0.020489116	-0.020489116	-0.020489116	-0.020489116	-0.020489116	-0.006756757	-0.006756757	-0.006756757	-0.006756757	-0.006756757	-0.004065041	-0.004065041	-0.004065041	-0.004065041	-0.004065041	-0.004065041	-0.004065041	-0.004065041	-0.004065041	-0.004065041	-0.004065041	-0.004065041	-0.004065041	-0.000421348	-0.000421348	-0.000421348	-0.000421348	-0.000421348	-0.000555556	-0.000555556	-0.000555556	-0.000555556	-0.000555556	-0.000869565	-0.000869565	-0.000869565	-0.000869565	-0.000869565	-0.000847458	-0.000847458	-0.000847458	-0.000847458	-0.000847458	-0.000689655	-0.000689655	-0.000689655	-0.000689655	-0.000689655
416268	-0.003582353	-0.003582353	-0.003582353	-0.003582353	-0.003582353	-0.027723029	-0.027723029	-0.027723029	-0.027723029	-0.027723029	-0.020489116	-0.020489116	-0.020489116	-0.020489116	-0.020489116	-0.006756757	-0.006756757	-0.006756757	-0.006756757	-0.006756757	-0.004065041	-0.004065041	-0.004065041	-0.004065041	-0.004065041	-0.004065041	-0.004065041	-0.004065041	-0.004065041	-0.004065041	-0.004065041	-0.004065041	-0.004065041	-0.000421348	-0.000421348	-0.000421348	-0.000421348	-0.000421348	-0.000555556	-0.000555556	-0.000555556	-0.000555556	-0.000555556	-0.000869565	-0.000869565	-0.000869565	-0.000869565	-0.000869565	-0.000847458	-0.000847458	-0.000847458	-0.000847458	-0.000847458	-0.000689655	-0.000689655	-0.000689655	-0.000689655	-0.000689655
417384	-0.003582353	-0.003582353	-0.003582353	-0.003582353	-0.003582353	-0.027723029	-0.027723029	-0.027723029	-0.027723029	-0.027723029	-0.020489116	-0.020489116	-0.020489116	-0.020489116	-0.020489116	-0.006756757	-0.006756757	-0.006756757	-0.006756757	-0.006756757	-0.004065041	-0.004065041	-0.004065041	-0.004065041	-0.004065041	-0.004065041	-0.004065041	-0.004065041	-0.004065041	-0.004065041	-0.004065041	-0.004065041	-0.004065041	-0.000421348	-0.000421348	-0.000421348	-0.000421348	-0.000421348	-0.000555556	-0.000555556	-0.000555556	-0.000555556	-0.000555556	-0.000869565	-0.000869565	-0.000869565	-0.000869565	-0.000869565	-0.000847458	-0.000847458	-0.000847458	-0.000847458	-0.000847458	-0.000689655	-0.000689655	-0.000689655	-0.000689655	-0.000689655
418500	-0.003582353	-0.003582353	-0.003582353	-0.003582353	-0.003582353	-0.027723029	-0.027723029	-0.027723029	-0.027723029	-0.027723029	-0.020489116	-0.020489116	-0.020489116	-0.020489116	-0.020489116	-0.006756757	-0.006756757	-0.006756757	-0.006756757	-0.006756757	-0.004065041	-0.004065041	-0.004065041	-0.004065041	-0.004065041	-0.004065041	-0.004065041	-0.004065041	-0.004065041	-0.004065041	-0.004065041	-0.004065041	-0.004065041	-0.000421348	-0.000421348	-0.000421348	-0.000421348	-0.000421348	-0.000555556	-0.000555556	-0.000555556	-0.000555556	-0.000555556	-0.000869565	-0.000869565	-0.000869565	-0.000869565	-0.000869565	-0.000847458	-0.000847458	-0.000847458	-0.000847458	-0.000847458	-0.000689655	-0.000689655	-0.000689655	-0.000689655	-0.000689655
419616	-0.003582353	-0.003582353	-0.003582353	-0.003582353	-0.003582353	-0.027723029	-0.027723029	-0.027723029	-0.027723029	-0.027723029	-0.020489116	-0.020489116	-0.020489116	-0.020489116	-0.020489116	-0.006756757	-0.006756757	-0.006756757	-0.006756757	-0.006756757	-0.004065041	-0.004065041	-0.004065041	-0.004065041	-0.004065041	-0.004065041	-0.004065041	-0.004065041	-0.004065041	-0.004065041	-0.004065041	-0.004065041	-0.004065041	-0.000421348	-0.000421348	-0.000421348	-0.000421348	-0.000421348	-0.000555556	-0.000555556	-0.000555556	-0.000555556	-0.000555556	-0.000869565	-0.000869565	-0.000869565	-0.000869565	-0.000869565	-0.000847458	-0.000847458	-0.000847458	-0.000847458	-0.000847458	-0.000689655	-0.000689655	-0.000689655	-0.000689655	-0.000689655
420732	-0.003582353	-0.003582353	-0.003582353	-0.003582353	-0.003582353	-0.027723029	-0.027723029	-0.027723029	-0.027723029	-0.027723029	-0.020489116	-0.020489116	-0.020489116	-0.020489116	-0.020489116	-0.006756757	-0.006756757	-0.006756757	-0.006756757	-0.006756757	-0.004065041	-0.004065041	-0.004065041	-0.004065041	-0.004065041	-0.004065041	-0.004065041	-0.004065041	-0.004065041	-0.004065041	-0.004065041	-0.004065041	-0.004065041	-0.000421348	-0.000421348	-0.000421348	-0.000421348	-0.000421348	-0.000555556	-0.000555556	-0.000555556	-0.000555556	-0.000555556	-0.000869565	-0.000869565	-0.000869565	-0.000869565	-0.000869565	-0.000847458	-0.000847458	-0.000847458	-0.000847458	-0.000847458	-0.000689655	-0.000689655	-0.000689655	-0.000689655	-0.000689655
421848	-0.003582353	-0.003582353	-0.003582353	-0.003582353	-0.003582353	-0.027723029	-0.027723029	-0.027723029	-0.027723029	-0.027723029	-0.020489116	-0.020489116	-0.020489116	-0.020489116	-0.020489116	-0.006756757	-0.006756757	-0.006756757	-0.006756757	-0.006756757	-0.004065041	-0.004065041	-0.004065041	-0.004065041	-0.004065041	-0.004065041	-0.004065041	-0.004065041	-0.004065041	-0.004065041	-0.004065041	-0.004065041	-0.004065041	-0.000421348	-0.000421348	-0.000421348	-0.000421348	-0.000421348	-0.000555556	-0.000555556	-0.000555556	-0.000555556	-0.000555556	-0.000869565	-0.000869565	-0.000869565	-0.000869565	-0.000869565	-0.000847458	-0.000847458	-0.000847458	-0.000847458	-0.000847458	-0.000689655	-0.000689655	-0.000689655	-0.000689655	-0.000689655
422964	-0.003582353	-0.003582353	-0.003582353	-0.003582353	-0.003582353	-0.027723029	-0.027723029	-0.027723029	-0.027723029	-0.027723029	-0.020489116	-0.020489116	-0.020489116	-0.020489116	-0.020489116	-0.006756757	-0.006756757	-0.006756757	-0.006756757	-0.006756757	-0.004065041	-0.004065041	-0.004065041	-0.004065041	-0.004065041	-0.004065041	-0.004065041	-0.004065041	-0.004065041	-0.004065041	-0.004065041	-0.004065041	-0.004065041	-0.000421348	-0.000421348	-0.000421348	-0.000421348	-0.000421348	-0.000555556	-0.000555556	-0.000555556	-0.000555556	-0.000555556	-0.000869565	-0.000869565	-0.000869565	-0.000869565	-0.000869565	-0.000847458	-0.000847458	-0.000847458	-0.000847458	-0.000847458	-0.000689655	-0.000689655	-0.000689655	-0.000689655	-0.000689655
424080	-0.003582353	-0.003582353	-0.003582353	-0.003582353	-0.003582353	-0.027723029	-0.027723029	-0.027723029	-0.027723029	-0.027723029	-0.020489116	-0.020489116	-0.020489116	-0.020489116	-0.020489116	-0.006756757	-0.006756757	-0.006756757	-0.006756757	-0.006756757	-0.004065041	-0.004065041	-0.004065041	-0.004065041	-0.004065041	-0.004065041	-0.004065041	-0.004065041	-0.004065041	-0.004065041	-0.004065041	-0.004065041	-0.004065041	-0.000421348	-0.000421348	-0.000421348	-0.000421348	-0.000421348	-0.000555556	-0.000555556	-0.000555556	-0.000555556	-0.000555556	-0.000869565	-0.000869565	-0.000869565	-0.000869565	-0.000869565	-0.000847458	-0.000847458	-0.000847458	-0.000847458	-0.000847458	-0.000689655	-0.000689655	-0.000689655	-0.000689655	-0.000689655
425196	-0.003582353	-0.003582353	-0.003582353	-0.003582353	-0.003582353	-0.027723029	-0.027723029	-0.027723029	-0.027723029	-0.027723029	-0.020489116	-0.020489116	-0.020489116	-0.020489116	-0.020489116	-0.006756757	-0.006756757	-0.006756757	-0.006756757	-0.006756757	-0.004065041	-0.004065041	-0.004065041	-0.004065041	-0.004065041	-0.004065041	-0.004065041	-0.004065041	-0.004065041	-0.004065041	-0.004065041	-0.004065041	-0.004065041	-0.000421348	-0.000421348	-0.000421348	-0.000421348	-0.000421348	-0.000555556	-0.000555556	-0.000555556	-0.000555556	-0.000555556	-0.000869565	-0.000869565	-0.000869565	-0.000869565	-0.000869565	-0.000847458	-0.000847458	-0.000847458	-0.000847458	-0.000847458	-0.000689655	-0.000689655	-0.000689655	-0.000689655	-0.000689655
426312	-0.003582353	-0.003582353	-0.003582353	-0.003582353	-0.003582353	-0.027723029	-0.027723029	-0.027723029	-0.027723029	-0.027723029	-0.020489116	-0.020489116	-0.020489116	-0.020489116	-0.020489116	-0.006756757	-0.006756757	-0.006756757	-0.006756757	-0.006756757	-0.004065041	-0.004065041	-0.004065041	-0.004065041	-0.004065041	-0.004065041	-0.004065041	-0.004065041	-0.004065041	-0.004065041	-0.004065041	-0.004065041	-0.004065041	-0.000421348	-0.000421348	-0.000421348	-0.000421348	-0.000421348	-0.000555556	-0.000555556	-0.000555556	-0.000555556	-0.000555556	-0.000869565	-0.000869565	-0.000869565	-0.000869565	-0.000869565	-0.000847458	-0.000847458	-0.000847458	-0.000847458	-0.000847458	-0.000689655	-0.000689655	-0.000689655	-0.000689655	-0.000689655
427428	-0.003582353	-0.003582353	-0.003582353	-0.003582353	-0.003582353	-0.027723029	-0.027723029	-0.027723029	-0.027723029	-0.027723029	-0.020489116	-0.020489116	-0.020489116	-0.020489116	-0.020489116	-0.006756757	-0.006756757	-0.006756757	-0.006756757	-0.006756757	-0.004065041	-0.004065041	-0.004065041	-0.004065041	-0.004065041	-0.004065041	-0.004065041	-0.004065041	-0.004065041	-0.004065041	-0.004065041	-0.004065041	-0.004065041	-0.000421348	-0.000421348	-0.000421348	-0.000421348	-0.000421348	-0.000555556	-0.000555556	-0.000555556	-0.000555556	-0.000555556	-0.000869565	-0.000869565	-0.000869565	-0.000869565	-0.000869565	-0.000847458	-0.000847458	-0.000847458	-0.000847458	-0.000847458	-0.000689655	-0.000689655	-0.000689655	-0.000689655	-0.000689655
428544	-0.003582353	-0.003582353	-0.003582353	-0.003582353	-0.003582353	-0.027723029	-0.027723029	-0.027723029	-0.027723029	-0.027723029	-0.020489116	-0.020489116	-0.020489116	-0.020489116	-0.020489116	-0.006756757	-0.006756757	-0.006756757	-0.006756757	-0.006756757	-0.004065041	-0.004065041	-0.004065041	-0.004065041	-0.004065041	-0.004065041	-0.004065041	-0.004065041	-0.004065041	-0.004065041	-0.004065041	-0.004065041	-0.004065041	-0.000421348	-0.000421348	-0.000421348	-0.000421348	-0.000421348	-0.000555556	-0.000555556	-0.000555556	-0.000555556	-0.000555556	-0.000869565	-0.000869565	-0.000869565	-0.000869565	-0.000869565	-0.000847458	-0.000847458	-0.000847458	-0.000847458	-0.000847458	-0.000689655	-0.000689655	-0.000689655	-0.000689655	-0.000689655
429660	-0.003582353	-0.003582353	-0.003582353	-0.003582353	-0.003582353	-0.027723029	-0.027723029	-0.027723029	-0.027723029	-0.027723029	-0.020489116	-0.020489116	-0.020489116	-0.020489116	-0.020489116	-0.006756757	-0.006756757	-0.006756757	-0.006756757	-0.006756757	-0.004065041	-0.004065041	-0.004065041	-0.004065041	-0.004065041	-0.004065041	-0.004065041	-0.004065041	-0.004065041	-0.004065041	-0.004065041	-0.004065041	-0.004065041	-0.000421348	-0.000421348	-0.000421348	-0.000421348	-0.000421348	-0.000555556	-0.000555556	-0.000555556	-0.000555556	-0.000555556	-0.000869565	-0.000869565	-0.000869565	-0.000869565	-0.000869565	-0.000847458	-0.000847458	-0.000847458	-0.000847458	-0.000847458	-0.000689655	-0.000689655	-0.000689655	-0.000689655	-0.000689655
430776	-0.003582353	-0.003582353	-0.003582353	-0.003582353	-0.003582353	-0.027723029	-0.027723029	-0.027723029	-0.027723029	-0.027723029	-0.020489116	-0.020489116	-0.020489116	-0.020489116	-0.020489116	-0.006756757	-0.006756757	-0.006756757	-0.006756757	-0.006756757	-0.004065041	-0.004065041	-0.004065041	-0.004065041	-0.004065041	-0.004065041	-0.004065041	-0.004065041	-0.004065041	-0.004065041	-0.004065041	-0.004065041	-0.004065041	-0.000421348	-0.000421348	-0.000421348	-0.000421348	-0.000421348	-0.000555556	-0.000555556	-0.000555556	-0.000555556	-0.000555556	-0.000869565	-0.000869565	-0.000869565	-0.000869565	-0.000869565	-0.000847458	-0.000847458	-0.000847458	-0.000847458	-0.000847458	-0.000689655	-0.000689655	-0.000689655	-0.000689655	-0.000689655
431892	-0.003582353	-0.003582353	-0.003582353	-0.003582353	-0.003582353	-0.027723029	-0.027723029	-0.027723029	-0.027723029	-0.027723029	-0.020489116	-0.020489116	-0.020489116	-0.020489116	-0.020489116	-0.006756757	-0.006756757	-0.006756757	-0.006756757	-0.006756757	-0.004065041	-0.004065041	-0.004065041	-0.004065041	-0.004065041	-0.004065041	-0.004065041	-0.004065041	-0.004065041	-0.004065041	-0.004065041	-0.004065041	-0.004065041	-0.000421348	-0.000421348	-0.000421348	-0.000421348	-0.000421348	-0.000555556	-0.000555556	-0.000555556	-0.000555556	-0.000555556	-0.000869565	-0.000869565	-0.000869565	-0.000869565	-0.000869565	-0.000847458	-0.000847458	-0.000847458	-0.000847458	-0.000847458	-0.000689655	-0.000689655	-0.000689655	-0.000689655	-0.000689655
433008	-0.003582353	-0.003582353	-0.003582353	-0.003582353	-0.003582353	-0.027723029	-0.027723029	-0.027723029	-0.027723029	-0.027723029	-0.020489116	-0.020489116	-0.020489116	-0.020489116	-0.020489116	-0.006756757	-0.006756757	-0.006756757	-0.006756757	-0.006756757	-0.004065041	-0.004065041	-0.004065041	-0.004065041	-0.004065041	-0.004065041	-0.004065041	-0.004065041	-0.004065041	-0.004065041	-0.004065041	-0.004065041	-0.004065041	-0.000421348	-0.000421348	-0.000421348	-0.000421348	-0.000421348	-0.000555556	-0.000555556	-0.000555556	-0.000555556	-0.000555556	-0.000869565	-0.000869565	-0.000869565	-0.000869565	-0.000869565	-0.000847458	-0.000847458	-0.000847458	-0.000847458	-0.000847458	-0.000689655	-0.000689655	-0.000689655	-0.000689655	-0.000689655
434124	-0.003582353	-0.003582353	-0.003582353	-0.003582353	-0.003582353	-0.027723029	-0.027723029	-0.027723029	-0.027723029	-0.027723029	-0.020489116	-0.020489116	-0.020489116	-0.020489116	-0.020489116	-0.006756757	-0.006756757	-0.006756757	-0.006756757	-0.006756757	-0.004065041	-0.004065041	-0.004065041	-0.004065041	-0.004065041	-0.004065041	-0.004065041	-0.004065041	-0.004065041	-0.004065041	-0.004065041	-0.004065041	-0.004065041	-0.000421348	-0.000421348	-0.000421348	-0.000421348	-0.000421348	-0.000555556	-0.000555556	-0.000555556	-0.000555556	-0.000555556	-0.000869565	-0.000869565	-0.000869565	-0.000869565	-0.000869565	-0.000847458	-0.000847458	-0.000847458	-0.000847458	-0.000847458	-0.000689655	-0.000689655	-0.000689655	-0.000689655	-0.000689655
435240	-0.003582353	-0.003582353	-0.003582353	-0.003582353	-0.003582353	-0.027723029	-0.027723029	-0.027723029	-0.027723029	-0.027723029	-0.020489116	-0.020489116	-0.020489116	-0.020489116	-0.020489116	-0.006756757	-0.006756757	-0.006756757	-0.006756757	-0.006756757	-0.004065041	-0.004065041	-0.004065041	-0.004065041	-0.004065041	-0.004065041	-0.004065041	-0.004065041	-0.004065041	-0.004065041	-0.004065041	-0.004065041	-0.004065041	-0.000421348	-0.000421348	-0.000421348	-0.000421348	-0.000421348	-0.000555556	-0.000555556	-0.000555556	-0.000555556	-0.000555556	-0.000869565	-0.000869565	-0.000869565	-0.000869565	-0.000869565	-0.000847458	-0.000847458	-0.000847458	-0.000847458	-0.000847458	-0.000689655	-0.000689655	-0.000689655	-0.000689655	-0.000689655
436356	-0.003582353	-0.003582353	-0.003582353	-0.003582353	-0.003582353	-0.027723029	-0.027723029	-0.027723029	-0.027723029	-0.027723029	-0.020489116	-0.020489116	-0.020489116	-0.020489116	-0.020489116	-0.006756757	-0.006756757	-0.006756757	-0.006756757	-0.006756757	-0.004065041	-0.004065041	-0.004065041	-0.004065041	-0.004065041	-0.004065041	-0.004065041	-0.004065041	-0.004065041	-0.004065041	-0.004065041	-0.004065041	-0.004065041	-0.000421348	-0.000421348	-0.000421348	-0.000421348	-0.000421348	-0.000555556	-0.000555556	-0.000555556	-0.000555556	-0.000555556	-0.000869565	-0.000869565	-0.000869565	-0.000869565	-0.000869565	-0.000847458	-0.000847458	-0.000847458	-0.000847458	-0.000847458	-0.000689655	-0.000689655	-0.000689655	-0.000689655	-0.000689655
437472	-0.003582353	-0.003582353	-0.003582353	-0.003582353	-0.003582353	-0.027723029	-0.027723029	-0.027723029	-0.027723029	-0.027723029	-0.020489116	-0.020489116	-0.020489116	-0.020489116	-0.020489116	-0.006756757	-0.006756757	-0.006756757	-0.006756757	-0.006756757	-0.004065041	-0.004065041	-0.004065041	-0.004065041	-0.004065041	-0.004065041	-0.004065041	-0.004065041	-0.004065041	-0.004065041	-0.004065041	-0.004065041	-0.004065041	-0.000421348	-0.000421348	-0.000421348	-0.000421348	-0.000421348	-0.000555556	-0.000555556	-0.000555556	-0.000555556	-0.000555556	-0.000869565	-0.000869565	-0.000869565	-0.000869565	-0.000869565	-0.000847458	-0.000847458	-0.000847458	-0.000847458	-0.000847458	-0.000689655	-0.000689655	-0.000689655	-0.000689655	-0.000689655
438588	-0.003582353	-0.003582353	-0.003582353	-0.003582353	-0.003582353	-0.027723029	-0.027723029	-0.027723029	-0.027723029	-0.027723029	-0.020489116	-0.020489116	-0.020489116	-0.020489116	-0.020489116	-0.006756757	-0.006756757	-0.006756757	-0.006756757	-0.006756757	-0.004065041	-0.004065041	-0.004065041	-0.004065041	-0.004065041	-0.004065041	-0.004065041	-0.004065041	-0.004065041	-0.004065041	-0.004065041	-0.004065041	-0.004065041	-0.000421348	-0.000421348	-0.000421348	-0.000421348	-0.000421348	-0.000555556	-0.000555556	-0.000555556	-0.000555556	-0.000555556	-0.000869565	-0.000869565	-0.000869565	-0.000869565	-0.000869565	-0.000847458	-0.000847458	-0.000847458	-0.000847458	-0.000847458	-0.000689655	-0.000689655	-0.000689655	-0.000689655	-0.000689655
439704	-0.003582353	-0.003582353	-0.003582353	-0.003582353	-0.003582353	-0.027723029	-0.027723029	-0.027723029	-0.027723029	-0.027723029	-0.020489116	-0.020489116	-0.020489116	-0.020489116	-0.020489116	-0.006756757	-0.006756757	-0.006756757	-0.006756757	-0.006756757	-0.004065041	-0.004065041	-0.004065041	-0.004065041	-0.004065041	-0.004065041	-0.004065041	-0.004065041	-0.004065041	-0.004065041	-0.004065041	-0.004065041	-0.004065041	-0.000421348	-0.000421348	-0.000421348	-0.000421348	-0.000421348	-0.000555556	-0.000555556	-0.000555556	-0.000555556	-0.000555556	-0.000869565	-0.000869565	-0.000869565	-0.000869565	-0.000869565	-0.000847458	-0.000847458	-0.000847458	-0.000847458	-0.000847458	-0.000689655	-0.000689655	-0.000689655	-0.000689655	-0.000689655
440820	-0.003582353	-0.003582353	-0.003582353	-0.003582353	-0.003582353	-0.027723029	-0.027723029	-0.027723029	-0.027723029	-0.027723029	-0.020489116	-0.020489116	-0.020489116	-0.020489116	-0.020489116	-0.006756757	-0.006756757	-0.006756757	-0.006756757	-0.006756757	-0.004065041	-0.004065041	-0.004065041	-0.004065041	-0.004065041	-0.004065041	-0.004065041	-0.004065041	-0.004065041	-0.004065041	-0.004065041	-0.004065041	-0.004065041	-0.000421348	-0.000421348	-0.000421348	-0.000421348	-0.000421348	-0.000555556	-0.000555556	-0.000555556	-0.000555556	-0.000555556	-0.000869565	-0.000869565	-0.000869565	-0.000869565	-0.000869565	-0.000847458	-0.000847458	-0.000847458	-0.000847458	-0.000847458	-0.000689655	-0.000689655	-0.000689655	-0.000689655	-0.000689655
441936	-0.003582353	-0.003582353	-0.003582353	-0.003582353	-0.003582353	-0.027723029	-0.027723029	-0.027723029	-0.027723029	-0.027723029	-0.020489116	-0.020489116	-0.020489116	-0.020489116	-0.020489116	-0.006756757	-0.006756757	-0.006756757	-0.006756757	-0.006756757	-0.004065041	-0.004065041	-0.004065041	-0.004065041	-0.004065041	-0.004065041	-0.004065041	-0.004065041	-0.004065041	-0.004065041	-0.004065041	-0.004065041	-0.004065041	-0.000421348	-0.000421348	-0.000421348	-0.000421348	-0.000421348	-0.000555556	-0.000555556	-0.000555556	-0.000555556	-0.000555556	-0.000869565	-0.000869565	-0.000869565	-0.000869565	-0.000869565	-0.000847458	-0.000847458	-0.000847458	-0.000847458	-0.000847458	-0.000689655	-0.000689655	-0.000689655	-0.000689655	-0.000689655
443052	-0.003582353	-0.003582353	-0.003582353	-0.003582353	-0.003582353	-0.027723029	-0.027723029	-0.027723029	-0.027723029	-0.027723029	-0.020489116	-0.020489116	-0.020489116	-0.020489116	-0.020489116	-0.006756757	-0.006756757	-0.006756757	-0.006756757	-0.006756757	-0.004065041	-0.004065041	-0.004065041	-0.004065041	-0.004065041	-0.004065041	-0.004065041	-0.004065041	-0.004065041	-0.004065041	-0.004065041	-0.004065041	-0.004065041	-0.000421348	-0.000421348	-0.000421348	-0.000421348	-0.000421348	-0.000555556	-0.000555556	-0.000555556	-0.000555556	-0.000555556	-0.000869565	-0.000869565	-0.000869565	-0.000869565	-0.000869565	-0.000847458	-0.000847458	-0.000847458	-0.000847458	-0.000847458	-0.000689655	-0.000689655	-0.000689655	-0.000689655	-0.000689655
444168	-0.003582353	-0.003582353	-0.003582353	-0.003582353	-0.003582353	-0.027723029	-0.027723029	-0.027723029	-0.027723029	-0.027723029	-0.020489116	-0.020489116	-0.020489116	-0.020489116	-0.020489116	-0.006756757	-0.006756757	-0.006756757	-0.006756757	-0.006756757	-0.004065041	-0.004065041	-0.004065041	-0.004065041	-0.004065041	-0.004065041	-0.004065041	-0.004065041	-0.004065041	-0.004065041	-0.004065041	-0.004065041	-0.004065041	-0.000421348	-0.000421348	-0.000421348	-0.000421348	-0.000421348	-0.000555556	-0.000555556	-0.000555556	-0.000555556	-0.000555556	-0.000869565	-0.000869565	-0.000869565	-0.000869565	-0.000869565	-0.000847458	-0.000847458	-0.000847458	-0.000847458	-0.000847458	-0.000689655	-0.000689655	-0.000689655	-0.000689655	-0.000689655
445284	-0.003582353	-0.003582353	-0.003582353	-0.003582353	-0.003582353	-0.027723029	-0.027723029	-0.027723029	-0.027723029	-0.027723029	-0.020489116	-0.020489116	-0.020489116	-0.020489116	-0.020489116	-0.006756757	-0.006756757	-0.006756757	-0.006756757	-0.006756757	-0.004065041	-0.004065041	-0.004065041	-0.004065041	-0.004065041	-0.004065041	-0.004065041	-0.004065041	-0.004065041	-0.004065041	-0.004065041	-0.004065041	-0.004065041	-0.000421348	-0.000421348	-0.000421348	-0.000421348	-0.000421348	-0.000555556	-0.000555556	-0.000555556	-0.000555556	-0.000555556	-0.000869565	-0.000869565	-0.000869565	-0.000869565	-0.000869565	-0.000847458	-0.000847458	-0.000847458	-0.000847458	-0.000847458	-0.000689655	-0.000689655	-0.000689655	-0.000689655	-0.000689655
446400	-0.003582353	-0.003582353	-0.003582353	-0.003582353	-0.003582353	-0.027723029	-0.027723029	-0.027723029	-0.027723029	-0.027723029	-0.020489116	-0.020489116	-0.020489116	-0.020489116	-0.020489116	-0.006756757	-0.006756757	-0.006756757	-0.006756757	-0.006756757	-0.004065041	-0.004065041	-0.004065041	-0.004065041	-0.004065041	-0.004065041	-0.004065041	-0.004065041	-0.004065041	-0.004065041	-0.004065041	-0.004065041	-0.004065041	-0.000421348	-0.000421348	-0.000421348	-0.000421348	-0.000421348	-0.000555556	-0.000555556	-0.000555556	-0.000555556	-0.000555556	-0.000869565	-0.000869565	-0.000869565	-0.000869565	-0.000869565	-0.000847458	-0.000847458	-0.000847458	-0.000847458	-0.000847458	-0.000689655	-0.000689655	-0.000689655	-0.000689655	-0.000689655
447516	-0.003582353	-0.003582353	-0.003582353	-0.003582353	-0.003582353	-0.027723029	-0.027723029	-0.027723029	-0.027723029	-0.027723029	-0.020489116	-0.020489116	-0.020489116	-0.020489116	-0.020489116	-0.006756757	-0.006756757	-0.006756757	-0.006756757	-0.006756757	-0.004065041	-0.004065041	-0.004065041	-0.004065041	-0.004065041	-0.004065041	-0.004065041	-0.004065041	-0.004065041	-0.004065041	-0.004065041	-0.004065041	-0.004065041	-0.000421348	-0.000421348	-0.000421348	-0.000421348	-0.000421348	-0.000555556	-0.000555556	-0.000555556	-0.000555556	-0.000555556	-0.000869565	-0.000869565	-0.000869565	-0.000869565	-0.000869565	-0.000847458	-0.000847458	-0.000847458	-0.000847458	-0.000847458	-0.000689655	-0.000689655	-0.000689655	-0.000689655	-0.000689655
448632	-0.003582353	-0.003582353	-0.003582353	-0.003582353	-0.003582353	-0.027723029	-0.027723029	-0.027723029	-0.027723029	-0.027723029	-0.020489116	-0.020489116	-0.020489116	-0.020489116	-0.020489116	-0.006756757	-0.006756757	-0.006756757	-0.006756757	-0.006756757	-0.004065041	-0.004065041	-0.004065041	-0.004065041	-0.004065041	-0.004065041	-0.004065041	-0.004065041	-0.004065041	-0.004065041	-0.004065041	-0.004065041	-0.004065041	-0.000421348	-0.000421348	-0.000421348	-0.000421348	-0.000421348	-0.000555556	-0.000555556	-0.000555556	-0.000555556	-0.000555556	-0.000869565	-0.000869565	-0.000869565	-0.000869565	-0.000869565	-0.000847458	-0.000847458	-0.000847458	-0.000847458	-0.000847458	-0.000689655	-0.000689655	-0.000689655	-0.000689655	-0.000689655
449748	-0.003582353	-0.003582353	-0.003582353	-0.003582353	-0.003582353	-0.027723029	-0.027723029	-0.027723029	-0.027723029	-0.027723029	-0.020489116	-0.020489116	-0.020489116	-0.020489116	-0.020489116	-0.006756757	-0.006756757	-0.006756757	-0.006756757	-0.006756757	-0.004065041	-0.004065041	-0.004065041	-0.004065041	-0.004065041	-0.004065041	-0.004065041	-0.004065041	-0.004065041	-0.004065041	-0.004065041	-0.004065041	-0.004065041	-0.000421348	-0.000421348	-0.000421348	-0.000421348	-0.000421348	-0.000555556	-0.000555556	-0.000555556	-0.000555556	-0.000555556	-0.000869565	-0.000869565	-0.000869565	-0.000869565	-0.000869565	-0.000847458	-0.000847458	-0.000847458	-0.000847458	-0.000847458	-0.000689655	-0.000689655	-0.000689655	-0.000689655	-0.000689655
450864	-0.003582353	-0.003582353	-0.003582353	-0.003582353	-0.003582353	-0.027723029	-0.027723029	-0.027723029	-0.027723029	-0.027723029	-0.020489116	-0.020489116	-0.020489116	-0.020489116	-0.020489116	-0.006756757	-0.006756757	-0.006756757	-0.006756757	-0.006756757	-0.004065041	-0.004065041	-0.004065041	-0.004065041	-0.004065041	-0.004065041	-0.004065041	-0.004065041	-0.004065041	-0.004065041	-0.004065041	-0.004065041	-0.004065041	-0.000421348	-0.000421348	-0.000421348	-0.000421348	-0.000421348	-0.000555556	-0.000555556	-0.000555556	-0.000555556	-0.000555556	-0.000869565	-0.000869565	-0.000869565	-0.000869565	-0.000869565	-0.000847458	-0.000847458	-0.000847458	-0.000847458	-0.000847458	-0.000689655	-0.000689655	-0.000689655	-0.000689655	-0.000689655
451980	-0.003582353	-0.003582353	-0.003582353	-0.003582353	-0.003582353	-0.027723029	-0.027723029	-0.027723029	-0.027723029	-0.027723029	-0.020489116	-0.020489116	-0.020489116	-0.020489116	-0.020489116	-0.006756757	-0.006756757	-0.006756757	-0.006756757	-0.006756757	-0.004065041	-0.004065041	-0.004065041	-0.004065041	-0.004065041	-0.004065041	-0.004065041	-0.004065041	-0.004065041	-0.004065041	-0.004065041	-0.004065041	-0.004065041	-0.000421348	-0.000421348	-0.000421348	-0.000421348	-0.000421348	-0.000555556	-0.000555556	-0.000555556	-0.000555556	-0.000555556	-0.000869565	-0.000869565	-0.000869565	-0.000869565	-0.000869565	-0.000847458	-0.000847458	-0.000847458	-0.000847458	-0.000847458	-0.000689655	-0.000689655	-0.000689655	-0.000689655	-0.000689655
453096	-0.003582353	-0.003582353	-0.003582353	-0.003582353	-0.003582353	-0.027723029	-0.027723029	-0.027723029	-0.027723029	-0.027723029	-0.020489116	-0.020489116	-0.020489116	-0.020489116	-0.020489116	-0.006756757	-0.006756757	-0.006756757	-0.006756757	-0.006756757	-0.004065041	-0.004065041	-0.004065041	-0.004065041	-0.004065041	-0.004065041	-0.004065041	-0.004065041	-0.004065041	-0.004065041	-0.004065041	-0.004065041	-0.004065041	-0.000421348	-0.000421348	-0.000421348	-0.000421348	-0.000421348	-0.000555556	-0.000555556	-0.000555556	-0.000555556	-0.000555556	-0.000869565	-0.000869565	-0.000869565	-0.000869565	-0.000869565	-0.000847458	-0.000847458	-0.000847458	-0.000847458	-0.000847458	-0.000689655	-0.000689655	-0.000689655	-0.000689655	-0.000689655
454212	-0.003582353	-0.003582353	-0.003582353	-0.003582353	-0.003582353	-0.027723029	-0.027723029	-0.027723029	-0.027723029	-0.027723029	-0.020489116	-0.020489116	-0.020489116	-0.020489116	-0.020489116	-0.006756757	-0.006756757	-0.006756757	-0.006756757	-0.006756757	-0.004065041	-0.004065041	-0.004065041	-0.004065041	-0.004065041	-0.004065041	-0.004065041	-0.004065041	-0.004065041	-0.004065041	-0.004065041	-0.004065041	-0.004065041	-0.000421348	-0.000421348	-0.000421348	-0.000421348	-0.000421348	-0.000555556	-0.000555556	-0.000555556	-0.000555556	-0.000555556	-0.000869565	-0.000869565	-0.000869565	-0.000869565	-0.000869565	-0.000847458	-0.000847458	-0.000847458	-0.000847458	-0.000847458	-0.000689655	-0.000689655	-0.000689655	-0.000689655	-0.000689655
455328	-0.003582353	-0.003582353	-0.003582353	-0.003582353	-0.003582353	-0.027723029	-0.027723029	-0.027723029	-0.027723029	-0.027723029	-0.020489116	-0.020489116	-0.020489116	-0.020489116	-0.020489116	-0.006756757	-0.006756757	-0.006756757	-0.006756757	-0.006756757	-0.004065041	-0.004065041	-0.004065041	-0.004065041	-0.004065041	-0.004065041	-0.004065041	-0.004065041	-0.004065041	-0.004065041	-0.004065041	-0.004065041	-0.004065041	-0.000421348	-0.000421348	-0.000421348	-0.000421348	-0.000421348	-0.000555556	-0.000555556	-0.000555556	-0.000555556	-0.000555556	-0.000869565	-0.000869565	-0.000869565	-0.000869565	-0.000869565	-0.000847458	-0.000847458	-0.000847458	-0.000847458	-0.000847458	-0.000689655	-0.000689655	-0.000689655	-0.000689655	-0.000689655
456444	-0.003582353	-0.003582353	-0.003582353	-0.003582353	-0.003582353	-0.027723029	-0.027723029	-0.027723029	-0.027723029	-0.027723029	-0.020489116	-0.020489116	-0.020489116	-0.020489116	-0.020489116	-0.006756757	-0.006756757	-0.006756757	-0.006756757	-0.006756757	-0.004065041	-0.004065041	-0.004065041	-0.004065041	-0.004065041	-0.004065041	-0.004065041	-0.004065041	-0.004065041	-0.004065041	-0.004065041	-0.004065041	-0.004065041	-0.000421348	-0.000421348	-0.000421348	-0.000421348	-0.000421348	-0.000555556	-0.000555556	-0.000555556	-0.000555556	-0.000555556	-0.000869565	-0.000869565	-0.000869565	-0.000869565	-0.000869565	-0.000847458	-0.000847458	-0.000847458	-0.000847458	-0.000847458	-0.000689655	-0.000689655	-0.000689655	-0.000689655	-0.000689655
457560	-0.003582353	-0.003582353	-0.003582353	-0.003582353	-0.003582353	-0.027723029	-0.027723029	-0.027723029	-0.027723029	-0.027723029	-0.020489116	-0.020489116	-0.020489116	-0.020489116	-0.020489116	-0.006756757	-0.006756757	-0.006756757	-0.006756757	-0.006756757	-0.004065041	-0.004065041	-0.004065041	-0.004065041	-0.004065041	-0.004065041	-0.004065041	-0.004065041	-0.004065041	-0.004065041	-0.004065041	-0.004065041	-0.004065041	-0.000421348	-0.000421348	-0.000421348	-0.000421348	-0.000421348	-0.000555556	-0.000555556	-0.000555556	-0.000555556	-0.000555556	-0.000869565	-0.000869565	-0.000869565	-0.000869565	-0.000869565	-0.000847458	-0.000847458	-0.000847458	-0.000847458	-0.000847458	-0.000689655	-0.000689655	-0.000689655	-0.000689655	-0.000689655
458676	-0.003582353	-0.003582353	-0.003582353	-0.003582353	-0.003582353	-0.027723029	-0.027723029	-0.027723029	-0.027723029	-0.027723029	-0.020489116	-0.020489116	-0.020489116	-0.020489116	-0.020489116	-0.006756757	-0.006756757	-0.006756757	-0.006756757	-0.006756757	-0.004065041	-0.004065041	-0.004065041	-0.004065041	-0.004065041	-0.004065041	-0.004065041	-0.004065041	-0.004065041	-0.004065041	-0.004065041	-0.004065041	-0.004065041	-0.000421348	-0.000421348	-0.000421348	-0.000421348	-0.000421348	-0.000555556	-0.000555556	-0.000555556	-0.000555556	-0.000555556	-0.000869565	-0.000869565	-0.000869565	-0.000869565	-0.000869565	-0.000847458	-0.000847458	-0.000847458	-0.000847458	-0.000847458	-0.000689655	-0.000689655	-0.000689655	-0.000689655	-0.000689655
459792	-0.003582353	-0.003582353	-0.003582353	-0.003582353	-0.003582353	-0.027723029	-0.027723029	-0.027723029	-0.027723029	-0.027723029	-0.020489116	-0.020489116	-0.020489116	-0.020489116	-0.020489116	-0.006756757	-0.006756757	-0.006756757	-0.006756757	-0.006756757	-0.004065041	-0.004065041	-0.004065041	-0.004065041	-0.004065041	-0.004065041	-0.004065041	-0.004065041	-0.004065041	-0.004065041	-0.004065041	-0.004065041	-0.004065041	-0.000421348	-0.000421348	-0.000421348	-0.000421348	-0.000421348	-0.000555556	-0.000555556	-0.000555556	-0.000555556	-0.000555556	-0.000869565	-0.000869565	-0.000869565	-0.000869565	-0.000869565	-0.000847458	-0.000847458	-0.000847458	-0.000847458	-0.000847458	-0.000689655	-0.000689655	-0.000689655	-0.000689655	-0.000689655
460908	-0.003582353	-0.003582353	-0.003582353	-0.003582353	-0.003582353	-0.027723029	-0.027723029	-0.027723029	-0.027723029	-0.027723029	-0.020489116	-0.020489116	-0.020489116	-0.020489116	-0.020489116	-0.006756757	-0.006756757	-0.006756757	-0.006756757	-0.006756757	-0.004065041	-0.004065041	-0.004065041	-0.004065041	-0.004065041	-0.004065041	-0.004065041	-0.004065041	-0.004065041	-0.004065041	-0.004065041	-0.004065041	-0.004065041	-0.000421348	-0.000421348	-0.000421348	-0.000421348	-0.000421348	-0.000555556	-0.000555556	-0.000555556	-0.000555556	-0.000555556	-0.000869565	-0.000869565	-0.000869565	-0.000869565	-0.000869565	-0.000847458	-0.000847458	-0.000847458	-0.000847458	-0.000847458	-0.000689655	-0.000689655	-0.000689655	-0.000689655	-0.000689655
462024	-0.003582353	-0.003582353	-0.003582353	-0.003582353	-0.003582353	-0.027723029	-0.027723029	-0.027723029	-0.027723029	-0.027723029	-0.020489116	-0.020489116	-0.020489116	-0.020489116	-0.020489116	-0.006756757	-0.006756757	-0.006756757	-0.006756757	-0.006756757	-0.004065041	-0.004065041	-0.004065041	-0.004065041	-0.004065041	-0.004065041	-0.004065041	-0.004065041	-0.004065041	-0.004065041	-0.004065041	-0.004065041	-0.004065041	-0.000421348	-0.000421348	-0.000421348	-0.000421348	-0.000421348	-0.000555556	-0.000555556	-0.000555556	-0.000555556	-0.000555556	-0.000869565	-0.000869565	-0.000869565	-0.000869565	-0.000869565	-0.000847458	-0.000847458	-0.000847458	-0.000847458	-0.000847458	-0.000689655	-0.000689655	-0.000689655	-0.000689655	-0.000689655
463140	-0.003582353	-0.003582353	-0.003582353	-0.003582353	-0.003582353	-0.027723029	-0.027723029	-0.027723029	-0.027723029	-0.027723029	-0.020489116	-0.020489116	-0.020489116	-0.020489116	-0.020489116	-0.006756757	-0.006756757	-0.006756757	-0.006756757	-0.006756757	-0.004065041	-0.004065041	-0.004065041	-0.004065041	-0.004065041	-0.004065041	-0.004065041	-0.004065041	-0.004065041	-0.004065041	-0.004065041	-0.004065041	-0.004065041	-0.000421348	-0.000421348	-0.000421348	-0.000421348	-0.000421348	-0.000555556	-0.000555556	-0.000555556	-0.000555556	-0.000555556	-0.000869565	-0.000869565	-0.000869565	-0.000869565	-0.000869565	-0.000847458	-0.000847458	-0.000847458	-0.000847458	-0.000847458	-0.000689655	-0.000689655	-0.000689655	-0.000689655	-0.000689655
464256	-0.003582353	-0.003582353	-0.003582353	-0.003582353	-0.003582353	-0.027723029	-0.027723029	-0.027723029	-0.027723029	-0.027723029	-0.020489116	-0.020489116	-0.020489116	-0.020489116	-0.020489116	-0.006756757	-0.006756757	-0.006756757	-0.006756757	-0.006756757	-0.004065041	-0.004065041	-0.004065041	-0.004065041	-0.004065041	-0.004065041	-0.004065041	-0.004065041	-0.004065041	-0.004065041	-0.004065041	-0.004065041	-0.004065041	-0.000421348	-0.000421348	-0.000421348	-0.000421348	-0.000421348	-0.000555556	-0.000555556	-0.000555556	-0.000555556	-0.000555556	-0.000869565	-0.000869565	-0.000869565	-0.000869565	-0.000869565	-0.000847458	-0.000847458	-0.000847458	-0.000847458	-0.000847458	-0.000689655	-0.000689655	-0.000689655	-0.000689655	-0.000689655
465372	-0.003582353	-0.003582353	-0.003582353	-0.003582353	-0.003582353	-0.027723029	-0.027723029	-0.027723029	-0.027723029	-0.027723029	-0.020489116	-0.020489116	-0.020489116	-0.020489116	-0.020489116	-0.006756757	-0.006756757	-0.006756757	-0.006756757	-0.006756757	-0.004065041	-0.004065041	-0.004065041	-0.004065041	-0.004065041	-0.004065041	-0.004065041	-0.004065041	-0.004065041	-0.004065041	-0.004065041	-0.004065041	-0.004065041	-0.000421348	-0.000421348	-0.000421348	-0.000421348	-0.000421348	-0.000555556	-0.000555556	-0.000555556	-0.000555556	-0.000555556	-0.000869565	-0.000869565	-0.000869565	-0.000869565	-0.000869565	-0.000847458	-0.000847458	-0.000847458	-0.000847458	-0.000847458	-0.000689655	-0.000689655	-0.000689655	-0.000689655	-0.000689655
466488	-0.003582353	-0.003582353	-0.003582353	-0.003582353	-0.003582353	-0.027723029	-0.027723029	-0.027723029	-0.027723029	-0.027723029	-0.020489116	-0.020489116	-0.020489116	-0.020489116	-0.020489116	-0.006756757	-0.006756757	-0.006756757	-0.006756757	-0.006756757	-0.004065041	-0.004065041	-0.004065041	-0.004065041	-0.004065041	-0.004065041	-0.004065041	-0.004065041	-0.004065041	-0.004065041	-0.004065041	-0.004065041	-0.004065041	-0.000421348	-0.000421348	-0.000421348	-0.000421348	-0.000421348	-0.000555556	-0.000555556	-0.000555556	-0.000555556	-0.000555556	-0.000869565	-0.000869565	-0.000869565	-0.000869565	-0.000869565	-0.000847458	-0.000847458	-0.000847458	-0.000847458	-0.000847458	-0.000689655	-0.000689655	-0.000689655	-0.000689655	-0.000689655
467604	-0.003582353	-0.003582353	-0.003582353	-0.003582353	-0.003582353	-0.027723029	-0.027723029	-0.027723029	-0.027723029	-0.027723029	-0.020489116	-0.020489116	-0.020489116	-0.020489116	-0.020489116	-0.006756757	-0.006756757	-0.006756757	-0.006756757	-0.006756757	-0.004065041	-0.004065041	-0.004065041	-0.004065041	-0.004065041	-0.004065041	-0.004065041	-0.004065041	-0.004065041	-0.004065041	-0.004065041	-0.004065041	-0.004065041	-0.000421348	-0.000421348	-0.000421348	-0.000421348	-0.000421348	-0.000555556	-0.000555556	-0.000555556	-0.000555556	-0.000555556	-0.000869565	-0.000869565	-0.000869565	-0.000869565	-0.000869565	-0.000847458	-0.000847458	-0.000847458	-0.000847458	-0.000847458	-0.000689655	-0.000689655	-0.000689655	-0.000689655	-0.000689655
468720	-0.003582353	-0.003582353	-0.003582353	-0.003582353	-0.003582353	-0.027723029	-0.027723029	-0.027723029	-0.027723029	-0.027723029	-0.020489116	-0.020489116	-0.020489116	-0.020489116	-0.020489116	-0.006756757	-0.006756757	-0.006756757	-0.006756757	-0.006756757	-0.004065041	-0.004065041	-0.004065041	-0.004065041	-0.004065041	-0.004065041	-0.004065041	-0.004065041	-0.004065041	-0.004065041	-0.004065041	-0.004065041	-0.004065041	-0.000421348	-0.000421348	-0.000421348	-0.000421348	-0.000421348	-0.000555556	-0.000555556	-0.000555556	-0.000555556	-0.000555556	-0.000869565	-0.000869565	-0.000869565	-0.000869565	-0.000869565	-0.000847458	-0.000847458	-0.000847458	-0.000847458	-0.000847458	-0.000689655	-0.000689655	-0.000689655	-0.000689655	-0.000689655
469836	-0.003582353	-0.003582353	-0.003582353	-0.003582353	-0.003582353	-0.027723029	-0.027723029	-0.027723029	-0.027723029	-0.027723029	-0.020489116	-0.020489116	-0.020489116	-0.020489116	-0.020489116	-0.006756757	-0.006756757	-0.006756757	-0.006756757	-0.006756757	-0.004065041	-0.004065041	-0.004065041	-0.004065041	-0.004065041	-0.004065041	-0.004065041	-0.004065041	-0.004065041	-0.004065041	-0.004065041	-0.004065041	-0.004065041	-0.000421348	-0.000421348	-0.000421348	-0.000421348	-0.000421348	-0.000555556	-0.000555556	-0.000555556	-0.000555556	-0.000555556	-0.000869565	-0.000869565	-0.000869565	-0.000869565	-0.000869565	-0.000847458	-0.000847458	-0.000847458	-0.000847458	-0.000847458	-0.000689655	-0.000689655	-0.000689655	-0.000689655	-0.000689655
470952	-0.003582353	-0.003582353	-0.003582353	-0.003582353	-0.003582353	-0.027723029	-0.027723029	-0.027723029	-0.027723029	-0.027723029	-0.020489116	-0.020489116	-0.020489116	-0.020489116	-0.020489116	-0.006756757	-0.006756757	-0.006756757	-0.006756757	-0.006756757	-0.004065041	-0.004065041	-0.004065041	-0.004065041	-0.004065041	-0.004065041	-0.004065041	-0.004065041	-0.004065041	-0.004065041	-0.004065041	-0.004065041	-0.004065041	-0.000421348	-0.000421348	-0.000421348	-0.000421348	-0.000421348	-0.000555556	-0.000555556	-0.000555556	-0.000555556	-0.000555556	-0.000869565	-0.000869565	-0.000869565	-0.000869565	-0.000869565	-0.000847458	-0.000847458	-0.000847458	-0.000847458	-0.000847458	-0.000689655	-0.000689655	-0.000689655	-0.000689655	-0.000689655
472068	-0.003582353	-0.003582353	-0.003582353	-0.003582353	-0.003582353	-0.027723029	-0.027723029	-0.027723029	-0.027723029	-0.027723029	-0.020489116	-0.020489116	-0.020489116	-0.020489116	-0.020489116	-0.006756757	-0.006756757	-0.006756757	-0.006756757	-0.006756757	-0.004065041	-0.004065041	-0.004065041	-0.004065041	-0.004065041	-0.004065041	-0.004065041	-0.004065041	-0.004065041	-0.004065041	-0.004065041	-0.004065041	-0.004065041	-0.000421348	-0.000421348	-0.000421348	-0.000421348	-0.000421348	-0.000555556	-0.000555556	-0.000555556	-0.000555556	-0.000555556	-0.000869565	-0.000869565	-0.000869565	-0.000869565	-0.000869565	-0.000847458	-0.000847458	-0.000847458	-0.000847458	-0.000847458	-0.000689655	-0.000689655	-0.000689655	-0.000689655	-0.000689655
473184	-0.003582353	-0.003582353	-0.003582353	-0.003582353	-0.003582353	-0.027723029	-0.027723029	-0.027723029	-0.027723029	-0.027723029	-0.020489116	-0.020489116	-0.020489116	-0.020489116	-0.020489116	-0.006756757	-0.006756757	-0.006756757	-0.006756757	-0.006756757	-0.004065041	-0.004065041	-0.004065041	-0.004065041	-0.004065041	-0.004065041	-0.004065041	-0.004065041	-0.004065041	-0.004065041	-0.004065041	-0.004065041	-0.004065041	-0.000421348	-0.000421348	-0.000421348	-0.000421348	-0.000421348	-0.000555556	-0.000555556	-0.000555556	-0.000555556	-0.000555556	-0.000869565	-0.000869565	-0.000869565	-0.000869565	-0.000869565	-0.000847458	-0.000847458	-0.000847458	-0.000847458	-0.000847458	-0.000689655	-0.000689655	-0.000689655	-0.000689655	-0.000689655
474300	-0.003582353	-0.003582353	-0.003582353	-0.003582353	-0.003582353	-0.027723029	-0.027723029	-0.027723029	-0.027723029	-0.027723029	-0.020489116	-0.020489116	-0.020489116	-0.020489116	-0.020489116	-0.006756757	-0.006756757	-0.006756757	-0.006756757	-0.006756757	-0.004065041	-0.004065041	-0.004065041	-0.004065041	-0.004065041	-0.004065041	-0.004065041	-0.004065041	-0.004065041	-0.004065041	-0.004065041	-0.004065041	-0.004065041	-0.000421348	-0.000421348	-0.000421348	-0.000421348	-0.000421348	-0.000555556	-0.000555556	-0.000555556	-0.000555556	-0.000555556	-0.000869565	-0.000869565	-0.000869565	-0.000869565	-0.000869565	-0.000847458	-0.000847458	-0.000847458	-0.000847458	-0.000847458	-0.000689655	-0.000689655	-0.000689655	-0.000689655	-0.000689655
475416	-0.003582353	-0.003582353	-0.003582353	-0.003582353	-0.003582353	-0.027723029	-0.027723029	-0.027723029	-0.027723029	-0.027723029	-0.020489116	-0.020489116	-0.020489116	-0.020489116	-0.020489116	-0.006756757	-0.006756757	-0.006756757	-0.006756757	-0.006756757	-0.004065041	-0.004065041	-0.004065041	-0.004065041	-0.004065041	-0.004065041	-0.004065041	-0.004065041	-0.004065041	-0.004065041	-0.004065041	-0.004065041	-0.004065041	-0.000421348	-0.000421348	-0.000421348	-0.000421348	-0.000421348	-0.000555556	-0.000555556	-0.000555556	-0.000555556	-0.000555556	-0.000869565	-0.000869565	-0.000869565	-0.000869565	-0.000869565	-0.000847458	-0.000847458	-0.000847458	-0.000847458	-0.000847458	-0.000689655	-0.000689655	-0.000689655	-0.000689655	-0.000689655
476532	-0.003582353	-0.003582353	-0.003582353	-0.003582353	-0.003582353	-0.027723029	-0.027723029	-0.027723029	-0.027723029	-0.027723029	-0.020489116	-0.020489116	-0.020489116	-0.020489116	-0.020489116	-0.006756757	-0.006756757	-0.006756757	-0.006756757	-0.006756757	-0.004065041	-0.004065041	-0.004065041	-0.004065041	-0.004065041	-0.004065041	-0.004065041	-0.004065041	-0.004065041	-0.004065041	-0.004065041	-0.004065041	-0.004065041	-0.000421348	-0.000421348	-0.000421348	-0.000421348	-0.000421348	-0.000555556	-0.000555556	-0.000555556	-0.000555556	-0.000555556	-0.000869565	-0.000869565	-0.000869565	-0.000869565	-0.000869565	-0.000847458	-0.000847458	-0.000847458	-0.000847458	-0.000847458	-0.000689655	-0.000689655	-0.000689655	-0.000689655	-0.000689655
477648	-0.003582353	-0.003582353	-0.003582353	-0.003582353	-0.003582353	-0.027723029	-0.027723029	-0.027723029	-0.027723029	-0.027723029	-0.020489116	-0.020489116	-0.020489116	-0.020489116	-0.020489116	-0.006756757	-0.006756757	-0.006756757	-0.006756757	-0.006756757	-0.004065041	-0.004065041	-0.004065041	-0.004065041	-0.004065041	-0.004065041	-0.004065041	-0.004065041	-0.004065041	-0.004065041	-0.004065041	-0.004065041	-0.004065041	-0.000421348	-0.000421348	-0.000421348	-0.000421348	-0.000421348	-0.000555556	-0.000555556	-0.000555556	-0.000555556	-0.000555556	-0.000869565	-0.000869565	-0.000869565	-0.000869565	-0.000869565	-0.000847458	-0.000847458	-0.000847458	-0.000847458	-0.000847458	-0.000689655	-0.000689655	-0.000689655	-0.000689655	-0.000689655
478764	-0.003582353	-0.003582353	-0.003582353	-0.003582353	-0.003582353	-0.027723029	-0.027723029	-0.027723029	-0.027723029	-0.027723029	-0.020489116	-0.020489116	-0.020489116	-0.020489116	-0.020489116	-0.006756757	-0.006756757	-0.006756757	-0.006756757	-0.006756757	-0.004065041	-0.004065041	-0.004065041	-0.004065041	-0.004065041	-0.004065041	-0.004065041	-0.004065041	-0.004065041	-0.004065041	-0.004065041	-0.004065041	-0.004065041	-0.000421348	-0.000421348	-0.000421348	-0.000421348	-0.000421348	-0.000555556	-0.000555556	-0.000555556	-0.000555556	-0.000555556	-0.000869565	-0.000869565	-0.000869565	-0.000869565	-0.000869565	-0.000847458	-0.000847458	-0.000847458	-0.000847458	-0.000847458	-0.000689655	-0.000689655	-0.000689655	-0.000689655	-0.000689655
479880	-0.003582353	-0.003582353	-0.003582353	-0.003582353	-0.003582353	-0.027723029	-0.027723029	-0.027723029	-0.027723029	-0.027723029	-0.020489116	-0.020489116	-0.020489116	-0.020489116	-0.020489116	-0.006756757	-0.006756757	-0.006756757	-0.006756757	-0.006756757	-0.004065041	-0.004065041	-0.004065041	-0.004065041	-0.004065041	-0.004065041	-0.004065041	-0.004065041	-0.004065041	-0.004065041	-0.004065041	-0.004065041	-0.004065041	-0.000421348	-0.000421348	-0.000421348	-0.000421348	-0.000421348	-0.000555556	-0.000555556	-0.000555556	-0.000555556	-0.000555556	-0.000869565	-0.000869565	-0.000869565	-0.000869565	-0.000869565	-0.000847458	-0.000847458	-0.000847458	-0.000847458	-0.000847458	-0.000689655	-0.000689655	-0.000689655	-0.000689655	-0.000689655
480996	-0.003582353	-0.003582353	-0.003582353	-0.003582353	-0.003582353	-0.027723029	-0.027723029	-0.027723029	-0.027723029	-0.027723029	-0.020489116	-0.020489116	-0.020489116	-0.020489116	-0.020489116	-0.006756757	-0.006756757	-0.006756757	-0.006756757	-0.006756757	-0.004065041	-0.004065041	-0.004065041	-0.004065041	-0.004065041	-0.004065041	-0.004065041	-0.004065041	-0.004065041	-0.004065041	-0.004065041	-0.004065041	-0.004065041	-0.000421348	-0.000421348	-0.000421348	-0.000421348	-0.000421348	-0.000555556	-0.000555556	-0.000555556	-0.000555556	-0.000555556	-0.000869565	-0.000869565	-0.000869565	-0.000869565	-0.000869565	-0.000847458	-0.000847458	-0.000847458	-0.000847458	-0.000847458	-0.000689655	-0.000689655	-0.000689655	-0.000689655	-0.000689655
482112	-0.003582353	-0.003582353	-0.003582353	-0.003582353	-0.003582353	-0.027723029	-0.027723029	-0.027723029	-0.027723029	-0.027723029	-0.020489116	-0.020489116	-0.020489116	-0.020489116	-0.020489116	-0.006756757	-0.006756757	-0.006756757	-0.006756757	-0.006756757	-0.004065041	-0.004065041	-0.004065041	-0.004065041	-0.004065041	-0.004065041	-0.004065041	-0.004065041	-0.004065041	-0.004065041	-0.004065041	-0.004065041	-0.004065041	-0.000421348	-0.000421348	-0.000421348	-0.000421348	-0.000421348	-0.000555556	-0.000555556	-0.000555556	-0.000555556	-0.000555556	-0.000869565	-0.000869565	-0.000869565	-0.000869565	-0.000869565	-0.000847458	-0.000847458	-0.000847458	-0.000847458	-0.000847458	-0.000689655	-0.000689655	-0.000689655	-0.000689655	-0.000689655
483228	-0.003582353	-0.003582353	-0.003582353	-0.003582353	-0.003582353	-0.027723029	-0.027723029	-0.027723029	-0.027723029	-0.027723029	-0.020489116	-0.020489116	-0.020489116	-0.020489116	-0.020489116	-0.006756757	-0.006756757	-0.006756757	-0.006756757	-0.006756757	-0.004065041	-0.004065041	-0.004065041	-0.004065041	-0.004065041	-0.004065041	-0.004065041	-0.004065041	-0.004065041	-0.004065041	-0.004065041	-0.004065041	-0.004065041	-0.000421348	-0.000421348	-0.000421348	-0.000421348	-0.000421348	-0.000555556	-0.000555556	-0.000555556	-0.000555556	-0.000555556	-0.000869565	-0.000869565	-0.000869565	-0.000869565	-0.000869565	-0.000847458	-0.000847458	-0.000847458	-0.000847458	-0.000847458	-0.000689655	-0.000689655	-0.000689655	-0.000689655	-0.000689655
484344	-0.003582353	-0.003582353	-0.003582353	-0.003582353	-0.003582353	-0.027723029	-0.027723029	-0.027723029	-0.027723029	-0.027723029	-0.020489116	-0.020489116	-0.020489116	-0.020489116	-0.020489116	-0.006756757	-0.006756757	-0.006756757	-0.006756757	-0.006756757	-0.004065041	-0.004065041	-0.004065041	-0.004065041	-0.004065041	-0.004065041	-0.004065041	-0.004065041	-0.004065041	-0.004065041	-0.004065041	-0.004065041	-0.004065041	-0.000421348	-0.000421348	-0.000421348	-0.000421348	-0.000421348	-0.000555556	-0.000555556	-0.000555556	-0.000555556	-0.000555556	-0.000869565	-0.000869565	-0.000869565	-0.000869565	-0.000869565	-0.000847458	-0.000847458	-0.000847458	-0.000847458	-0.000847458	-0.000689655	-0.000689655	-0.000689655	-0.000689655	-0.000689655
485460	-0.003582353	-0.003582353	-0.003582353	-0.003582353	-0.003582353	-0.027723029	-0.027723029	-0.027723029	-0.027723029	-0.027723029	-0.020489116	-0.020489116	-0.020489116	-0.020489116	-0.020489116	-0.006756757	-0.006756757	-0.006756757	-0.006756757	-0.006756757	-0.004065041	-0.004065041	-0.004065041	-0.004065041	-0.004065041	-0.004065041	-0.004065041	-0.004065041	-0.004065041	-0.004065041	-0.004065041	-0.004065041	-0.004065041	-0.000421348	-0.000421348	-0.000421348	-0.000421348	-0.000421348	-0.000555556	-0.000555556	-0.000555556	-0.000555556	-0.000555556	-0.000869565	-0.000869565	-0.000869565	-0.000869565	-0.000869565	-0.000847458	-0.000847458	-0.000847458	-0.000847458	-0.000847458	-0.000689655	-0.000689655	-0.000689655	-0.000689655	-0.000689655
486576	-0.003582353	-0.003582353	-0.003582353	-0.003582353	-0.003582353	-0.027723029	-0.027723029	-0.027723029	-0.027723029	-0.027723029	-0.020489116	-0.020489116	-0.020489116	-0.020489116	-0.020489116	-0.006756757	-0.006756757	-0.006756757	-0.006756757	-0.006756757	-0.004065041	-0.004065041	-0.004065041	-0.004065041	-0.004065041	-0.004065041	-0.004065041	-0.004065041	-0.004065041	-0.004065041	-0.004065041	-0.004065041	-0.004065041	-0.000421348	-0.000421348	-0.000421348	-0.000421348	-0.000421348	-0.000555556	-0.000555556	-0.000555556	-0.000555556	-0.000555556	-0.000869565	-0.000869565	-0.000869565	-0.000869565	-0.000869565	-0.000847458	-0.000847458	-0.000847458	-0.000847458	-0.000847458	-0.000689655	-0.000689655	-0.000689655	-0.000689655	-0.000689655
487692	-0.003582353	-0.003582353	-0.003582353	-0.003582353	-0.003582353	-0.027723029	-0.027723029	-0.027723029	-0.027723029	-0.027723029	-0.020489116	-0.020489116	-0.020489116	-0.020489116	-0.020489116	-0.006756757	-0.006756757	-0.006756757	-0.006756757	-0.006756757	-0.004065041	-0.004065041	-0.004065041	-0.004065041	-0.004065041	-0.004065041	-0.004065041	-0.004065041	-0.004065041	-0.004065041	-0.004065041	-0.004065041	-0.004065041	-0.000421348	-0.000421348	-0.000421348	-0.000421348	-0.000421348	-0.000555556	-0.000555556	-0.000555556	-0.000555556	-0.000555556	-0.000869565	-0.000869565	-0.000869565	-0.000869565	-0.000869565	-0.000847458	-0.000847458	-0.000847458	-0.000847458	-0.000847458	-0.000689655	-0.000689655	-0.000689655	-0.000689655	-0.000689655
488808	-0.003582353	-0.003582353	-0.003582353	-0.003582353	-0.003582353	-0.027723029	-0.027723029	-0.027723029	-0.027723029	-0.027723029	-0.020489116	-0.020489116	-0.020489116	-0.020489116	-0.020489116	-0.006756757	-0.006756757	-0.006756757	-0.006756757	-0.006756757	-0.004065041	-0.004065041	-0.004065041	-0.004065041	-0.004065041	-0.004065041	-0.004065041	-0.004065041	-0.004065041	-0.004065041	-0.004065041	-0.004065041	-0.004065041	-0.000421348	-0.000421348	-0.000421348	-0.000421348	-0.000421348	-0.000555556	-0.000555556	-0.000555556	-0.000555556	-0.000555556	-0.000869565	-0.000869565	-0.000869565	-0.000869565	-0.000869565	-0.000847458	-0.000847458	-0.000847458	-0.000847458	-0.000847458	-0.000689655	-0.000689655	-0.000689655	-0.000689655	-0.000689655
489924	-0.003582353	-0.003582353	-0.003582353	-0.003582353	-0.003582353	-0.027723029	-0.027723029	-0.027723029	-0.027723029	-0.027723029	-0.020489116	-0.020489116	-0.020489116	-0.020489116	-0.020489116	-0.006756757	-0.006756757	-0.006756757	-0.006756757	-0.006756757	-0.004065041	-0.004065041	-0.004065041	-0.004065041	-0.004065041	-0.004065041	-0.004065041	-0.004065041	-0.004065041	-0.004065041	-0.004065041	-0.004065041	-0.004065041	-0.000421348	-0.000421348	-0.000421348	-0.000421348	-0.000421348	-0.000555556	-0.000555556	-0.000555556	-0.000555556	-0.000555556	-0.000869565	-0.000869565	-0.000869565	-0.000869565	-0.000869565	-0.000847458	-0.000847458	-0.000847458	-0.000847458	-0.000847458	-0.000689655	-0.000689655	-0.000689655	-0.000689655	-0.000689655
491040	-0.003582353	-0.003582353	-0.003582353	-0.003582353	-0.003582353	-0.027723029	-0.027723029	-0.027723029	-0.027723029	-0.027723029	-0.020489116	-0.020489116	-0.020489116	-0.020489116	-0.020489116	-0.006756757	-0.006756757	-0.006756757	-0.006756757	-0.006756757	-0.004065041	-0.004065041	-0.004065041	-0.004065041	-0.004065041	-0.004065041	-0.004065041	-0.004065041	-0.004065041	-0.004065041	-0.004065041	-0.004065041	-0.004065041	-0.000421348	-0.000421348	-0.000421348	-0.000421348	-0.000421348	-0.000555556	-0.000555556	-0.000555556	-0.000555556	-0.000555556	-0.000869565	-0.000869565	-0.000869565	-0.000869565	-0.000869565	-0.000847458	-0.000847458	-0.000847458	-0.000847458	-0.000847458	-0.000689655	-0.000689655	-0.000689655	-0.000689655	-0.000689655
492156	-0.003582353	-0.003582353	-0.003582353	-0.003582353	-0.003582353	-0.027723029	-0.027723029	-0.027723029	-0.027723029	-0.027723029	-0.020489116	-0.020489116	-0.020489116	-0.020489116	-0.020489116	-0.006756757	-0.006756757	-0.006756757	-0.006756757	-0.006756757	-0.004065041	-0.004065041	-0.004065041	-0.004065041	-0.004065041	-0.004065041	-0.004065041	-0.004065041	-0.004065041	-0.004065041	-0.004065041	-0.004065041	-0.004065041	-0.000421348	-0.000421348	-0.000421348	-0.000421348	-0.000421348	-0.000555556	-0.000555556	-0.000555556	-0.000555556	-0.000555556	-0.000869565	-0.000869565	-0.000869565	-0.000869565	-0.000869565	-0.000847458	-0.000847458	-0.000847458	-0.000847458	-0.000847458	-0.000689655	-0.000689655	-0.000689655	-0.000689655	-0.000689655
493272	-0.003582353	-0.003582353	-0.003582353	-0.003582353	-0.003582353	-0.027723029	-0.027723029	-0.027723029	-0.027723029	-0.027723029	-0.020489116	-0.020489116	-0.020489116	-0.020489116	-0.020489116	-0.006756757	-0.006756757	-0.006756757	-0.006756757	-0.006756757	-0.004065041	-0.004065041	-0.004065041	-0.004065041	-0.004065041	-0.004065041	-0.004065041	-0.004065041	-0.004065041	-0.004065041	-0.004065041	-0.004065041	-0.004065041	-0.000421348	-0.000421348	-0.000421348	-0.000421348	-0.000421348	-0.000555556	-0.000555556	-0.000555556	-0.000555556	-0.000555556	-0.000869565	-0.000869565	-0.000869565	-0.000869565	-0.000869565	-0.000847458	-0.000847458	-0.000847458	-0.000847458	-0.000847458	-0.000689655	-0.000689655	-0.000689655	-0.000689655	-0.000689655
494388	-0.003582353	-0.003582353	-0.003582353	-0.003582353	-0.003582353	-0.027723029	-0.027723029	-0.027723029	-0.027723029	-0.027723029	-0.020489116	-0.020489116	-0.020489116	-0.020489116	-0.020489116	-0.006756757	-0.006756757	-0.006756757	-0.006756757	-0.006756757	-0.004065041	-0.004065041	-0.004065041	-0.004065041	-0.004065041	-0.004065041	-0.004065041	-0.004065041	-0.004065041	-0.004065041	-0.004065041	-0.004065041	-0.004065041	-0.000421348	-0.000421348	-0.000421348	-0.000421348	-0.000421348	-0.000555556	-0.000555556	-0.000555556	-0.000555556	-0.000555556	-0.000869565	-0.000869565	-0.000869565	-0.000869565	-0.000869565	-0.000847458	-0.000847458	-0.000847458	-0.000847458	-0.000847458	-0.000689655	-0.000689655	-0.000689655	-0.000689655	-0.000689655
495504	-0.003582353	-0.003582353	-0.003582353	-0.003582353	-0.003582353	-0.027723029	-0.027723029	-0.027723029	-0.027723029	-0.027723029	-0.020489116	-0.020489116	-0.020489116	-0.020489116	-0.020489116	-0.006756757	-0.006756757	-0.006756757	-0.006756757	-0.006756757	-0.004065041	-0.004065041	-0.004065041	-0.004065041	-0.004065041	-0.004065041	-0.004065041	-0.004065041	-0.004065041	-0.004065041	-0.004065041	-0.004065041	-0.004065041	-0.000421348	-0.000421348	-0.000421348	-0.000421348	-0.000421348	-0.000555556	-0.000555556	-0.000555556	-0.000555556	-0.000555556	-0.000869565	-0.000869565	-0.000869565	-0.000869565	-0.000869565	-0.000847458	-0.000847458	-0.000847458	-0.000847458	-0.000847458	-0.000689655	-0.000689655	-0.000689655	-0.000689655	-0.000689655
496620	-0.003582353	-0.003582353	-0.003582353	-0.003582353	-0.003582353	-0.027723029	-0.027723029	-0.027723029	-0.027723029	-0.027723029	-0.020489116	-0.020489116	-0.020489116	-0.020489116	-0.020489116	-0.006756757	-0.006756757	-0.006756757	-0.006756757	-0.006756757	-0.004065041	-0.004065041	-0.004065041	-0.004065041	-0.004065041	-0.004065041	-0.004065041	-0.004065041	-0.004065041	-0.004065041	-0.004065041	-0.004065041	-0.004065041	-0.000421348	-0.000421348	-0.000421348	-0.000421348	-0.000421348	-0.000555556	-0.000555556	-0.000555556	-0.000555556	-0.000555556	-0.000869565	-0.000869565	-0.000869565	-0.000869565	-0.000869565	-0.000847458	-0.000847458	-0.000847458	-0.000847458	-0.000847458	-0.000689655	-0.000689655	-0.000689655	-0.000689655	-0.000689655
497736	-0.003582353	-0.003582353	-0.003582353	-0.003582353	-0.003582353	-0.027723029	-0.027723029	-0.027723029	-0.027723029	-0.027723029	-0.020489116	-0.020489116	-0.020489116	-0.020489116	-0.020489116	-0.006756757	-0.006756757	-0.006756757	-0.006756757	-0.006756757	-0.004065041	-0.004065041	-0.004065041	-0.004065041	-0.004065041	-0.004065041	-0.004065041	-0.004065041	-0.004065041	-0.004065041	-0.004065041	-0.004065041	-0.004065041	-0.000421348	-0.000421348	-0.000421348	-0.000421348	-0.000421348	-0.000555556	-0.000555556	-0.000555556	-0.000555556	-0.000555556	-0.000869565	-0.000869565	-0.000869565	-0.000869565	-0.000869565	-0.000847458	-0.000847458	-0.000847458	-0.000847458	-0.000847458	-0.000689655	-0.000689655	-0.000689655	-0.000689655	-0.000689655
498852	-0.003582353	-0.003582353	-0.003582353	-0.003582353	-0.003582353	-0.027723029	-0.027723029	-0.027723029	-0.027723029	-0.027723029	-0.020489116	-0.020489116	-0.020489116	-0.020489116	-0.020489116	-0.006756757	-0.006756757	-0.006756757	-0.006756757	-0.006756757	-0.004065041	-0.004065041	-0.004065041	-0.004065041	-0.004065041	-0.004065041	-0.004065041	-0.004065041	-0.004065041	-0.004065041	-0.004065041	-0.004065041	-0.004065041	-0.000421348	-0.000421348	-0.000421348	-0.000421348	-0.000421348	-0.000555556	-0.000555556	-0.000555556	-0.000555556	-0.000555556	-0.000869565	-0.000869565	-0.000869565	-0.000869565	-0.000869565	-0.000847458	-0.000847458	-0.000847458	-0.000847458	-0.000847458	-0.000689655	-0.000689655	-0.000689655	-0.000689655	-0.000689655
499968	-0.003582353	-0.003582353	-0.003582353	-0.003582353	-0.003582353	-0.027723029	-0.027723029	-0.027723029	-0.027723029	-0.027723029	-0.020489116	-0.020489116	-0.020489116	-0.020489116	-0.020489116	-0.006756757	-0.006756757	-0.006756757	-0.006756757	-0.006756757	-0.004065041	-0.004065041	-0.004065041	-0.004065041	-0.004065041	-0.004065041	-0.004065041	-0.004065041	-0.004065041	-0.004065041	-0.004065041	-0.004065041	-0.004065041	-0.000421348	-0.000421348	-0.000421348	-0.000421348	-0.000421348	-0.000555556	-0.000555556	-0.000555556	-0.000555556	-0.000555556	-0.000869565	-0.000869565	-0.000869565	-0.000869565	-0.000869565	-0.000847458	-0.000847458	-0.000847458	-0.000847458	-0.000847458	-0.000689655	-0.000689655	-0.000689655	-0.000689655	-0.000689655
501084	-0.003582353	-0.003582353	-0.003582353	-0.003582353	-0.003582353	-0.027723029	-0.027723029	-0.027723029	-0.027723029	-0.027723029	-0.020489116	-0.020489116	-0.020489116	-0.020489116	-0.020489116	-0.006756757	-0.006756757	-0.006756757	-0.006756757	-0.006756757	-0.004065041	-0.004065041	-0.004065041	-0.004065041	-0.004065041	-0.004065041	-0.004065041	-0.004065041	-0.004065041	-0.004065041	-0.004065041	-0.004065041	-0.004065041	-0.000421348	-0.000421348	-0.000421348	-0.000421348	-0.000421348	-0.000555556	-0.000555556	-0.000555556	-0.000555556	-0.000555556	-0.000869565	-0.000869565	-0.000869565	-0.000869565	-0.000869565	-0.000847458	-0.000847458	-0.000847458	-0.000847458	-0.000847458	-0.000689655	-0.000689655	-0.000689655	-0.000689655	-0.000689655
502200	-0.003582353	-0.003582353	-0.003582353	-0.003582353	-0.003582353	-0.027723029	-0.027723029	-0.027723029	-0.027723029	-0.027723029	-0.020489116	-0.020489116	-0.020489116	-0.020489116	-0.020489116	-0.006756757	-0.006756757	-0.006756757	-0.006756757	-0.006756757	-0.004065041	-0.004065041	-0.004065041	-0.004065041	-0.004065041	-0.004065041	-0.004065041	-0.004065041	-0.004065041	-0.004065041	-0.004065041	-0.004065041	-0.004065041	-0.000421348	-0.000421348	-0.000421348	-0.000421348	-0.000421348	-0.000555556	-0.000555556	-0.000555556	-0.000555556	-0.000555556	-0.000869565	-0.000869565	-0.000869565	-0.000869565	-0.000869565	-0.000847458	-0.000847458	-0.000847458	-0.000847458	-0.000847458	-0.000689655	-0.000689655	-0.000689655	-0.000689655	-0.000689655
503316	-0.003582353	-0.003582353	-0.003582353	-0.003582353	-0.003582353	-0.027723029	-0.027723029	-0.027723029	-0.027723029	-0.027723029	-0.020489116	-0.020489116	-0.020489116	-0.020489116	-0.020489116	-0.006756757	-0.006756757	-0.006756757	-0.006756757	-0.006756757	-0.004065041	-0.004065041	-0.004065041	-0.004065041	-0.004065041	-0.004065041	-0.004065041	-0.004065041	-0.004065041	-0.004065041	-0.004065041	-0.004065041	-0.004065041	-0.000421348	-0.000421348	-0.000421348	-0.000421348	-0.000421348	-0.000555556	-0.000555556	-0.000555556	-0.000555556	-0.000555556	-0.000869565	-0.000869565	-0.000869565	-0.000869565	-0.000869565	-0.000847458	-0.000847458	-0.000847458	-0.000847458	-0.000847458	-0.000689655	-0.000689655	-0.000689655	-0.000689655	-0.000689655
504432	-0.003582353	-0.003582353	-0.003582353	-0.003582353	-0.003582353	-0.027723029	-0.027723029	-0.027723029	-0.027723029	-0.027723029	-0.020489116	-0.020489116	-0.020489116	-0.020489116	-0.020489116	-0.006756757	-0.006756757	-0.006756757	-0.006756757	-0.006756757	-0.004065041	-0.004065041	-0.004065041	-0.004065041	-0.004065041	-0.004065041	-0.004065041	-0.004065041	-0.004065041	-0.004065041	-0.004065041	-0.004065041	-0.004065041	-0.000421348	-0.000421348	-0.000421348	-0.000421348	-0.000421348	-0.000555556	-0.000555556	-0.000555556	-0.000555556	-0.000555556	-0.000869565	-0.000869565	-0.000869565	-0.000869565	-0.000869565	-0.000847458	-0.000847458	-0.000847458	-0.000847458	-0.000847458	-0.000689655	-0.000689655	-0.000689655	-0.000689655	-0.000689655
505548	-0.003582353	-0.003582353	-0.003582353	-0.003582353	-0.003582353	-0.027723029	-0.027723029	-0.027723029	-0.027723029	-0.027723029	-0.020489116	-0.020489116	-0.020489116	-0.020489116	-0.020489116	-0.006756757	-0.006756757	-0.006756757	-0.006756757	-0.006756757	-0.004065041	-0.004065041	-0.004065041	-0.004065041	-0.004065041	-0.004065041	-0.004065041	-0.004065041	-0.004065041	-0.004065041	-0.004065041	-0.004065041	-0.004065041	-0.000421348	-0.000421348	-0.000421348	-0.000421348	-0.000421348	-0.000555556	-0.000555556	-0.000555556	-0.000555556	-0.000555556	-0.000869565	-0.000869565	-0.000869565	-0.000869565	-0.000869565	-0.000847458	-0.000847458	-0.000847458	-0.000847458	-0.000847458	-0.000689655	-0.000689655	-0.000689655	-0.000689655	-0.000689655
506664	-0.003582353	-0.003582353	-0.003582353	-0.003582353	-0.003582353	-0.027723029	-0.027723029	-0.027723029	-0.027723029	-0.027723029	-0.020489116	-0.020489116	-0.020489116	-0.020489116	-0.020489116	-0.006756757	-0.006756757	-0.006756757	-0.006756757	-0.006756757	-0.004065041	-0.004065041	-0.004065041	-0.004065041	-0.004065041	-0.004065041	-0.004065041	-0.004065041	-0.004065041	-0.004065041	-0.004065041	-0.004065041	-0.004065041	-0.000421348	-0.000421348	-0.000421348	-0.000421348	-0.000421348	-0.000555556	-0.000555556	-0.000555556	-0.000555556	-0.000555556	-0.000869565	-0.000869565	-0.000869565	-0.000869565	-0.000869565	-0.000847458	-0.000847458	-0.000847458	-0.000847458	-0.000847458	-0.000689655	-0.000689655	-0.000689655	-0.000689655	-0.000689655
507780	-0.003582353	-0.003582353	-0.003582353	-0.003582353	-0.003582353	-0.027723029	-0.027723029	-0.027723029	-0.027723029	-0.027723029	-0.020489116	-0.020489116	-0.020489116	-0.020489116	-0.020489116	-0.006756757	-0.006756757	-0.006756757	-0.006756757	-0.006756757	-0.004065041	-0.004065041	-0.004065041	-0.004065041	-0.004065041	-0.004065041	-0.004065041	-0.004065041	-0.004065041	-0.004065041	-0.004065041	-0.004065041	-0.004065041	-0.000421348	-0.000421348	-0.000421348	-0.000421348	-0.000421348	-0.000555556	-0.000555556	-0.000555556	-0.000555556	-0.000555556	-0.000869565	-0.000869565	-0.000869565	-0.000869565	-0.000869565	-0.000847458	-0.000847458	-0.000847458	-0.000847458	-0.000847458	-0.000689655	-0.000689655	-0.000689655	-0.000689655	-0.000689655
508896	-0.003582353	-0.003582353	-0.003582353	-0.003582353	-0.003582353	-0.027723029	-0.027723029	-0.027723029	-0.027723029	-0.027723029	-0.020489116	-0.020489116	-0.020489116	-0.020489116	-0.020489116	-0.006756757	-0.006756757	-0.006756757	-0.006756757	-0.006756757	-0.004065041	-0.004065041	-0.004065041	-0.004065041	-0.004065041	-0.004065041	-0.004065041	-0.004065041	-0.004065041	-0.004065041	-0.004065041	-0.004065041	-0.004065041	-0.000421348	-0.000421348	-0.000421348	-0.000421348	-0.000421348	-0.000555556	-0.000555556	-0.000555556	-0.000555556	-0.000555556	-0.000869565	-0.000869565	-0.000869565	-0.000869565	-0.000869565	-0.000847458	-0.000847458	-0.000847458	-0.000847458	-0.000847458	-0.000689655	-0.000689655	-0.000689655	-0.000689655	-0.000689655
510012	-0.003582353	-0.003582353	-0.003582353	-0.003582353	-0.003582353	-0.027723029	-0.027723029	-0.027723029	-0.027723029	-0.027723029	-0.020489116	-0.020489116	-0.020489116	-0.020489116	-0.020489116	-0.006756757	-0.006756757	-0.006756757	-0.006756757	-0.006756757	-0.004065041	-0.004065041	-0.004065041	-0.004065041	-0.004065041	-0.004065041	-0.004065041	-0.004065041	-0.004065041	-0.004065041	-0.004065041	-0.004065041	-0.004065041	-0.000421348	-0.000421348	-0.000421348	-0.000421348	-0.000421348	-0.000555556	-0.000555556	-0.000555556	-0.000555556	-0.000555556	-0.000869565	-0.000869565	-0.000869565	-0.000869565	-0.000869565	-0.000847458	-0.000847458	-0.000847458	-0.000847458	-0.000847458	-0.000689655	-0.000689655	-0.000689655	-0.000689655	-0.000689655
511128	-0.003582353	-0.003582353	-0.003582353	-0.003582353	-0.003582353	-0.027723029	-0.027723029	-0.027723029	-0.027723029	-0.027723029	-0.020489116	-0.020489116	-0.020489116	-0.020489116	-0.020489116	-0.006756757	-0.006756757	-0.006756757	-0.006756757	-0.006756757	-0.004065041	-0.004065041	-0.004065041	-0.004065041	-0.004065041	-0.004065041	-0.004065041	-0.004065041	-0.004065041	-0.004065041	-0.004065041	-0.004065041	-0.004065041	-0.000421348	-0.000421348	-0.000421348	-0.000421348	-0.000421348	-0.000555556	-0.000555556	-0.000555556	-0.000555556	-0.000555556	-0.000869565	-0.000869565	-0.000869565	-0.000869565	-0.000869565	-0.000847458	-0.000847458	-0.000847458	-0.000847458	-0.000847458	-0.000689655	-0.000689655	-0.000689655	-0.000689655	-0.000689655
512244	-0.003582353	-0.003582353	-0.003582353	-0.003582353	-0.003582353	-0.027723029	-0.027723029	-0.027723029	-0.027723029	-0.027723029	-0.020489116	-0.020489116	-0.020489116	-0.020489116	-0.020489116	-0.006756757	-0.006756757	-0.006756757	-0.006756757	-0.006756757	-0.004065041	-0.004065041	-0.004065041	-0.004065041	-0.004065041	-0.004065041	-0.004065041	-0.004065041	-0.004065041	-0.004065041	-0.004065041	-0.004065041	-0.004065041	-0.000421348	-0.000421348	-0.000421348	-0.000421348	-0.000421348	-0.000555556	-0.000555556	-0.000555556	-0.000555556	-0.000555556	-0.000869565	-0.000869565	-0.000869565	-0.000869565	-0.000869565	-0.000847458	-0.000847458	-0.000847458	-0.000847458	-0.000847458	-0.000689655	-0.000689655	-0.000689655	-0.000689655	-0.000689655
513360	-0.003582353	-0.003582353	-0.003582353	-0.003582353	-0.003582353	-0.027723029	-0.027723029	-0.027723029	-0.027723029	-0.027723029	-0.020489116	-0.020489116	-0.020489116	-0.020489116	-0.020489116	-0.006756757	-0.006756757	-0.006756757	-0.006756757	-0.006756757	-0.004065041	-0.004065041	-0.004065041	-0.004065041	-0.004065041	-0.004065041	-0.004065041	-0.004065041	-0.004065041	-0.004065041	-0.004065041	-0.004065041	-0.004065041	-0.000421348	-0.000421348	-0.000421348	-0.000421348	-0.000421348	-0.000555556	-0.000555556	-0.000555556	-0.000555556	-0.000555556	-0.000869565	-0.000869565	-0.000869565	-0.000869565	-0.000869565	-0.000847458	-0.000847458	-0.000847458	-0.000847458	-0.000847458	-0.000689655	-0.000689655	-0.000689655	-0.000689655	-0.000689655
514476	-0.003582353	-0.003582353	-0.003582353	-0.003582353	-0.003582353	-0.027723029	-0.027723029	-0.027723029	-0.027723029	-0.027723029	-0.020489116	-0.020489116	-0.020489116	-0.020489116	-0.020489116	-0.006756757	-0.006756757	-0.006756757	-0.006756757	-0.006756757	-0.004065041	-0.004065041	-0.004065041	-0.004065041	-0.004065041	-0.004065041	-0.004065041	-0.004065041	-0.004065041	-0.004065041	-0.004065041	-0.004065041	-0.004065041	-0.000421348	-0.000421348	-0.000421348	-0.000421348	-0.000421348	-0.000555556	-0.000555556	-0.000555556	-0.000555556	-0.000555556	-0.000869565	-0.000869565	-0.000869565	-0.000869565	-0.000869565	-0.000847458	-0.000847458	-0.000847458	-0.000847458	-0.000847458	-0.000689655	-0.000689655	-0.000689655	-0.000689655	-0.000689655
515592	-0.003582353	-0.003582353	-0.003582353	-0.003582353	-0.003582353	-0.027723029	-0.027723029	-0.027723029	-0.027723029	-0.027723029	-0.020489116	-0.020489116	-0.020489116	-0.020489116	-0.020489116	-0.006756757	-0.006756757	-0.006756757	-0.006756757	-0.006756757	-0.004065041	-0.004065041	-0.004065041	-0.004065041	-0.004065041	-0.004065041	-0.004065041	-0.004065041	-0.004065041	-0.004065041	-0.004065041	-0.004065041	-0.004065041	-0.000421348	-0.000421348	-0.000421348	-0.000421348	-0.000421348	-0.000555556	-0.000555556	-0.000555556	-0.000555556	-0.000555556	-0.000869565	-0.000869565	-0.000869565	-0.000869565	-0.000869565	-0.000847458	-0.000847458	-0.000847458	-0.000847458	-0.000847458	-0.000689655	-0.000689655	-0.000689655	-0.000689655	-0.000689655
516708	-0.003582353	-0.003582353	-0.003582353	-0.003582353	-0.003582353	-0.027723029	-0.027723029	-0.027723029	-0.027723029	-0.027723029	-0.020489116	-0.020489116	-0.020489116	-0.020489116	-0.020489116	-0.006756757	-0.006756757	-0.006756757	-0.006756757	-0.006756757	-0.004065041	-0.004065041	-0.004065041	-0.004065041	-0.004065041	-0.004065041	-0.004065041	-0.004065041	-0.004065041	-0.004065041	-0.004065041	-0.004065041	-0.004065041	-0.000421348	-0.000421348	-0.000421348	-0.000421348	-0.000421348	-0.000555556	-0.000555556	-0.000555556	-0.000555556	-0.000555556	-0.000869565	-0.000869565	-0.000869565	-0.000869565	-0.000869565	-0.000847458	-0.000847458	-0.000847458	-0.000847458	-0.000847458	-0.000689655	-0.000689655	-0.000689655	-0.000689655	-0.000689655
517824	-0.003582353	-0.003582353	-0.003582353	-0.003582353	-0.003582353	-0.027723029	-0.027723029	-0.027723029	-0.027723029	-0.027723029	-0.020489116	-0.020489116	-0.020489116	-0.020489116	-0.020489116	-0.006756757	-0.006756757	-0.006756757	-0.006756757	-0.006756757	-0.004065041	-0.004065041	-0.004065041	-0.004065041	-0.004065041	-0.004065041	-0.004065041	-0.004065041	-0.004065041	-0.004065041	-0.004065041	-0.004065041	-0.004065041	-0.000421348	-0.000421348	-0.000421348	-0.000421348	-0.000421348	-0.000555556	-0.000555556	-0.000555556	-0.000555556	-0.000555556	-0.000869565	-0.000869565	-0.000869565	-0.000869565	-0.000869565	-0.000847458	-0.000847458	-0.000847458	-0.000847458	-0.000847458	-0.000689655	-0.000689655	-0.000689655	-0.000689655	-0.000689655
518940	-0.003582353	-0.003582353	-0.003582353	-0.003582353	-0.003582353	-0.027723029	-0.027723029	-0.027723029	-0.027723029	-0.027723029	-0.020489116	-0.020489116	-0.020489116	-0.020489116	-0.020489116	-0.006756757	-0.006756757	-0.006756757	-0.006756757	-0.006756757	-0.004065041	-0.004065041	-0.004065041	-0.004065041	-0.004065041	-0.004065041	-0.004065041	-0.004065041	-0.004065041	-0.004065041	-0.004065041	-0.004065041	-0.004065041	-0.000421348	-0.000421348	-0.000421348	-0.000421348	-0.000421348	-0.000555556	-0.000555556	-0.000555556	-0.000555556	-0.000555556	-0.000869565	-0.000869565	-0.000869565	-0.000869565	-0.000869565	-0.000847458	-0.000847458	-0.000847458	-0.000847458	-0.000847458	-0.000689655	-0.000689655	-0.000689655	-0.000689655	-0.000689655
520056	-0.003582353	-0.003582353	-0.003582353	-0.003582353	-0.003582353	-0.027723029	-0.027723029	-0.027723029	-0.027723029	-0.027723029	-0.020489116	-0.020489116	-0.020489116	-0.020489116	-0.020489116	-0.006756757	-0.006756757	-0.006756757	-0.006756757	-0.006756757	-0.004065041	-0.004065041	-0.004065041	-0.004065041	-0.004065041	-0.004065041	-0.004065041	-0.004065041	-0.004065041	-0.004065041	-0.004065041	-0.004065041	-0.004065041	-0.000421348	-0.000421348	-0.000421348	-0.000421348	-0.000421348	-0.000555556	-0.000555556	-0.000555556	-0.000555556	-0.000555556	-0.000869565	-0.000869565	-0.000869565	-0.000869565	-0.000869565	-0.000847458	-0.000847458	-0.000847458	-0.000847458	-0.000847458	-0.000689655	-0.000689655	-0.000689655	-0.000689655	-0.000689655
521172	-0.003582353	-0.003582353	-0.003582353	-0.003582353	-0.003582353	-0.027723029	-0.027723029	-0.027723029	-0.027723029	-0.027723029	-0.020489116	-0.020489116	-0.020489116	-0.020489116	-0.020489116	-0.006756757	-0.006756757	-0.006756757	-0.006756757	-0.006756757	-0.004065041	-0.004065041	-0.004065041	-0.004065041	-0.004065041	-0.004065041	-0.004065041	-0.004065041	-0.004065041	-0.004065041	-0.004065041	-0.004065041	-0.004065041	-0.000421348	-0.000421348	-0.000421348	-0.000421348	-0.000421348	-0.000555556	-0.000555556	-0.000555556	-0.000555556	-0.000555556	-0.000869565	-0.000869565	-0.000869565	-0.000869565	-0.000869565	-0.000847458	-0.000847458	-0.000847458	-0.000847458	-0.000847458	-0.000689655	-0.000689655	-0.000689655	-0.000689655	-0.000689655
522288	-0.003582353	-0.003582353	-0.003582353	-0.003582353	-0.003582353	-0.027723029	-0.027723029	-0.027723029	-0.027723029	-0.027723029	-0.020489116	-0.020489116	-0.020489116	-0.020489116	-0.020489116	-0.006756757	-0.006756757	-0.006756757	-0.006756757	-0.006756757	-0.004065041	-0.004065041	-0.004065041	-0.004065041	-0.004065041	-0.004065041	-0.004065041	-0.004065041	-0.004065041	-0.004065041	-0.004065041	-0.004065041	-0.004065041	-0.000421348	-0.000421348	-0.000421348	-0.000421348	-0.000421348	-0.000555556	-0.000555556	-0.000555556	-0.000555556	-0.000555556	-0.000869565	-0.000869565	-0.000869565	-0.000869565	-0.000869565	-0.000847458	-0.000847458	-0.000847458	-0.000847458	-0.000847458	-0.000689655	-0.000689655	-0.000689655	-0.000689655	-0.000689655
523404	-0.003582353	-0.003582353	-0.003582353	-0.003582353	-0.003582353	-0.027723029	-0.027723029	-0.027723029	-0.027723029	-0.027723029	-0.020489116	-0.020489116	-0.020489116	-0.020489116	-0.020489116	-0.006756757	-0.006756757	-0.006756757	-0.006756757	-0.006756757	-0.004065041	-0.004065041	-0.004065041	-0.004065041	-0.004065041	-0.004065041	-0.004065041	-0.004065041	-0.004065041	-0.004065041	-0.004065041	-0.004065041	-0.004065041	-0.000421348	-0.000421348	-0.000421348	-0.000421348	-0.000421348	-0.000555556	-0.000555556	-0.000555556	-0.000555556	-0.000555556	-0.000869565	-0.000869565	-0.000869565	-0.000869565	-0.000869565	-0.000847458	-0.000847458	-0.000847458	-0.000847458	-0.000847458	-0.000689655	-0.000689655	-0.000689655	-0.000689655	-0.000689655
524520	-0.003582353	-0.003582353	-0.003582353	-0.003582353	-0.003582353	-0.027723029	-0.027723029	-0.027723029	-0.027723029	-0.027723029	-0.020489116	-0.020489116	-0.020489116	-0.020489116	-0.020489116	-0.006756757	-0.006756757	-0.006756757	-0.006756757	-0.006756757	-0.004065041	-0.004065041	-0.004065041	-0.004065041	-0.004065041	-0.004065041	-0.004065041	-0.004065041	-0.004065041	-0.004065041	-0.004065041	-0.004065041	-0.004065041	-0.000421348	-0.000421348	-0.000421348	-0.000421348	-0.000421348	-0.000555556	-0.000555556	-0.000555556	-0.000555556	-0.000555556	-0.000869565	-0.000869565	-0.000869565	-0.000869565	-0.000869565	-0.000847458	-0.000847458	-0.000847458	-0.000847458	-0.000847458	-0.000689655	-0.000689655	-0.000689655	-0.000689655	-0.000689655
525636	-0.003582353	-0.003582353	-0.003582353	-0.003582353	-0.003582353	-0.027723029	-0.027723029	-0.027723029	-0.027723029	-0.027723029	-0.020489116	-0.020489116	-0.020489116	-0.020489116	-0.020489116	-0.006756757	-0.006756757	-0.006756757	-0.006756757	-0.006756757	-0.004065041	-0.004065041	-0.004065041	-0.004065041	-0.004065041	-0.004065041	-0.004065041	-0.004065041	-0.004065041	-0.004065041	-0.004065041	-0.004065041	-0.004065041	-0.000421348	-0.000421348	-0.000421348	-0.000421348	-0.000421348	-0.000555556	-0.000555556	-0.000555556	-0.000555556	-0.000555556	-0.000869565	-0.000869565	-0.000869565	-0.000869565	-0.000869565	-0.000847458	-0.000847458	-0.000847458	-0.000847458	-0.000847458	-0.000689655	-0.000689655	-0.000689655	-0.000689655	-0.000689655
526752	-0.003582353	-0.003582353	-0.003582353	-0.003582353	-0.003582353	-0.027723029	-0.027723029	-0.027723029	-0.027723029	-0.027723029	-0.020489116	-0.020489116	-0.020489116	-0.020489116	-0.020489116	-0.006756757	-0.006756757	-0.006756757	-0.006756757	-0.006756757	-0.004065041	-0.004065041	-0.004065041	-0.004065041	-0.004065041	-0.004065041	-0.004065041	-0.004065041	-0.004065041	-0.004065041	-0.004065041	-0.004065041	-0.004065041	-0.000421348	-0.000421348	-0.000421348	-0.000421348	-0.000421348	-0.000555556	-0.000555556	-0.000555556	-0.000555556	-0.000555556	-0.000869565	-0.000869565	-0.000869565	-0.000869565	-0.000869565	-0.000847458	-0.000847458	-0.000847458	-0.000847458	-0.000847458	-0.000689655	-0.000689655	-0.000689655	-0.000689655	-0.000689655
527868	-0.003582353	-0.003582353	-0.003582353	-0.003582353	-0.003582353	-0.027723029	-0.027723029	-0.027723029	-0.027723029	-0.027723029	-0.020489116	-0.020489116	-0.020489116	-0.020489116	-0.020489116	-0.006756757	-0.006756757	-0.006756757	-0.006756757	-0.006756757	-0.004065041	-0.004065041	-0.004065041	-0.004065041	-0.004065041	-0.004065041	-0.004065041	-0.004065041	-0.004065041	-0.004065041	-0.004065041	-0.004065041	-0.004065041	-0.000421348	-0.000421348	-0.000421348	-0.000421348	-0.000421348	-0.000555556	-0.000555556	-0.000555556	-0.000555556	-0.000555556	-0.000869565	-0.000869565	-0.000869565	-0.000869565	-0.000869565	-0.000847458	-0.000847458	-0.000847458	-0.000847458	-0.000847458	-0.000689655	-0.000689655	-0.000689655	-0.000689655	-0.000689655
528984	-0.003582353	-0.003582353	-0.003582353	-0.003582353	-0.003582353	-0.027723029	-0.027723029	-0.027723029	-0.027723029	-0.027723029	-0.020489116	-0.020489116	-0.020489116	-0.020489116	-0.020489116	-0.006756757	-0.006756757	-0.006756757	-0.006756757	-0.006756757	-0.004065041	-0.004065041	-0.004065041	-0.004065041	-0.004065041	-0.004065041	-0.004065041	-0.004065041	-0.004065041	-0.004065041	-0.004065041	-0.004065041	-0.004065041	-0.000421348	-0.000421348	-0.000421348	-0.000421348	-0.000421348	-0.000555556	-0.000555556	-0.000555556	-0.000555556	-0.000555556	-0.000869565	-0.000869565	-0.000869565	-0.000869565	-0.000869565	-0.000847458	-0.000847458	-0.000847458	-0.000847458	-0.000847458	-0.000689655	-0.000689655	-0.000689655	-0.000689655	-0.000689655
530100	-0.003582353	-0.003582353	-0.003582353	-0.003582353	-0.003582353	-0.027723029	-0.027723029	-0.027723029	-0.027723029	-0.027723029	-0.020489116	-0.020489116	-0.020489116	-0.020489116	-0.020489116	-0.006756757	-0.006756757	-0.006756757	-0.006756757	-0.006756757	-0.004065041	-0.004065041	-0.004065041	-0.004065041	-0.004065041	-0.004065041	-0.004065041	-0.004065041	-0.004065041	-0.004065041	-0.004065041	-0.004065041	-0.004065041	-0.000421348	-0.000421348	-0.000421348	-0.000421348	-0.000421348	-0.000555556	-0.000555556	-0.000555556	-0.000555556	-0.000555556	-0.000869565	-0.000869565	-0.000869565	-0.000869565	-0.000869565	-0.000847458	-0.000847458	-0.000847458	-0.000847458	-0.000847458	-0.000689655	-0.000689655	-0.000689655	-0.000689655	-0.000689655
531216	-0.003582353	-0.003582353	-0.003582353	-0.003582353	-0.003582353	-0.027723029	-0.027723029	-0.027723029	-0.027723029	-0.027723029	-0.020489116	-0.020489116	-0.020489116	-0.020489116	-0.020489116	-0.006756757	-0.006756757	-0.006756757	-0.006756757	-0.006756757	-0.004065041	-0.004065041	-0.004065041	-0.004065041	-0.004065041	-0.004065041	-0.004065041	-0.004065041	-0.004065041	-0.004065041	-0.004065041	-0.004065041	-0.004065041	-0.000421348	-0.000421348	-0.000421348	-0.000421348	-0.000421348	-0.000555556	-0.000555556	-0.000555556	-0.000555556	-0.000555556	-0.000869565	-0.000869565	-0.000869565	-0.000869565	-0.000869565	-0.000847458	-0.000847458	-0.000847458	-0.000847458	-0.000847458	-0.000689655	-0.000689655	-0.000689655	-0.000689655	-0.000689655
532332	-0.003582353	-0.003582353	-0.003582353	-0.003582353	-0.003582353	-0.027723029	-0.027723029	-0.027723029	-0.027723029	-0.027723029	-0.020489116	-0.020489116	-0.020489116	-0.020489116	-0.020489116	-0.006756757	-0.006756757	-0.006756757	-0.006756757	-0.006756757	-0.004065041	-0.004065041	-0.004065041	-0.004065041	-0.004065041	-0.004065041	-0.004065041	-0.004065041	-0.004065041	-0.004065041	-0.004065041	-0.004065041	-0.004065041	-0.000421348	-0.000421348	-0.000421348	-0.000421348	-0.000421348	-0.000555556	-0.000555556	-0.000555556	-0.000555556	-0.000555556	-0.000869565	-0.000869565	-0.000869565	-0.000869565	-0.000869565	-0.000847458	-0.000847458	-0.000847458	-0.000847458	-0.000847458	-0.000689655	-0.000689655	-0.000689655	-0.000689655	-0.000689655
533448	-0.003582353	-0.003582353	-0.003582353	-0.003582353	-0.003582353	-0.027723029	-0.027723029	-0.027723029	-0.027723029	-0.027723029	-0.020489116	-0.020489116	-0.020489116	-0.020489116	-0.020489116	-0.006756757	-0.006756757	-0.006756757	-0.006756757	-0.006756757	-0.004065041	-0.004065041	-0.004065041	-0.004065041	-0.004065041	-0.004065041	-0.004065041	-0.004065041	-0.004065041	-0.004065041	-0.004065041	-0.004065041	-0.004065041	-0.000421348	-0.000421348	-0.000421348	-0.000421348	-0.000421348	-0.000555556	-0.000555556	-0.000555556	-0.000555556	-0.000555556	-0.000869565	-0.000869565	-0.000869565	-0.000869565	-0.000869565	-0.000847458	-0.000847458	-0.000847458	-0.000847458	-0.000847458	-0.000689655	-0.000689655	-0.000689655	-0.000689655	-0.000689655
534564	-0.003582353	-0.003582353	-0.003582353	-0.003582353	-0.003582353	-0.027723029	-0.027723029	-0.027723029	-0.027723029	-0.027723029	-0.020489116	-0.020489116	-0.020489116	-0.020489116	-0.020489116	-0.006756757	-0.006756757	-0.006756757	-0.006756757	-0.006756757	-0.004065041	-0.004065041	-0.004065041	-0.004065041	-0.004065041	-0.004065041	-0.004065041	-0.004065041	-0.004065041	-0.004065041	-0.004065041	-0.004065041	-0.004065041	-0.000421348	-0.000421348	-0.000421348	-0.000421348	-0.000421348	-0.000555556	-0.000555556	-0.000555556	-0.000555556	-0.000555556	-0.000869565	-0.000869565	-0.000869565	-0.000869565	-0.000869565	-0.000847458	-0.000847458	-0.000847458	-0.000847458	-0.000847458	-0.000689655	-0.000689655	-0.000689655	-0.000689655	-0.000689655
535680	-0.003582353	-0.003582353	-0.003582353	-0.003582353	-0.003582353	-0.027723029	-0.027723029	-0.027723029	-0.027723029	-0.027723029	-0.020489116	-0.020489116	-0.020489116	-0.020489116	-0.020489116	-0.006756757	-0.006756757	-0.006756757	-0.006756757	-0.006756757	-0.004065041	-0.004065041	-0.004065041	-0.004065041	-0.004065041	-0.004065041	-0.004065041	-0.004065041	-0.004065041	-0.004065041	-0.004065041	-0.004065041	-0.004065041	-0.000421348	-0.000421348	-0.000421348	-0.000421348	-0.000421348	-0.000555556	-0.000555556	-0.000555556	-0.000555556	-0.000555556	-0.000869565	-0.000869565	-0.000869565	-0.000869565	-0.000869565	-0.000847458	-0.000847458	-0.000847458	-0.000847458	-0.000847458	-0.000689655	-0.000689655	-0.000689655	-0.000689655	-0.000689655
536796	-0.003582353	-0.003582353	-0.003582353	-0.003582353	-0.003582353	-0.027723029	-0.027723029	-0.027723029	-0.027723029	-0.027723029	-0.020489116	-0.020489116	-0.020489116	-0.020489116	-0.020489116	-0.006756757	-0.006756757	-0.006756757	-0.006756757	-0.006756757	-0.004065041	-0.004065041	-0.004065041	-0.004065041	-0.004065041	-0.004065041	-0.004065041	-0.004065041	-0.004065041	-0.004065041	-0.004065041	-0.004065041	-0.004065041	-0.000421348	-0.000421348	-0.000421348	-0.000421348	-0.000421348	-0.000555556	-0.000555556	-0.000555556	-0.000555556	-0.000555556	-0.000869565	-0.000869565	-0.000869565	-0.000869565	-0.000869565	-0.000847458	-0.000847458	-0.000847458	-0.000847458	-0.000847458	-0.000689655	-0.000689655	-0.000689655	-0.000689655	-0.000689655
537912	-0.003582353	-0.003582353	-0.003582353	-0.003582353	-0.003582353	-0.027723029	-0.027723029	-0.027723029	-0.027723029	-0.027723029	-0.020489116	-0.020489116	-0.020489116	-0.020489116	-0.020489116	-0.006756757	-0.006756757	-0.006756757	-0.006756757	-0.006756757	-0.004065041	-0.004065041	-0.004065041	-0.004065041	-0.004065041	-0.004065041	-0.004065041	-0.004065041	-0.004065041	-0.004065041	-0.004065041	-0.004065041	-0.004065041	-0.000421348	-0.000421348	-0.000421348	-0.000421348	-0.000421348	-0.000555556	-0.000555556	-0.000555556	-0.000555556	-0.000555556	-0.000869565	-0.000869565	-0.000869565	-0.000869565	-0.000869565	-0.000847458	-0.000847458	-0.000847458	-0.000847458	-0.000847458	-0.000689655	-0.000689655	-0.000689655	-0.000689655	-0.000689655
539028	-0.003582353	-0.003582353	-0.003582353	-0.003582353	-0.003582353	-0.027723029	-0.027723029	-0.027723029	-0.027723029	-0.027723029	-0.020489116	-0.020489116	-0.020489116	-0.020489116	-0.020489116	-0.006756757	-0.006756757	-0.006756757	-0.006756757	-0.006756757	-0.004065041	-0.004065041	-0.004065041	-0.004065041	-0.004065041	-0.004065041	-0.004065041	-0.004065041	-0.004065041	-0.004065041	-0.004065041	-0.004065041	-0.004065041	-0.000421348	-0.000421348	-0.000421348	-0.000421348	-0.000421348	-0.000555556	-0.000555556	-0.000555556	-0.000555556	-0.000555556	-0.000869565	-0.000869565	-0.000869565	-0.000869565	-0.000869565	-0.000847458	-0.000847458	-0.000847458	-0.000847458	-0.000847458	-0.000689655	-0.000689655	-0.000689655	-0.000689655	-0.000689655
540144	-0.003582353	-0.003582353	-0.003582353	-0.003582353	-0.003582353	-0.027723029	-0.027723029	-0.027723029	-0.027723029	-0.027723029	-0.020489116	-0.020489116	-0.020489116	-0.020489116	-0.020489116	-0.006756757	-0.006756757	-0.006756757	-0.006756757	-0.006756757	-0.004065041	-0.004065041	-0.004065041	-0.004065041	-0.004065041	-0.004065041	-0.004065041	-0.004065041	-0.004065041	-0.004065041	-0.004065041	-0.004065041	-0.004065041	-0.000421348	-0.000421348	-0.000421348	-0.000421348	-0.000421348	-0.000555556	-0.000555556	-0.000555556	-0.000555556	-0.000555556	-0.000869565	-0.000869565	-0.000869565	-0.000869565	-0.000869565	-0.000847458	-0.000847458	-0.000847458	-0.000847458	-0.000847458	-0.000689655	-0.000689655	-0.000689655	-0.000689655	-0.000689655
541260	-0.003582353	-0.003582353	-0.003582353	-0.003582353	-0.003582353	-0.027723029	-0.027723029	-0.027723029	-0.027723029	-0.027723029	-0.020489116	-0.020489116	-0.020489116	-0.020489116	-0.020489116	-0.006756757	-0.006756757	-0.006756757	-0.006756757	-0.006756757	-0.004065041	-0.004065041	-0.004065041	-0.004065041	-0.004065041	-0.004065041	-0.004065041	-0.004065041	-0.004065041	-0.004065041	-0.004065041	-0.004065041	-0.004065041	-0.000421348	-0.000421348	-0.000421348	-0.000421348	-0.000421348	-0.000555556	-0.000555556	-0.000555556	-0.000555556	-0.000555556	-0.000869565	-0.000869565	-0.000869565	-0.000869565	-0.000869565	-0.000847458	-0.000847458	-0.000847458	-0.000847458	-0.000847458	-0.000689655	-0.000689655	-0.000689655	-0.000689655	-0.000689655
542376	-0.003582353	-0.003582353	-0.003582353	-0.003582353	-0.003582353	-0.027723029	-0.027723029	-0.027723029	-0.027723029	-0.027723029	-0.020489116	-0.020489116	-0.020489116	-0.020489116	-0.020489116	-0.006756757	-0.006756757	-0.006756757	-0.006756757	-0.006756757	-0.004065041	-0.004065041	-0.004065041	-0.004065041	-0.004065041	-0.004065041	-0.004065041	-0.004065041	-0.004065041	-0.004065041	-0.004065041	-0.004065041	-0.004065041	-0.000421348	-0.000421348	-0.000421348	-0.000421348	-0.000421348	-0.000555556	-0.000555556	-0.000555556	-0.000555556	-0.000555556	-0.000869565	-0.000869565	-0.000869565	-0.000869565	-0.000869565	-0.000847458	-0.000847458	-0.000847458	-0.000847458	-0.000847458	-0.000689655	-0.000689655	-0.000689655	-0.000689655	-0.000689655
543492	-0.003582353	-0.003582353	-0.003582353	-0.003582353	-0.003582353	-0.027723029	-0.027723029	-0.027723029	-0.027723029	-0.027723029	-0.020489116	-0.020489116	-0.020489116	-0.020489116	-0.020489116	-0.006756757	-0.006756757	-0.006756757	-0.006756757	-0.006756757	-0.004065041	-0.004065041	-0.004065041	-0.004065041	-0.004065041	-0.004065041	-0.004065041	-0.004065041	-0.004065041	-0.004065041	-0.004065041	-0.004065041	-0.004065041	-0.000421348	-0.000421348	-0.000421348	-0.000421348	-0.000421348	-0.000555556	-0.000555556	-0.000555556	-0.000555556	-0.000555556	-0.000869565	-0.000869565	-0.000869565	-0.000869565	-0.000869565	-0.000847458	-0.000847458	-0.000847458	-0.000847458	-0.000847458	-0.000689655	-0.000689655	-0.000689655	-0.000689655	-0.000689655
544608	-0.003582353	-0.003582353	-0.003582353	-0.003582353	-0.003582353	-0.027723029	-0.027723029	-0.027723029	-0.027723029	-0.027723029	-0.020489116	-0.020489116	-0.020489116	-0.020489116	-0.020489116	-0.006756757	-0.006756757	-0.006756757	-0.006756757	-0.006756757	-0.004065041	-0.004065041	-0.004065041	-0.004065041	-0.004065041	-0.004065041	-0.004065041	-0.004065041	-0.004065041	-0.004065041	-0.004065041	-0.004065041	-0.004065041	-0.000421348	-0.000421348	-0.000421348	-0.000421348	-0.000421348	-0.000555556	-0.000555556	-0.000555556	-0.000555556	-0.000555556	-0.000869565	-0.000869565	-0.000869565	-0.000869565	-0.000869565	-0.000847458	-0.000847458	-0.000847458	-0.000847458	-0.000847458	-0.000689655	-0.000689655	-0.000689655	-0.000689655	-0.000689655
545724	-0.003582353	-0.003582353	-0.003582353	-0.003582353	-0.003582353	-0.027723029	-0.027723029	-0.027723029	-0.027723029	-0.027723029	-0.020489116	-0.020489116	-0.020489116	-0.020489116	-0.020489116	-0.006756757	-0.006756757	-0.006756757	-0.006756757	-0.006756757	-0.004065041	-0.004065041	-0.004065041	-0.004065041	-0.004065041	-0.004065041	-0.004065041	-0.004065041	-0.004065041	-0.004065041	-0.004065041	-0.004065041	-0.004065041	-0.000421348	-0.000421348	-0.000421348	-0.000421348	-0.000421348	-0.000555556	-0.000555556	-0.000555556	-0.000555556	-0.000555556	-0.000869565	-0.000869565	-0.000869565	-0.000869565	-0.000869565	-0.000847458	-0.000847458	-0.000847458	-0.000847458	-0.000847458	-0.000689655	-0.000689655	-0.000689655	-0.000689655	-0.000689655
546840	-0.003582353	-0.003582353	-0.003582353	-0.003582353	-0.003582353	-0.027723029	-0.027723029	-0.027723029	-0.027723029	-0.027723029	-0.020489116	-0.020489116	-0.020489116	-0.020489116	-0.020489116	-0.006756757	-0.006756757	-0.006756757	-0.006756757	-0.006756757	-0.004065041	-0.004065041	-0.004065041	-0.004065041	-0.004065041	-0.004065041	-0.004065041	-0.004065041	-0.004065041	-0.004065041	-0.004065041	-0.004065041	-0.004065041	-0.000421348	-0.000421348	-0.000421348	-0.000421348	-0.000421348	-0.000555556	-0.000555556	-0.000555556	-0.000555556	-0.000555556	-0.000869565	-0.000869565	-0.000869565	-0.000869565	-0.000869565	-0.000847458	-0.000847458	-0.000847458	-0.000847458	-0.000847458	-0.000689655	-0.000689655	-0.000689655	-0.000689655	-0.000689655
547956	-0.003582353	-0.003582353	-0.003582353	-0.003582353	-0.003582353	-0.027723029	-0.027723029	-0.027723029	-0.027723029	-0.027723029	-0.020489116	-0.020489116	-0.020489116	-0.020489116	-0.020489116	-0.006756757	-0.006756757	-0.006756757	-0.006756757	-0.006756757	-0.004065041	-0.004065041	-0.004065041	-0.004065041	-0.004065041	-0.004065041	-0.004065041	-0.004065041	-0.004065041	-0.004065041	-0.004065041	-0.004065041	-0.004065041	-0.000421348	-0.000421348	-0.000421348	-0.000421348	-0.000421348	-0.000555556	-0.000555556	-0.000555556	-0.000555556	-0.000555556	-0.000869565	-0.000869565	-0.000869565	-0.000869565	-0.000869565	-0.000847458	-0.000847458	-0.000847458	-0.000847458	-0.000847458	-0.000689655	-0.000689655	-0.000689655	-0.000689655	-0.000689655
549072	-0.003582353	-0.003582353	-0.003582353	-0.003582353	-0.003582353	-0.027723029	-0.027723029	-0.027723029	-0.027723029	-0.027723029	-0.020489116	-0.020489116	-0.020489116	-0.020489116	-0.020489116	-0.006756757	-0.006756757	-0.006756757	-0.006756757	-0.006756757	-0.004065041	-0.004065041	-0.004065041	-0.004065041	-0.004065041	-0.004065041	-0.004065041	-0.004065041	-0.004065041	-0.004065041	-0.004065041	-0.004065041	-0.004065041	-0.000421348	-0.000421348	-0.000421348	-0.000421348	-0.000421348	-0.000555556	-0.000555556	-0.000555556	-0.000555556	-0.000555556	-0.000869565	-0.000869565	-0.000869565	-0.000869565	-0.000869565	-0.000847458	-0.000847458	-0.000847458	-0.000847458	-0.000847458	-0.000689655	-0.000689655	-0.000689655	-0.000689655	-0.000689655
550188	-0.003582353	-0.003582353	-0.003582353	-0.003582353	-0.003582353	-0.027723029	-0.027723029	-0.027723029	-0.027723029	-0.027723029	-0.020489116	-0.020489116	-0.020489116	-0.020489116	-0.020489116	-0.006756757	-0.006756757	-0.006756757	-0.006756757	-0.006756757	-0.004065041	-0.004065041	-0.004065041	-0.004065041	-0.004065041	-0.004065041	-0.004065041	-0.004065041	-0.004065041	-0.004065041	-0.004065041	-0.004065041	-0.004065041	-0.000421348	-0.000421348	-0.000421348	-0.000421348	-0.000421348	-0.000555556	-0.000555556	-0.000555556	-0.000555556	-0.000555556	-0.000869565	-0.000869565	-0.000869565	-0.000869565	-0.000869565	-0.000847458	-0.000847458	-0.000847458	-0.000847458	-0.000847458	-0.000689655	-0.000689655	-0.000689655	-0.000689655	-0.000689655
551304	-0.003582353	-0.003582353	-0.003582353	-0.003582353	-0.003582353	-0.027723029	-0.027723029	-0.027723029	-0.027723029	-0.027723029	-0.020489116	-0.020489116	-0.020489116	-0.020489116	-0.020489116	-0.006756757	-0.006756757	-0.006756757	-0.006756757	-0.006756757	-0.004065041	-0.004065041	-0.004065041	-0.004065041	-0.004065041	-0.004065041	-0.004065041	-0.004065041	-0.004065041	-0.004065041	-0.004065041	-0.004065041	-0.004065041	-0.000421348	-0.000421348	-0.000421348	-0.000421348	-0.000421348	-0.000555556	-0.000555556	-0.000555556	-0.000555556	-0.000555556	-0.000869565	-0.000869565	-0.000869565	-0.000869565	-0.000869565	-0.000847458	-0.000847458	-0.000847458	-0.000847458	-0.000847458	-0.000689655	-0.000689655	-0.000689655	-0.000689655	-0.000689655
552420	-0.003582353	-0.003582353	-0.003582353	-0.003582353	-0.003582353	-0.027723029	-0.027723029	-0.027723029	-0.027723029	-0.027723029	-0.020489116	-0.020489116	-0.020489116	-0.020489116	-0.020489116	-0.006756757	-0.006756757	-0.006756757	-0.006756757	-0.006756757	-0.004065041	-0.004065041	-0.004065041	-0.004065041	-0.004065041	-0.004065041	-0.004065041	-0.004065041	-0.004065041	-0.004065041	-0.004065041	-0.004065041	-0.004065041	-0.000421348	-0.000421348	-0.000421348	-0.000421348	-0.000421348	-0.000555556	-0.000555556	-0.000555556	-0.000555556	-0.000555556	-0.000869565	-0.000869565	-0.000869565	-0.000869565	-0.000869565	-0.000847458	-0.000847458	-0.000847458	-0.000847458	-0.000847458	-0.000689655	-0.000689655	-0.000689655	-0.000689655	-0.000689655
553536	-0.003582353	-0.003582353	-0.003582353	-0.003582353	-0.003582353	-0.027723029	-0.027723029	-0.027723029	-0.027723029	-0.027723029	-0.020489116	-0.020489116	-0.020489116	-0.020489116	-0.020489116	-0.006756757	-0.006756757	-0.006756757	-0.006756757	-0.006756757	-0.004065041	-0.004065041	-0.004065041	-0.004065041	-0.004065041	-0.004065041	-0.004065041	-0.004065041	-0.004065041	-0.004065041	-0.004065041	-0.004065041	-0.004065041	-0.000421348	-0.000421348	-0.000421348	-0.000421348	-0.000421348	-0.000555556	-0.000555556	-0.000555556	-0.000555556	-0.000555556	-0.000869565	-0.000869565	-0.000869565	-0.000869565	-0.000869565	-0.000847458	-0.000847458	-0.000847458	-0.000847458	-0.000847458	-0.000689655	-0.000689655	-0.000689655	-0.000689655	-0.000689655
554652	-0.003582353	-0.003582353	-0.003582353	-0.003582353	-0.003582353	-0.027723029	-0.027723029	-0.027723029	-0.027723029	-0.027723029	-0.020489116	-0.020489116	-0.020489116	-0.020489116	-0.020489116	-0.006756757	-0.006756757	-0.006756757	-0.006756757	-0.006756757	-0.004065041	-0.004065041	-0.004065041	-0.004065041	-0.004065041	-0.004065041	-0.004065041	-0.004065041	-0.004065041	-0.004065041	-0.004065041	-0.004065041	-0.004065041	-0.000421348	-0.000421348	-0.000421348	-0.000421348	-0.000421348	-0.000555556	-0.000555556	-0.000555556	-0.000555556	-0.000555556	-0.000869565	-0.000869565	-0.000869565	-0.000869565	-0.000869565	-0.000847458	-0.000847458	-0.000847458	-0.000847458	-0.000847458	-0.000689655	-0.000689655	-0.000689655	-0.000689655	-0.000689655
555768	-0.003582353	-0.003582353	-0.003582353	-0.003582353	-0.003582353	-0.027723029	-0.027723029	-0.027723029	-0.027723029	-0.027723029	-0.020489116	-0.020489116	-0.020489116	-0.020489116	-0.020489116	-0.006756757	-0.006756757	-0.006756757	-0.006756757	-0.006756757	-0.004065041	-0.004065041	-0.004065041	-0.004065041	-0.004065041	-0.004065041	-0.004065041	-0.004065041	-0.004065041	-0.004065041	-0.004065041	-0.004065041	-0.004065041	-0.000421348	-0.000421348	-0.000421348	-0.000421348	-0.000421348	-0.000555556	-0.000555556	-0.000555556	-0.000555556	-0.000555556	-0.000869565	-0.000869565	-0.000869565	-0.000869565	-0.000869565	-0.000847458	-0.000847458	-0.000847458	-0.000847458	-0.000847458	-0.000689655	-0.000689655	-0.000689655	-0.000689655	-0.000689655
556884	-0.003582353	-0.003582353	-0.003582353	-0.003582353	-0.003582353	-0.027723029	-0.027723029	-0.027723029	-0.027723029	-0.027723029	-0.020489116	-0.020489116	-0.020489116	-0.020489116	-0.020489116	-0.006756757	-0.006756757	-0.006756757	-0.006756757	-0.006756757	-0.004065041	-0.004065041	-0.004065041	-0.004065041	-0.004065041	-0.004065041	-0.004065041	-0.004065041	-0.004065041	-0.004065041	-0.004065041	-0.004065041	-0.004065041	-0.000421348	-0.000421348	-0.000421348	-0.000421348	-0.000421348	-0.000555556	-0.000555556	-0.000555556	-0.000555556	-0.000555556	-0.000869565	-0.000869565	-0.000869565	-0.000869565	-0.000869565	-0.000847458	-0.000847458	-0.000847458	-0.000847458	-0.000847458	-0.000689655	-0.000689655	-0.000689655	-0.000689655	-0.000689655
558000	-0.003582353	-0.003582353	-0.003582353	-0.003582353	-0.003582353	-0.027723029	-0.027723029	-0.027723029	-0.027723029	-0.027723029	-0.020489116	-0.020489116	-0.020489116	-0.020489116	-0.020489116	-0.006756757	-0.006756757	-0.006756757	-0.006756757	-0.006756757	-0.004065041	-0.004065041	-0.004065041	-0.004065041	-0.004065041	-0.004065041	-0.004065041	-0.004065041	-0.004065041	-0.004065041	-0.004065041	-0.004065041	-0.004065041	-0.000421348	-0.000421348	-0.000421348	-0.000421348	-0.000421348	-0.000555556	-0.000555556	-0.000555556	-0.000555556	-0.000555556	-0.000869565	-0.000869565	-0.000869565	-0.000869565	-0.000869565	-0.000847458	-0.000847458	-0.000847458	-0.000847458	-0.000847458	-0.000689655	-0.000689655	-0.000689655	-0.000689655	-0.000689655
559116	-0.003582353	-0.003582353	-0.003582353	-0.003582353	-0.003582353	-0.027723029	-0.027723029	-0.027723029	-0.027723029	-0.027723029	-0.020489116	-0.020489116	-0.020489116	-0.020489116	-0.020489116	-0.006756757	-0.006756757	-0.006756757	-0.006756757	-0.006756757	-0.004065041	-0.004065041	-0.004065041	-0.004065041	-0.004065041	-0.004065041	-0.004065041	-0.004065041	-0.004065041	-0.004065041	-0.004065041	-0.004065041	-0.004065041	-0.000421348	-0.000421348	-0.000421348	-0.000421348	-0.000421348	-0.000555556	-0.000555556	-0.000555556	-0.000555556	-0.000555556	-0.000869565	-0.000869565	-0.000869565	-0.000869565	-0.000869565	-0.000847458	-0.000847458	-0.000847458	-0.000847458	-0.000847458	-0.000689655	-0.000689655	-0.000689655	-0.000689655	-0.000689655
560232	-0.003582353	-0.003582353	-0.003582353	-0.003582353	-0.003582353	-0.027723029	-0.027723029	-0.027723029	-0.027723029	-0.027723029	-0.020489116	-0.020489116	-0.020489116	-0.020489116	-0.020489116	-0.006756757	-0.006756757	-0.006756757	-0.006756757	-0.006756757	-0.004065041	-0.004065041	-0.004065041	-0.004065041	-0.004065041	-0.004065041	-0.004065041	-0.004065041	-0.004065041	-0.004065041	-0.004065041	-0.004065041	-0.004065041	-0.000421348	-0.000421348	-0.000421348	-0.000421348	-0.000421348	-0.000555556	-0.000555556	-0.000555556	-0.000555556	-0.000555556	-0.000869565	-0.000869565	-0.000869565	-0.000869565	-0.000869565	-0.000847458	-0.000847458	-0.000847458	-0.000847458	-0.000847458	-0.000689655	-0.000689655	-0.000689655	-0.000689655	-0.000689655
561348	-0.003582353	-0.003582353	-0.003582353	-0.003582353	-0.003582353	-0.027723029	-0.027723029	-0.027723029	-0.027723029	-0.027723029	-0.020489116	-0.020489116	-0.020489116	-0.020489116	-0.020489116	-0.006756757	-0.006756757	-0.006756757	-0.006756757	-0.006756757	-0.004065041	-0.004065041	-0.004065041	-0.004065041	-0.004065041	-0.004065041	-0.004065041	-0.004065041	-0.004065041	-0.004065041	-0.004065041	-0.004065041	-0.004065041	-0.000421348	-0.000421348	-0.000421348	-0.000421348	-0.000421348	-0.000555556	-0.000555556	-0.000555556	-0.000555556	-0.000555556	-0.000869565	-0.000869565	-0.000869565	-0.000869565	-0.000869565	-0.000847458	-0.000847458	-0.000847458	-0.000847458	-0.000847458	-0.000689655	-0.000689655	-0.000689655	-0.000689655	-0.000689655
562464	-0.003582353	-0.003582353	-0.003582353	-0.003582353	-0.003582353	-0.027723029	-0.027723029	-0.027723029	-0.027723029	-0.027723029	-0.020489116	-0.020489116	-0.020489116	-0.020489116	-0.020489116	-0.006756757	-0.006756757	-0.006756757	-0.006756757	-0.006756757	-0.004065041	-0.004065041	-0.004065041	-0.004065041	-0.004065041	-0.004065041	-0.004065041	-0.004065041	-0.004065041	-0.004065041	-0.004065041	-0.004065041	-0.004065041	-0.000421348	-0.000421348	-0.000421348	-0.000421348	-0.000421348	-0.000555556	-0.000555556	-0.000555556	-0.000555556	-0.000555556	-0.000869565	-0.000869565	-0.000869565	-0.000869565	-0.000869565	-0.000847458	-0.000847458	-0.000847458	-0.000847458	-0.000847458	-0.000689655	-0.000689655	-0.000689655	-0.000689655	-0.000689655
563580	-0.003582353	-0.003582353	-0.003582353	-0.003582353	-0.003582353	-0.027723029	-0.027723029	-0.027723029	-0.027723029	-0.027723029	-0.020489116	-0.020489116	-0.020489116	-0.020489116	-0.020489116	-0.006756757	-0.006756757	-0.006756757	-0.006756757	-0.006756757	-0.004065041	-0.004065041	-0.004065041	-0.004065041	-0.004065041	-0.004065041	-0.004065041	-0.004065041	-0.004065041	-0.004065041	-0.004065041	-0.004065041	-0.004065041	-0.000421348	-0.000421348	-0.000421348	-0.000421348	-0.000421348	-0.000555556	-0.000555556	-0.000555556	-0.000555556	-0.000555556	-0.000869565	-0.000869565	-0.000869565	-0.000869565	-0.000869565	-0.000847458	-0.000847458	-0.000847458	-0.000847458	-0.000847458	-0.000689655	-0.000689655	-0.000689655	-0.000689655	-0.000689655
564696	-0.003582353	-0.003582353	-0.003582353	-0.003582353	-0.003582353	-0.027723029	-0.027723029	-0.027723029	-0.027723029	-0.027723029	-0.020489116	-0.020489116	-0.020489116	-0.020489116	-0.020489116	-0.006756757	-0.006756757	-0.006756757	-0.006756757	-0.006756757	-0.004065041	-0.004065041	-0.004065041	-0.004065041	-0.004065041	-0.004065041	-0.004065041	-0.004065041	-0.004065041	-0.004065041	-0.004065041	-0.004065041	-0.004065041	-0.000421348	-0.000421348	-0.000421348	-0.000421348	-0.000421348	-0.000555556	-0.000555556	-0.000555556	-0.000555556	-0.000555556	-0.000869565	-0.000869565	-0.000869565	-0.000869565	-0.000869565	-0.000847458	-0.000847458	-0.000847458	-0.000847458	-0.000847458	-0.000689655	-0.000689655	-0.000689655	-0.000689655	-0.000689655
565812	-0.003582353	-0.003582353	-0.003582353	-0.003582353	-0.003582353	-0.027723029	-0.027723029	-0.027723029	-0.027723029	-0.027723029	-0.020489116	-0.020489116	-0.020489116	-0.020489116	-0.020489116	-0.006756757	-0.006756757	-0.006756757	-0.006756757	-0.006756757	-0.004065041	-0.004065041	-0.004065041	-0.004065041	-0.004065041	-0.004065041	-0.004065041	-0.004065041	-0.004065041	-0.004065041	-0.004065041	-0.004065041	-0.004065041	-0.000421348	-0.000421348	-0.000421348	-0.000421348	-0.000421348	-0.000555556	-0.000555556	-0.000555556	-0.000555556	-0.000555556	-0.000869565	-0.000869565	-0.000869565	-0.000869565	-0.000869565	-0.000847458	-0.000847458	-0.000847458	-0.000847458	-0.000847458	-0.000689655	-0.000689655	-0.000689655	-0.000689655	-0.000689655
566928	-0.003582353	-0.003582353	-0.003582353	-0.003582353	-0.003582353	-0.027723029	-0.027723029	-0.027723029	-0.027723029	-0.027723029	-0.020489116	-0.020489116	-0.020489116	-0.020489116	-0.020489116	-0.006756757	-0.006756757	-0.006756757	-0.006756757	-0.006756757	-0.004065041	-0.004065041	-0.004065041	-0.004065041	-0.004065041	-0.004065041	-0.004065041	-0.004065041	-0.004065041	-0.004065041	-0.004065041	-0.004065041	-0.004065041	-0.000421348	-0.000421348	-0.000421348	-0.000421348	-0.000421348	-0.000555556	-0.000555556	-0.000555556	-0.000555556	-0.000555556	-0.000869565	-0.000869565	-0.000869565	-0.000869565	-0.000869565	-0.000847458	-0.000847458	-0.000847458	-0.000847458	-0.000847458	-0.000689655	-0.000689655	-0.000689655	-0.000689655	-0.000689655
568044	-0.003582353	-0.003582353	-0.003582353	-0.003582353	-0.003582353	-0.027723029	-0.027723029	-0.027723029	-0.027723029	-0.027723029	-0.020489116	-0.020489116	-0.020489116	-0.020489116	-0.020489116	-0.006756757	-0.006756757	-0.006756757	-0.006756757	-0.006756757	-0.004065041	-0.004065041	-0.004065041	-0.004065041	-0.004065041	-0.004065041	-0.004065041	-0.004065041	-0.004065041	-0.004065041	-0.004065041	-0.004065041	-0.004065041	-0.000421348	-0.000421348	-0.000421348	-0.000421348	-0.000421348	-0.000555556	-0.000555556	-0.000555556	-0.000555556	-0.000555556	-0.000869565	-0.000869565	-0.000869565	-0.000869565	-0.000869565	-0.000847458	-0.000847458	-0.000847458	-0.000847458	-0.000847458	-0.000689655	-0.000689655	-0.000689655	-0.000689655	-0.000689655
569160	-0.003582353	-0.003582353	-0.003582353	-0.003582353	-0.003582353	-0.027723029	-0.027723029	-0.027723029	-0.027723029	-0.027723029	-0.020489116	-0.020489116	-0.020489116	-0.020489116	-0.020489116	-0.006756757	-0.006756757	-0.006756757	-0.006756757	-0.006756757	-0.004065041	-0.004065041	-0.004065041	-0.004065041	-0.004065041	-0.004065041	-0.004065041	-0.004065041	-0.004065041	-0.004065041	-0.004065041	-0.004065041	-0.004065041	-0.000421348	-0.000421348	-0.000421348	-0.000421348	-0.000421348	-0.000555556	-0.000555556	-0.000555556	-0.000555556	-0.000555556	-0.000869565	-0.000869565	-0.000869565	-0.000869565	-0.000869565	-0.000847458	-0.000847458	-0.000847458	-0.000847458	-0.000847458	-0.000689655	-0.000689655	-0.000689655	-0.000689655	-0.000689655
570276	-0.003582353	-0.003582353	-0.003582353	-0.003582353	-0.003582353	-0.027723029	-0.027723029	-0.027723029	-0.027723029	-0.027723029	-0.020489116	-0.020489116	-0.020489116	-0.020489116	-0.020489116	-0.006756757	-0.006756757	-0.006756757	-0.006756757	-0.006756757	-0.004065041	-0.004065041	-0.004065041	-0.004065041	-0.004065041	-0.004065041	-0.004065041	-0.004065041	-0.004065041	-0.004065041	-0.004065041	-0.004065041	-0.004065041	-0.000421348	-0.000421348	-0.000421348	-0.000421348	-0.000421348	-0.000555556	-0.000555556	-0.000555556	-0.000555556	-0.000555556	-0.000869565	-0.000869565	-0.000869565	-0.000869565	-0.000869565	-0.000847458	-0.000847458	-0.000847458	-0.000847458	-0.000847458	-0.000689655	-0.000689655	-0.000689655	-0.000689655	-0.000689655
571392	-0.003582353	-0.003582353	-0.003582353	-0.003582353	-0.003582353	-0.027723029	-0.027723029	-0.027723029	-0.027723029	-0.027723029	-0.020489116	-0.020489116	-0.020489116	-0.020489116	-0.020489116	-0.006756757	-0.006756757	-0.006756757	-0.006756757	-0.006756757	-0.004065041	-0.004065041	-0.004065041	-0.004065041	-0.004065041	-0.004065041	-0.004065041	-0.004065041	-0.004065041	-0.004065041	-0.004065041	-0.004065041	-0.004065041	-0.000421348	-0.000421348	-0.000421348	-0.000421348	-0.000421348	-0.000555556	-0.000555556	-0.000555556	-0.000555556	-0.000555556	-0.000869565	-0.000869565	-0.000869565	-0.000869565	-0.000869565	-0.000847458	-0.000847458	-0.000847458	-0.000847458	-0.000847458	-0.000689655	-0.000689655	-0.000689655	-0.000689655	-0.000689655
572508	-0.003582353	-0.003582353	-0.003582353	-0.003582353	-0.003582353	-0.027723029	-0.027723029	-0.027723029	-0.027723029	-0.027723029	-0.020489116	-0.020489116	-0.020489116	-0.020489116	-0.020489116	-0.006756757	-0.006756757	-0.006756757	-0.006756757	-0.006756757	-0.004065041	-0.004065041	-0.004065041	-0.004065041	-0.004065041	-0.004065041	-0.004065041	-0.004065041	-0.004065041	-0.004065041	-0.004065041	-0.004065041	-0.004065041	-0.000421348	-0.000421348	-0.000421348	-0.000421348	-0.000421348	-0.000555556	-0.000555556	-0.000555556	-0.000555556	-0.000555556	-0.000869565	-0.000869565	-0.000869565	-0.000869565	-0.000869565	-0.000847458	-0.000847458	-0.000847458	-0.000847458	-0.000847458	-0.000689655	-0.000689655	-0.000689655	-0.000689655	-0.000689655
573624	-0.003582353	-0.003582353	-0.003582353	-0.003582353	-0.003582353	-0.027723029	-0.027723029	-0.027723029	-0.027723029	-0.027723029	-0.020489116	-0.020489116	-0.020489116	-0.020489116	-0.020489116	-0.006756757	-0.006756757	-0.006756757	-0.006756757	-0.006756757	-0.004065041	-0.004065041	-0.004065041	-0.004065041	-0.004065041	-0.004065041	-0.004065041	-0.004065041	-0.004065041	-0.004065041	-0.004065041	-0.004065041	-0.004065041	-0.000421348	-0.000421348	-0.000421348	-0.000421348	-0.000421348	-0.000555556	-0.000555556	-0.000555556	-0.000555556	-0.000555556	-0.000869565	-0.000869565	-0.000869565	-0.000869565	-0.000869565	-0.000847458	-0.000847458	-0.000847458	-0.000847458	-0.000847458	-0.000689655	-0.000689655	-0.000689655	-0.000689655	-0.000689655
574740	-0.003582353	-0.003582353	-0.003582353	-0.003582353	-0.003582353	-0.027723029	-0.027723029	-0.027723029	-0.027723029	-0.027723029	-0.020489116	-0.020489116	-0.020489116	-0.020489116	-0.020489116	-0.006756757	-0.006756757	-0.006756757	-0.006756757	-0.006756757	-0.004065041	-0.004065041	-0.004065041	-0.004065041	-0.004065041	-0.004065041	-0.004065041	-0.004065041	-0.004065041	-0.004065041	-0.004065041	-0.004065041	-0.004065041	-0.000421348	-0.000421348	-0.000421348	-0.000421348	-0.000421348	-0.000555556	-0.000555556	-0.000555556	-0.000555556	-0.000555556	-0.000869565	-0.000869565	-0.000869565	-0.000869565	-0.000869565	-0.000847458	-0.000847458	-0.000847458	-0.000847458	-0.000847458	-0.000689655	-0.000689655	-0.000689655	-0.000689655	-0.000689655
575856	-0.003582353	-0.003582353	-0.003582353	-0.003582353	-0.003582353	-0.027723029	-0.027723029	-0.027723029	-0.027723029	-0.027723029	-0.020489116	-0.020489116	-0.020489116	-0.020489116	-0.020489116	-0.006756757	-0.006756757	-0.006756757	-0.006756757	-0.006756757	-0.004065041	-0.004065041	-0.004065041	-0.004065041	-0.004065041	-0.004065041	-0.004065041	-0.004065041	-0.004065041	-0.004065041	-0.004065041	-0.004065041	-0.004065041	-0.000421348	-0.000421348	-0.000421348	-0.000421348	-0.000421348	-0.000555556	-0.000555556	-0.000555556	-0.000555556	-0.000555556	-0.000869565	-0.000869565	-0.000869565	-0.000869565	-0.000869565	-0.000847458	-0.000847458	-0.000847458	-0.000847458	-0.000847458	-0.000689655	-0.000689655	-0.000689655	-0.000689655	-0.000689655
576972	-0.003582353	-0.003582353	-0.003582353	-0.003582353	-0.003582353	-0.027723029	-0.027723029	-0.027723029	-0.027723029	-0.027723029	-0.020489116	-0.020489116	-0.020489116	-0.020489116	-0.020489116	-0.006756757	-0.006756757	-0.006756757	-0.006756757	-0.006756757	-0.004065041	-0.004065041	-0.004065041	-0.004065041	-0.004065041	-0.004065041	-0.004065041	-0.004065041	-0.004065041	-0.004065041	-0.004065041	-0.004065041	-0.004065041	-0.000421348	-0.000421348	-0.000421348	-0.000421348	-0.000421348	-0.000555556	-0.000555556	-0.000555556	-0.000555556	-0.000555556	-0.000869565	-0.000869565	-0.000869565	-0.000869565	-0.000869565	-0.000847458	-0.000847458	-0.000847458	-0.000847458	-0.000847458	-0.000689655	-0.000689655	-0.000689655	-0.000689655	-0.000689655
578088	-0.003582353	-0.003582353	-0.003582353	-0.003582353	-0.003582353	-0.027723029	-0.027723029	-0.027723029	-0.027723029	-0.027723029	-0.020489116	-0.020489116	-0.020489116	-0.020489116	-0.020489116	-0.006756757	-0.006756757	-0.006756757	-0.006756757	-0.006756757	-0.004065041	-0.004065041	-0.004065041	-0.004065041	-0.004065041	-0.004065041	-0.004065041	-0.004065041	-0.004065041	-0.004065041	-0.004065041	-0.004065041	-0.004065041	-0.000421348	-0.000421348	-0.000421348	-0.000421348	-0.000421348	-0.000555556	-0.000555556	-0.000555556	-0.000555556	-0.000555556	-0.000869565	-0.000869565	-0.000869565	-0.000869565	-0.000869565	-0.000847458	-0.000847458	-0.000847458	-0.000847458	-0.000847458	-0.000689655	-0.000689655	-0.000689655	-0.000689655	-0.000689655
579204	-0.003582353	-0.003582353	-0.003582353	-0.003582353	-0.003582353	-0.027723029	-0.027723029	-0.027723029	-0.027723029	-0.027723029	-0.020489116	-0.020489116	-0.020489116	-0.020489116	-0.020489116	-0.006756757	-0.006756757	-0.006756757	-0.006756757	-0.006756757	-0.004065041	-0.004065041	-0.004065041	-0.004065041	-0.004065041	-0.004065041	-0.004065041	-0.004065041	-0.004065041	-0.004065041	-0.004065041	-0.004065041	-0.004065041	-0.000421348	-0.000421348	-0.000421348	-0.000421348	-0.000421348	-0.000555556	-0.000555556	-0.000555556	-0.000555556	-0.000555556	-0.000869565	-0.000869565	-0.000869565	-0.000869565	-0.000869565	-0.000847458	-0.000847458	-0.000847458	-0.000847458	-0.000847458	-0.000689655	-0.000689655	-0.000689655	-0.000689655	-0.000689655
580320	-0.003582353	-0.003582353	-0.003582353	-0.003582353	-0.003582353	-0.027723029	-0.027723029	-0.027723029	-0.027723029	-0.027723029	-0.020489116	-0.020489116	-0.020489116	-0.020489116	-0.020489116	-0.006756757	-0.006756757	-0.006756757	-0.006756757	-0.006756757	-0.004065041	-0.004065041	-0.004065041	-0.004065041	-0.004065041	-0.004065041	-0.004065041	-0.004065041	-0.004065041	-0.004065041	-0.004065041	-0.004065041	-0.004065041	-0.000421348	-0.000421348	-0.000421348	-0.000421348	-0.000421348	-0.000555556	-0.000555556	-0.000555556	-0.000555556	-0.000555556	-0.000869565	-0.000869565	-0.000869565	-0.000869565	-0.000869565	-0.000847458	-0.000847458	-0.000847458	-0.000847458	-0.000847458	-0.000689655	-0.000689655	-0.000689655	-0.000689655	-0.000689655
581436	-0.003582353	-0.003582353	-0.003582353	-0.003582353	-0.003582353	-0.027723029	-0.027723029	-0.027723029	-0.027723029	-0.027723029	-0.020489116	-0.020489116	-0.020489116	-0.020489116	-0.020489116	-0.006756757	-0.006756757	-0.006756757	-0.006756757	-0.006756757	-0.004065041	-0.004065041	-0.004065041	-0.004065041	-0.004065041	-0.004065041	-0.004065041	-0.004065041	-0.004065041	-0.004065041	-0.004065041	-0.004065041	-0.004065041	-0.000421348	-0.000421348	-0.000421348	-0.000421348	-0.000421348	-0.000555556	-0.000555556	-0.000555556	-0.000555556	-0.000555556	-0.000869565	-0.000869565	-0.000869565	-0.000869565	-0.000869565	-0.000847458	-0.000847458	-0.000847458	-0.000847458	-0.000847458	-0.000689655	-0.000689655	-0.000689655	-0.000689655	-0.000689655
582552	-0.003582353	-0.003582353	-0.003582353	-0.003582353	-0.003582353	-0.027723029	-0.027723029	-0.027723029	-0.027723029	-0.027723029	-0.020489116	-0.020489116	-0.020489116	-0.020489116	-0.020489116	-0.006756757	-0.006756757	-0.006756757	-0.006756757	-0.006756757	-0.004065041	-0.004065041	-0.004065041	-0.004065041	-0.004065041	-0.004065041	-0.004065041	-0.004065041	-0.004065041	-0.004065041	-0.004065041	-0.004065041	-0.004065041	-0.000421348	-0.000421348	-0.000421348	-0.000421348	-0.000421348	-0.000555556	-0.000555556	-0.000555556	-0.000555556	-0.000555556	-0.000869565	-0.000869565	-0.000869565	-0.000869565	-0.000869565	-0.000847458	-0.000847458	-0.000847458	-0.000847458	-0.000847458	-0.000689655	-0.000689655	-0.000689655	-0.000689655	-0.000689655
583668	-0.003582353	-0.003582353	-0.003582353	-0.003582353	-0.003582353	-0.027723029	-0.027723029	-0.027723029	-0.027723029	-0.027723029	-0.020489116	-0.020489116	-0.020489116	-0.020489116	-0.020489116	-0.006756757	-0.006756757	-0.006756757	-0.006756757	-0.006756757	-0.004065041	-0.004065041	-0.004065041	-0.004065041	-0.004065041	-0.004065041	-0.004065041	-0.004065041	-0.004065041	-0.004065041	-0.004065041	-0.004065041	-0.004065041	-0.000421348	-0.000421348	-0.000421348	-0.000421348	-0.000421348	-0.000555556	-0.000555556	-0.000555556	-0.000555556	-0.000555556	-0.000869565	-0.000869565	-0.000869565	-0.000869565	-0.000869565	-0.000847458	-0.000847458	-0.000847458	-0.000847458	-0.000847458	-0.000689655	-0.000689655	-0.000689655	-0.000689655	-0.000689655
584784	-0.003582353	-0.003582353	-0.003582353	-0.003582353	-0.003582353	-0.027723029	-0.027723029	-0.027723029	-0.027723029	-0.027723029	-0.020489116	-0.020489116	-0.020489116	-0.020489116	-0.020489116	-0.006756757	-0.006756757	-0.006756757	-0.006756757	-0.006756757	-0.004065041	-0.004065041	-0.004065041	-0.004065041	-0.004065041	-0.004065041	-0.004065041	-0.004065041	-0.004065041	-0.004065041	-0.004065041	-0.004065041	-0.004065041	-0.000421348	-0.000421348	-0.000421348	-0.000421348	-0.000421348	-0.000555556	-0.000555556	-0.000555556	-0.000555556	-0.000555556	-0.000869565	-0.000869565	-0.000869565	-0.000869565	-0.000869565	-0.000847458	-0.000847458	-0.000847458	-0.000847458	-0.000847458	-0.000689655	-0.000689655	-0.000689655	-0.000689655	-0.000689655
585900	-0.003582353	-0.003582353	-0.003582353	-0.003582353	-0.003582353	-0.027723029	-0.027723029	-0.027723029	-0.027723029	-0.027723029	-0.020489116	-0.020489116	-0.020489116	-0.020489116	-0.020489116	-0.006756757	-0.006756757	-0.006756757	-0.006756757	-0.006756757	-0.004065041	-0.004065041	-0.004065041	-0.004065041	-0.004065041	-0.004065041	-0.004065041	-0.004065041	-0.004065041	-0.004065041	-0.004065041	-0.004065041	-0.004065041	-0.000421348	-0.000421348	-0.000421348	-0.000421348	-0.000421348	-0.000555556	-0.000555556	-0.000555556	-0.000555556	-0.000555556	-0.000869565	-0.000869565	-0.000869565	-0.000869565	-0.000869565	-0.000847458	-0.000847458	-0.000847458	-0.000847458	-0.000847458	-0.000689655	-0.000689655	-0.000689655	-0.000689655	-0.000689655
587016	-0.003582353	-0.003582353	-0.003582353	-0.003582353	-0.003582353	-0.027723029	-0.027723029	-0.027723029	-0.027723029	-0.027723029	-0.020489116	-0.020489116	-0.020489116	-0.020489116	-0.020489116	-0.006756757	-0.006756757	-0.006756757	-0.006756757	-0.006756757	-0.004065041	-0.004065041	-0.004065041	-0.004065041	-0.004065041	-0.004065041	-0.004065041	-0.004065041	-0.004065041	-0.004065041	-0.004065041	-0.004065041	-0.004065041	-0.000421348	-0.000421348	-0.000421348	-0.000421348	-0.000421348	-0.000555556	-0.000555556	-0.000555556	-0.000555556	-0.000555556	-0.000869565	-0.000869565	-0.000869565	-0.000869565	-0.000869565	-0.000847458	-0.000847458	-0.000847458	-0.000847458	-0.000847458	-0.000689655	-0.000689655	-0.000689655	-0.000689655	-0.000689655
588132	-0.003582353	-0.003582353	-0.003582353	-0.003582353	-0.003582353	-0.027723029	-0.027723029	-0.027723029	-0.027723029	-0.027723029	-0.020489116	-0.020489116	-0.020489116	-0.020489116	-0.020489116	-0.006756757	-0.006756757	-0.006756757	-0.006756757	-0.006756757	-0.004065041	-0.004065041	-0.004065041	-0.004065041	-0.004065041	-0.004065041	-0.004065041	-0.004065041	-0.004065041	-0.004065041	-0.004065041	-0.004065041	-0.004065041	-0.000421348	-0.000421348	-0.000421348	-0.000421348	-0.000421348	-0.000555556	-0.000555556	-0.000555556	-0.000555556	-0.000555556	-0.000869565	-0.000869565	-0.000869565	-0.000869565	-0.000869565	-0.000847458	-0.000847458	-0.000847458	-0.000847458	-0.000847458	-0.000689655	-0.000689655	-0.000689655	-0.000689655	-0.000689655
589248	-0.003582353	-0.003582353	-0.003582353	-0.003582353	-0.003582353	-0.027723029	-0.027723029	-0.027723029	-0.027723029	-0.027723029	-0.020489116	-0.020489116	-0.020489116	-0.020489116	-0.020489116	-0.006756757	-0.006756757	-0.006756757	-0.006756757	-0.006756757	-0.004065041	-0.004065041	-0.004065041	-0.004065041	-0.004065041	-0.004065041	-0.004065041	-0.004065041	-0.004065041	-0.004065041	-0.004065041	-0.004065041	-0.004065041	-0.000421348	-0.000421348	-0.000421348	-0.000421348	-0.000421348	-0.000555556	-0.000555556	-0.000555556	-0.000555556	-0.000555556	-0.000869565	-0.000869565	-0.000869565	-0.000869565	-0.000869565	-0.000847458	-0.000847458	-0.000847458	-0.000847458	-0.000847458	-0.000689655	-0.000689655	-0.000689655	-0.000689655	-0.000689655
590364	-0.003582353	-0.003582353	-0.003582353	-0.003582353	-0.003582353	-0.027723029	-0.027723029	-0.027723029	-0.027723029	-0.027723029	-0.020489116	-0.020489116	-0.020489116	-0.020489116	-0.020489116	-0.006756757	-0.006756757	-0.006756757	-0.006756757	-0.006756757	-0.004065041	-0.004065041	-0.004065041	-0.004065041	-0.004065041	-0.004065041	-0.004065041	-0.004065041	-0.004065041	-0.004065041	-0.004065041	-0.004065041	-0.004065041	-0.000421348	-0.000421348	-0.000421348	-0.000421348	-0.000421348	-0.000555556	-0.000555556	-0.000555556	-0.000555556	-0.000555556	-0.000869565	-0.000869565	-0.000869565	-0.000869565	-0.000869565	-0.000847458	-0.000847458	-0.000847458	-0.000847458	-0.000847458	-0.000689655	-0.000689655	-0.000689655	-0.000689655	-0.000689655
591480	-0.003582353	-0.003582353	-0.003582353	-0.003582353	-0.003582353	-0.027723029	-0.027723029	-0.027723029	-0.027723029	-0.027723029	-0.020489116	-0.020489116	-0.020489116	-0.020489116	-0.020489116	-0.006756757	-0.006756757	-0.006756757	-0.006756757	-0.006756757	-0.004065041	-0.004065041	-0.004065041	-0.004065041	-0.004065041	-0.004065041	-0.004065041	-0.004065041	-0.004065041	-0.004065041	-0.004065041	-0.004065041	-0.004065041	-0.000421348	-0.000421348	-0.000421348	-0.000421348	-0.000421348	-0.000555556	-0.000555556	-0.000555556	-0.000555556	-0.000555556	-0.000869565	-0.000869565	-0.000869565	-0.000869565	-0.000869565	-0.000847458	-0.000847458	-0.000847458	-0.000847458	-0.000847458	-0.000689655	-0.000689655	-0.000689655	-0.000689655	-0.000689655
592596	-0.003582353	-0.003582353	-0.003582353	-0.003582353	-0.003582353	-0.027723029	-0.027723029	-0.027723029	-0.027723029	-0.027723029	-0.020489116	-0.020489116	-0.020489116	-0.020489116	-0.020489116	-0.006756757	-0.006756757	-0.006756757	-0.006756757	-0.006756757	-0.004065041	-0.004065041	-0.004065041	-0.004065041	-0.004065041	-0.004065041	-0.004065041	-0.004065041	-0.004065041	-0.004065041	-0.004065041	-0.004065041	-0.004065041	-0.000421348	-0.000421348	-0.000421348	-0.000421348	-0.000421348	-0.000555556	-0.000555556	-0.000555556	-0.000555556	-0.000555556	-0.000869565	-0.000869565	-0.000869565	-0.000869565	-0.000869565	-0.000847458	-0.000847458	-0.000847458	-0.000847458	-0.000847458	-0.000689655	-0.000689655	-0.000689655	-0.000689655	-0.000689655
593712	-0.003582353	-0.003582353	-0.003582353	-0.003582353	-0.003582353	-0.027723029	-0.027723029	-0.027723029	-0.027723029	-0.027723029	-0.020489116	-0.020489116	-0.020489116	-0.020489116	-0.020489116	-0.006756757	-0.006756757	-0.006756757	-0.006756757	-0.006756757	-0.004065041	-0.004065041	-0.004065041	-0.004065041	-0.004065041	-0.004065041	-0.004065041	-0.004065041	-0.004065041	-0.004065041	-0.004065041	-0.004065041	-0.004065041	-0.000421348	-0.000421348	-0.000421348	-0.000421348	-0.000421348	-0.000555556	-0.000555556	-0.000555556	-0.000555556	-0.000555556	-0.000869565	-0.000869565	-0.000869565	-0.000869565	-0.000869565	-0.000847458	-0.000847458	-0.000847458	-0.000847458	-0.000847458	-0.000689655	-0.000689655	-0.000689655	-0.000689655	-0.000689655
594828	-0.003582353	-0.003582353	-0.003582353	-0.003582353	-0.003582353	-0.027723029	-0.027723029	-0.027723029	-0.027723029	-0.027723029	-0.020489116	-0.020489116	-0.020489116	-0.020489116	-0.020489116	-0.006756757	-0.006756757	-0.006756757	-0.006756757	-0.006756757	-0.004065041	-0.004065041	-0.004065041	-0.004065041	-0.004065041	-0.004065041	-0.004065041	-0.004065041	-0.004065041	-0.004065041	-0.004065041	-0.004065041	-0.004065041	-0.000421348	-0.000421348	-0.000421348	-0.000421348	-0.000421348	-0.000555556	-0.000555556	-0.000555556	-0.000555556	-0.000555556	-0.000869565	-0.000869565	-0.000869565	-0.000869565	-0.000869565	-0.000847458	-0.000847458	-0.000847458	-0.000847458	-0.000847458	-0.000689655	-0.000689655	-0.000689655	-0.000689655	-0.000689655
595944	-0.003582353	-0.003582353	-0.003582353	-0.003582353	-0.003582353	-0.027723029	-0.027723029	-0.027723029	-0.027723029	-0.027723029	-0.020489116	-0.020489116	-0.020489116	-0.020489116	-0.020489116	-0.006756757	-0.006756757	-0.006756757	-0.006756757	-0.006756757	-0.004065041	-0.004065041	-0.004065041	-0.004065041	-0.004065041	-0.004065041	-0.004065041	-0.004065041	-0.004065041	-0.004065041	-0.004065041	-0.004065041	-0.004065041	-0.000421348	-0.000421348	-0.000421348	-0.000421348	-0.000421348	-0.000555556	-0.000555556	-0.000555556	-0.000555556	-0.000555556	-0.000869565	-0.000869565	-0.000869565	-0.000869565	-0.000869565	-0.000847458	-0.000847458	-0.000847458	-0.000847458	-0.000847458	-0.000689655	-0.000689655	-0.000689655	-0.000689655	-0.000689655
597060	-0.003582353	-0.003582353	-0.003582353	-0.003582353	-0.003582353	-0.027723029	-0.027723029	-0.027723029	-0.027723029	-0.027723029	-0.020489116	-0.020489116	-0.020489116	-0.020489116	-0.020489116	-0.006756757	-0.006756757	-0.006756757	-0.006756757	-0.006756757	-0.004065041	-0.004065041	-0.004065041	-0.004065041	-0.004065041	-0.004065041	-0.004065041	-0.004065041	-0.004065041	-0.004065041	-0.004065041	-0.004065041	-0.004065041	-0.000421348	-0.000421348	-0.000421348	-0.000421348	-0.000421348	-0.000555556	-0.000555556	-0.000555556	-0.000555556	-0.000555556	-0.000869565	-0.000869565	-0.000869565	-0.000869565	-0.000869565	-0.000847458	-0.000847458	-0.000847458	-0.000847458	-0.000847458	-0.000689655	-0.000689655	-0.000689655	-0.000689655	-0.000689655
598176	-0.003582353	-0.003582353	-0.003582353	-0.003582353	-0.003582353	-0.027723029	-0.027723029	-0.027723029	-0.027723029	-0.027723029	-0.020489116	-0.020489116	-0.020489116	-0.020489116	-0.020489116	-0.006756757	-0.006756757	-0.006756757	-0.006756757	-0.006756757	-0.004065041	-0.004065041	-0.004065041	-0.004065041	-0.004065041	-0.004065041	-0.004065041	-0.004065041	-0.004065041	-0.004065041	-0.004065041	-0.004065041	-0.004065041	-0.000421348	-0.000421348	-0.000421348	-0.000421348	-0.000421348	-0.000555556	-0.000555556	-0.000555556	-0.000555556	-0.000555556	-0.000869565	-0.000869565	-0.000869565	-0.000869565	-0.000869565	-0.000847458	-0.000847458	-0.000847458	-0.000847458	-0.000847458	-0.000689655	-0.000689655	-0.000689655	-0.000689655	-0.000689655
599292	-0.003582353	-0.003582353	-0.003582353	-0.003582353	-0.003582353	-0.027723029	-0.027723029	-0.027723029	-0.027723029	-0.027723029	-0.020489116	-0.020489116	-0.020489116	-0.020489116	-0.020489116	-0.006756757	-0.006756757	-0.006756757	-0.006756757	-0.006756757	-0.004065041	-0.004065041	-0.004065041	-0.004065041	-0.004065041	-0.004065041	-0.004065041	-0.004065041	-0.004065041	-0.004065041	-0.004065041	-0.004065041	-0.004065041	-0.000421348	-0.000421348	-0.000421348	-0.000421348	-0.000421348	-0.000555556	-0.000555556	-0.000555556	-0.000555556	-0.000555556	-0.000869565	-0.000869565	-0.000869565	-0.000869565	-0.000869565	-0.000847458	-0.000847458	-0.000847458	-0.000847458	-0.000847458	-0.000689655	-0.000689655	-0.000689655	-0.000689655	-0.000689655
600408	-0.003582353	-0.003582353	-0.003582353	-0.003582353	-0.003582353	-0.027723029	-0.027723029	-0.027723029	-0.027723029	-0.027723029	-0.020489116	-0.020489116	-0.020489116	-0.020489116	-0.020489116	-0.006756757	-0.006756757	-0.006756757	-0.006756757	-0.006756757	-0.004065041	-0.004065041	-0.004065041	-0.004065041	-0.004065041	-0.004065041	-0.004065041	-0.004065041	-0.004065041	-0.004065041	-0.004065041	-0.004065041	-0.004065041	-0.000421348	-0.000421348	-0.000421348	-0.000421348	-0.000421348	-0.000555556	-0.000555556	-0.000555556	-0.000555556	-0.000555556	-0.000869565	-0.000869565	-0.000869565	-0.000869565	-0.000869565	-0.000847458	-0.000847458	-0.000847458	-0.000847458	-0.000847458	-0.000689655	-0.000689655	-0.000689655	-0.000689655	-0.000689655
601524	-0.003582353	-0.003582353	-0.003582353	-0.003582353	-0.003582353	-0.027723029	-0.027723029	-0.027723029	-0.027723029	-0.027723029	-0.020489116	-0.020489116	-0.020489116	-0.020489116	-0.020489116	-0.006756757	-0.006756757	-0.006756757	-0.006756757	-0.006756757	-0.004065041	-0.004065041	-0.004065041	-0.004065041	-0.004065041	-0.004065041	-0.004065041	-0.004065041	-0.004065041	-0.004065041	-0.004065041	-0.004065041	-0.004065041	-0.000421348	-0.000421348	-0.000421348	-0.000421348	-0.000421348	-0.000555556	-0.000555556	-0.000555556	-0.000555556	-0.000555556	-0.000869565	-0.000869565	-0.000869565	-0.000869565	-0.000869565	-0.000847458	-0.000847458	-0.000847458	-0.000847458	-0.000847458	-0.000689655	-0.000689655	-0.000689655	-0.000689655	-0.000689655
602640	-0.003582353	-0.003582353	-0.003582353	-0.003582353	-0.003582353	-0.027723029	-0.027723029	-0.027723029	-0.027723029	-0.027723029	-0.020489116	-0.020489116	-0.020489116	-0.020489116	-0.020489116	-0.006756757	-0.006756757	-0.006756757	-0.006756757	-0.006756757	-0.004065041	-0.004065041	-0.004065041	-0.004065041	-0.004065041	-0.004065041	-0.004065041	-0.004065041	-0.004065041	-0.004065041	-0.004065041	-0.004065041	-0.004065041	-0.000421348	-0.000421348	-0.000421348	-0.000421348	-0.000421348	-0.000555556	-0.000555556	-0.000555556	-0.000555556	-0.000555556	-0.000869565	-0.000869565	-0.000869565	-0.000869565	-0.000869565	-0.000847458	-0.000847458	-0.000847458	-0.000847458	-0.000847458	-0.000689655	-0.000689655	-0.000689655	-0.000689655	-0.000689655
603756	-0.003582353	-0.003582353	-0.003582353	-0.003582353	-0.003582353	-0.027723029	-0.027723029	-0.027723029	-0.027723029	-0.027723029	-0.020489116	-0.020489116	-0.020489116	-0.020489116	-0.020489116	-0.006756757	-0.006756757	-0.006756757	-0.006756757	-0.006756757	-0.004065041	-0.004065041	-0.004065041	-0.004065041	-0.004065041	-0.004065041	-0.004065041	-0.004065041	-0.004065041	-0.004065041	-0.004065041	-0.004065041	-0.004065041	-0.000421348	-0.000421348	-0.000421348	-0.000421348	-0.000421348	-0.000555556	-0.000555556	-0.000555556	-0.000555556	-0.000555556	-0.000869565	-0.000869565	-0.000869565	-0.000869565	-0.000869565	-0.000847458	-0.000847458	-0.000847458	-0.000847458	-0.000847458	-0.000689655	-0.000689655	-0.000689655	-0.000689655	-0.000689655
604872	-0.003582353	-0.003582353	-0.003582353	-0.003582353	-0.003582353	-0.027723029	-0.027723029	-0.027723029	-0.027723029	-0.027723029	-0.020489116	-0.020489116	-0.020489116	-0.020489116	-0.020489116	-0.006756757	-0.006756757	-0.006756757	-0.006756757	-0.006756757	-0.004065041	-0.004065041	-0.004065041	-0.004065041	-0.004065041	-0.004065041	-0.004065041	-0.004065041	-0.004065041	-0.004065041	-0.004065041	-0.004065041	-0.004065041	-0.000421348	-0.000421348	-0.000421348	-0.000421348	-0.000421348	-0.000555556	-0.000555556	-0.000555556	-0.000555556	-0.000555556	-0.000869565	-0.000869565	-0.000869565	-0.000869565	-0.000869565	-0.000847458	-0.000847458	-0.000847458	-0.000847458	-0.000847458	-0.000689655	-0.000689655	-0.000689655	-0.000689655	-0.000689655
605988	-0.003582353	-0.003582353	-0.003582353	-0.003582353	-0.003582353	-0.027723029	-0.027723029	-0.027723029	-0.027723029	-0.027723029	-0.020489116	-0.020489116	-0.020489116	-0.020489116	-0.020489116	-0.006756757	-0.006756757	-0.006756757	-0.006756757	-0.006756757	-0.004065041	-0.004065041	-0.004065041	-0.004065041	-0.004065041	-0.004065041	-0.004065041	-0.004065041	-0.004065041	-0.004065041	-0.004065041	-0.004065041	-0.004065041	-0.000421348	-0.000421348	-0.000421348	-0.000421348	-0.000421348	-0.000555556	-0.000555556	-0.000555556	-0.000555556	-0.000555556	-0.000869565	-0.000869565	-0.000869565	-0.000869565	-0.000869565	-0.000847458	-0.000847458	-0.000847458	-0.000847458	-0.000847458	-0.000689655	-0.000689655	-0.000689655	-0.000689655	-0.000689655
607104	-0.003582353	-0.003582353	-0.003582353	-0.003582353	-0.003582353	-0.027723029	-0.027723029	-0.027723029	-0.027723029	-0.027723029	-0.020489116	-0.020489116	-0.020489116	-0.020489116	-0.020489116	-0.006756757	-0.006756757	-0.006756757	-0.006756757	-0.006756757	-0.004065041	-0.004065041	-0.004065041	-0.004065041	-0.004065041	-0.004065041	-0.004065041	-0.004065041	-0.004065041	-0.004065041	-0.004065041	-0.004065041	-0.004065041	-0.000421348	-0.000421348	-0.000421348	-0.000421348	-0.000421348	-0.000555556	-0.000555556	-0.000555556	-0.000555556	-0.000555556	-0.000869565	-0.000869565	-0.000869565	-0.000869565	-0.000869565	-0.000847458	-0.000847458	-0.000847458	-0.000847458	-0.000847458	-0.000689655	-0.000689655	-0.000689655	-0.000689655	-0.000689655
608220	-0.003582353	-0.003582353	-0.003582353	-0.003582353	-0.003582353	-0.027723029	-0.027723029	-0.027723029	-0.027723029	-0.027723029	-0.020489116	-0.020489116	-0.020489116	-0.020489116	-0.020489116	-0.006756757	-0.006756757	-0.006756757	-0.006756757	-0.006756757	-0.004065041	-0.004065041	-0.004065041	-0.004065041	-0.004065041	-0.004065041	-0.004065041	-0.004065041	-0.004065041	-0.004065041	-0.004065041	-0.004065041	-0.004065041	-0.000421348	-0.000421348	-0.000421348	-0.000421348	-0.000421348	-0.000555556	-0.000555556	-0.000555556	-0.000555556	-0.000555556	-0.000869565	-0.000869565	-0.000869565	-0.000869565	-0.000869565	-0.000847458	-0.000847458	-0.000847458	-0.000847458	-0.000847458	-0.000689655	-0.000689655	-0.000689655	-0.000689655	-0.000689655
609336	-0.003582353	-0.003582353	-0.003582353	-0.003582353	-0.003582353	-0.027723029	-0.027723029	-0.027723029	-0.027723029	-0.027723029	-0.020489116	-0.020489116	-0.020489116	-0.020489116	-0.020489116	-0.006756757	-0.006756757	-0.006756757	-0.006756757	-0.006756757	-0.004065041	-0.004065041	-0.004065041	-0.004065041	-0.004065041	-0.004065041	-0.004065041	-0.004065041	-0.004065041	-0.004065041	-0.004065041	-0.004065041	-0.004065041	-0.000421348	-0.000421348	-0.000421348	-0.000421348	-0.000421348	-0.000555556	-0.000555556	-0.000555556	-0.000555556	-0.000555556	-0.000869565	-0.000869565	-0.000869565	-0.000869565	-0.000869565	-0.000847458	-0.000847458	-0.000847458	-0.000847458	-0.000847458	-0.000689655	-0.000689655	-0.000689655	-0.000689655	-0.000689655
610452	-0.003582353	-0.003582353	-0.003582353	-0.003582353	-0.003582353	-0.027723029	-0.027723029	-0.027723029	-0.027723029	-0.027723029	-0.020489116	-0.020489116	-0.020489116	-0.020489116	-0.020489116	-0.006756757	-0.006756757	-0.006756757	-0.006756757	-0.006756757	-0.004065041	-0.004065041	-0.004065041	-0.004065041	-0.004065041	-0.004065041	-0.004065041	-0.004065041	-0.004065041	-0.004065041	-0.004065041	-0.004065041	-0.004065041	-0.000421348	-0.000421348	-0.000421348	-0.000421348	-0.000421348	-0.000555556	-0.000555556	-0.000555556	-0.000555556	-0.000555556	-0.000869565	-0.000869565	-0.000869565	-0.000869565	-0.000869565	-0.000847458	-0.000847458	-0.000847458	-0.000847458	-0.000847458	-0.000689655	-0.000689655	-0.000689655	-0.000689655	-0.000689655
611568	-0.003582353	-0.003582353	-0.003582353	-0.003582353	-0.003582353	-0.027723029	-0.027723029	-0.027723029	-0.027723029	-0.027723029	-0.020489116	-0.020489116	-0.020489116	-0.020489116	-0.020489116	-0.006756757	-0.006756757	-0.006756757	-0.006756757	-0.006756757	-0.004065041	-0.004065041	-0.004065041	-0.004065041	-0.004065041	-0.004065041	-0.004065041	-0.004065041	-0.004065041	-0.004065041	-0.004065041	-0.004065041	-0.004065041	-0.000421348	-0.000421348	-0.000421348	-0.000421348	-0.000421348	-0.000555556	-0.000555556	-0.000555556	-0.000555556	-0.000555556	-0.000869565	-0.000869565	-0.000869565	-0.000869565	-0.000869565	-0.000847458	-0.000847458	-0.000847458	-0.000847458	-0.000847458	-0.000689655	-0.000689655	-0.000689655	-0.000689655	-0.000689655
612684	-0.003582353	-0.003582353	-0.003582353	-0.003582353	-0.003582353	-0.027723029	-0.027723029	-0.027723029	-0.027723029	-0.027723029	-0.020489116	-0.020489116	-0.020489116	-0.020489116	-0.020489116	-0.006756757	-0.006756757	-0.006756757	-0.006756757	-0.006756757	-0.004065041	-0.004065041	-0.004065041	-0.004065041	-0.004065041	-0.004065041	-0.004065041	-0.004065041	-0.004065041	-0.004065041	-0.004065041	-0.004065041	-0.004065041	-0.000421348	-0.000421348	-0.000421348	-0.000421348	-0.000421348	-0.000555556	-0.000555556	-0.000555556	-0.000555556	-0.000555556	-0.000869565	-0.000869565	-0.000869565	-0.000869565	-0.000869565	-0.000847458	-0.000847458	-0.000847458	-0.000847458	-0.000847458	-0.000689655	-0.000689655	-0.000689655	-0.000689655	-0.000689655
613800	-0.003582353	-0.003582353	-0.003582353	-0.003582353	-0.003582353	-0.027723029	-0.027723029	-0.027723029	-0.027723029	-0.027723029	-0.020489116	-0.020489116	-0.020489116	-0.020489116	-0.020489116	-0.006756757	-0.006756757	-0.006756757	-0.006756757	-0.006756757	-0.004065041	-0.004065041	-0.004065041	-0.004065041	-0.004065041	-0.004065041	-0.004065041	-0.004065041	-0.004065041	-0.004065041	-0.004065041	-0.004065041	-0.004065041	-0.000421348	-0.000421348	-0.000421348	-0.000421348	-0.000421348	-0.000555556	-0.000555556	-0.000555556	-0.000555556	-0.000555556	-0.000869565	-0.000869565	-0.000869565	-0.000869565	-0.000869565	-0.000847458	-0.000847458	-0.000847458	-0.000847458	-0.000847458	-0.000689655	-0.000689655	-0.000689655	-0.000689655	-0.000689655
614916	-0.003582353	-0.003582353	-0.003582353	-0.003582353	-0.003582353	-0.027723029	-0.027723029	-0.027723029	-0.027723029	-0.027723029	-0.020489116	-0.020489116	-0.020489116	-0.020489116	-0.020489116	-0.006756757	-0.006756757	-0.006756757	-0.006756757	-0.006756757	-0.004065041	-0.004065041	-0.004065041	-0.004065041	-0.004065041	-0.004065041	-0.004065041	-0.004065041	-0.004065041	-0.004065041	-0.004065041	-0.004065041	-0.004065041	-0.000421348	-0.000421348	-0.000421348	-0.000421348	-0.000421348	-0.000555556	-0.000555556	-0.000555556	-0.000555556	-0.000555556	-0.000869565	-0.000869565	-0.000869565	-0.000869565	-0.000869565	-0.000847458	-0.000847458	-0.000847458	-0.000847458	-0.000847458	-0.000689655	-0.000689655	-0.000689655	-0.000689655	-0.000689655
616032	-0.003582353	-0.003582353	-0.003582353	-0.003582353	-0.003582353	-0.027723029	-0.027723029	-0.027723029	-0.027723029	-0.027723029	-0.020489116	-0.020489116	-0.020489116	-0.020489116	-0.020489116	-0.006756757	-0.006756757	-0.006756757	-0.006756757	-0.006756757	-0.004065041	-0.004065041	-0.004065041	-0.004065041	-0.004065041	-0.004065041	-0.004065041	-0.004065041	-0.004065041	-0.004065041	-0.004065041	-0.004065041	-0.004065041	-0.000421348	-0.000421348	-0.000421348	-0.000421348	-0.000421348	-0.000555556	-0.000555556	-0.000555556	-0.000555556	-0.000555556	-0.000869565	-0.000869565	-0.000869565	-0.000869565	-0.000869565	-0.000847458	-0.000847458	-0.000847458	-0.000847458	-0.000847458	-0.000689655	-0.000689655	-0.000689655	-0.000689655	-0.000689655
617148	-0.003582353	-0.003582353	-0.003582353	-0.003582353	-0.003582353	-0.027723029	-0.027723029	-0.027723029	-0.027723029	-0.027723029	-0.020489116	-0.020489116	-0.020489116	-0.020489116	-0.020489116	-0.006756757	-0.006756757	-0.006756757	-0.006756757	-0.006756757	-0.004065041	-0.004065041	-0.004065041	-0.004065041	-0.004065041	-0.004065041	-0.004065041	-0.004065041	-0.004065041	-0.004065041	-0.004065041	-0.004065041	-0.004065041	-0.000421348	-0.000421348	-0.000421348	-0.000421348	-0.000421348	-0.000555556	-0.000555556	-0.000555556	-0.000555556	-0.000555556	-0.000869565	-0.000869565	-0.000869565	-0.000869565	-0.000869565	-0.000847458	-0.000847458	-0.000847458	-0.000847458	-0.000847458	-0.000689655	-0.000689655	-0.000689655	-0.000689655	-0.000689655
618264	-0.003582353	-0.003582353	-0.003582353	-0.003582353	-0.003582353	-0.027723029	-0.027723029	-0.027723029	-0.027723029	-0.027723029	-0.020489116	-0.020489116	-0.020489116	-0.020489116	-0.020489116	-0.006756757	-0.006756757	-0.006756757	-0.006756757	-0.006756757	-0.004065041	-0.004065041	-0.004065041	-0.004065041	-0.004065041	-0.004065041	-0.004065041	-0.004065041	-0.004065041	-0.004065041	-0.004065041	-0.004065041	-0.004065041	-0.000421348	-0.000421348	-0.000421348	-0.000421348	-0.000421348	-0.000555556	-0.000555556	-0.000555556	-0.000555556	-0.000555556	-0.000869565	-0.000869565	-0.000869565	-0.000869565	-0.000869565	-0.000847458	-0.000847458	-0.000847458	-0.000847458	-0.000847458	-0.000689655	-0.000689655	-0.000689655	-0.000689655	-0.000689655
619380	-0.003582353	-0.003582353	-0.003582353	-0.003582353	-0.003582353	-0.027723029	-0.027723029	-0.027723029	-0.027723029	-0.027723029	-0.020489116	-0.020489116	-0.020489116	-0.020489116	-0.020489116	-0.006756757	-0.006756757	-0.006756757	-0.006756757	-0.006756757	-0.004065041	-0.004065041	-0.004065041	-0.004065041	-0.004065041	-0.004065041	-0.004065041	-0.004065041	-0.004065041	-0.004065041	-0.004065041	-0.004065041	-0.004065041	-0.000421348	-0.000421348	-0.000421348	-0.000421348	-0.000421348	-0.000555556	-0.000555556	-0.000555556	-0.000555556	-0.000555556	-0.000869565	-0.000869565	-0.000869565	-0.000869565	-0.000869565	-0.000847458	-0.000847458	-0.000847458	-0.000847458	-0.000847458	-0.000689655	-0.000689655	-0.000689655	-0.000689655	-0.000689655
620496	-0.003582353	-0.003582353	-0.003582353	-0.003582353	-0.003582353	-0.027723029	-0.027723029	-0.027723029	-0.027723029	-0.027723029	-0.020489116	-0.020489116	-0.020489116	-0.020489116	-0.020489116	-0.006756757	-0.006756757	-0.006756757	-0.006756757	-0.006756757	-0.004065041	-0.004065041	-0.004065041	-0.004065041	-0.004065041	-0.004065041	-0.004065041	-0.004065041	-0.004065041	-0.004065041	-0.004065041	-0.004065041	-0.004065041	-0.000421348	-0.000421348	-0.000421348	-0.000421348	-0.000421348	-0.000555556	-0.000555556	-0.000555556	-0.000555556	-0.000555556	-0.000869565	-0.000869565	-0.000869565	-0.000869565	-0.000869565	-0.000847458	-0.000847458	-0.000847458	-0.000847458	-0.000847458	-0.000689655	-0.000689655	-0.000689655	-0.000689655	-0.000689655
621612	-0.003582353	-0.003582353	-0.003582353	-0.003582353	-0.003582353	-0.027723029	-0.027723029	-0.027723029	-0.027723029	-0.027723029	-0.020489116	-0.020489116	-0.020489116	-0.020489116	-0.020489116	-0.006756757	-0.006756757	-0.006756757	-0.006756757	-0.006756757	-0.004065041	-0.004065041	-0.004065041	-0.004065041	-0.004065041	-0.004065041	-0.004065041	-0.004065041	-0.004065041	-0.004065041	-0.004065041	-0.004065041	-0.004065041	-0.000421348	-0.000421348	-0.000421348	-0.000421348	-0.000421348	-0.000555556	-0.000555556	-0.000555556	-0.000555556	-0.000555556	-0.000869565	-0.000869565	-0.000869565	-0.000869565	-0.000869565	-0.000847458	-0.000847458	-0.000847458	-0.000847458	-0.000847458	-0.000689655	-0.000689655	-0.000689655	-0.000689655	-0.000689655
622728	-0.003582353	-0.003582353	-0.003582353	-0.003582353	-0.003582353	-0.027723029	-0.027723029	-0.027723029	-0.027723029	-0.027723029	-0.020489116	-0.020489116	-0.020489116	-0.020489116	-0.020489116	-0.006756757	-0.006756757	-0.006756757	-0.006756757	-0.006756757	-0.004065041	-0.004065041	-0.004065041	-0.004065041	-0.004065041	-0.004065041	-0.004065041	-0.004065041	-0.004065041	-0.004065041	-0.004065041	-0.004065041	-0.004065041	-0.000421348	-0.000421348	-0.000421348	-0.000421348	-0.000421348	-0.000555556	-0.000555556	-0.000555556	-0.000555556	-0.000555556	-0.000869565	-0.000869565	-0.000869565	-0.000869565	-0.000869565	-0.000847458	-0.000847458	-0.000847458	-0.000847458	-0.000847458	-0.000689655	-0.000689655	-0.000689655	-0.000689655	-0.000689655
623844	-0.003582353	-0.003582353	-0.003582353	-0.003582353	-0.003582353	-0.027723029	-0.027723029	-0.027723029	-0.027723029	-0.027723029	-0.020489116	-0.020489116	-0.020489116	-0.020489116	-0.020489116	-0.006756757	-0.006756757	-0.006756757	-0.006756757	-0.006756757	-0.004065041	-0.004065041	-0.004065041	-0.004065041	-0.004065041	-0.004065041	-0.004065041	-0.004065041	-0.004065041	-0.004065041	-0.004065041	-0.004065041	-0.004065041	-0.000421348	-0.000421348	-0.000421348	-0.000421348	-0.000421348	-0.000555556	-0.000555556	-0.000555556	-0.000555556	-0.000555556	-0.000869565	-0.000869565	-0.000869565	-0.000869565	-0.000869565	-0.000847458	-0.000847458	-0.000847458	-0.000847458	-0.000847458	-0.000689655	-0.000689655	-0.000689655	-0.000689655	-0.000689655
624960	-0.003582353	-0.003582353	-0.003582353	-0.003582353	-0.003582353	-0.027723029	-0.027723029	-0.027723029	-0.027723029	-0.027723029	-0.020489116	-0.020489116	-0.020489116	-0.020489116	-0.020489116	-0.006756757	-0.006756757	-0.006756757	-0.006756757	-0.006756757	-0.004065041	-0.004065041	-0.004065041	-0.004065041	-0.004065041	-0.004065041	-0.004065041	-0.004065041	-0.004065041	-0.004065041	-0.004065041	-0.004065041	-0.004065041	-0.000421348	-0.000421348	-0.000421348	-0.000421348	-0.000421348	-0.000555556	-0.000555556	-0.000555556	-0.000555556	-0.000555556	-0.000869565	-0.000869565	-0.000869565	-0.000869565	-0.000869565	-0.000847458	-0.000847458	-0.000847458	-0.000847458	-0.000847458	-0.000689655	-0.000689655	-0.000689655	-0.000689655	-0.000689655
626076	-0.003582353	-0.003582353	-0.003582353	-0.003582353	-0.003582353	-0.027723029	-0.027723029	-0.027723029	-0.027723029	-0.027723029	-0.020489116	-0.020489116	-0.020489116	-0.020489116	-0.020489116	-0.006756757	-0.006756757	-0.006756757	-0.006756757	-0.006756757	-0.004065041	-0.004065041	-0.004065041	-0.004065041	-0.004065041	-0.004065041	-0.004065041	-0.004065041	-0.004065041	-0.004065041	-0.004065041	-0.004065041	-0.004065041	-0.000421348	-0.000421348	-0.000421348	-0.000421348	-0.000421348	-0.000555556	-0.000555556	-0.000555556	-0.000555556	-0.000555556	-0.000869565	-0.000869565	-0.000869565	-0.000869565	-0.000869565	-0.000847458	-0.000847458	-0.000847458	-0.000847458	-0.000847458	-0.000689655	-0.000689655	-0.000689655	-0.000689655	-0.000689655
627192	-0.003582353	-0.003582353	-0.003582353	-0.003582353	-0.003582353	-0.027723029	-0.027723029	-0.027723029	-0.027723029	-0.027723029	-0.020489116	-0.020489116	-0.020489116	-0.020489116	-0.020489116	-0.006756757	-0.006756757	-0.006756757	-0.006756757	-0.006756757	-0.004065041	-0.004065041	-0.004065041	-0.004065041	-0.004065041	-0.004065041	-0.004065041	-0.004065041	-0.004065041	-0.004065041	-0.004065041	-0.004065041	-0.004065041	-0.000421348	-0.000421348	-0.000421348	-0.000421348	-0.000421348	-0.000555556	-0.000555556	-0.000555556	-0.000555556	-0.000555556	-0.000869565	-0.000869565	-0.000869565	-0.000869565	-0.000869565	-0.000847458	-0.000847458	-0.000847458	-0.000847458	-0.000847458	-0.000689655	-0.000689655	-0.000689655	-0.000689655	-0.000689655
628308	-0.003582353	-0.003582353	-0.003582353	-0.003582353	-0.003582353	-0.027723029	-0.027723029	-0.027723029	-0.027723029	-0.027723029	-0.020489116	-0.020489116	-0.020489116	-0.020489116	-0.020489116	-0.006756757	-0.006756757	-0.006756757	-0.006756757	-0.006756757	-0.004065041	-0.004065041	-0.004065041	-0.004065041	-0.004065041	-0.004065041	-0.004065041	-0.004065041	-0.004065041	-0.004065041	-0.004065041	-0.004065041	-0.004065041	-0.000421348	-0.000421348	-0.000421348	-0.000421348	-0.000421348	-0.000555556	-0.000555556	-0.000555556	-0.000555556	-0.000555556	-0.000869565	-0.000869565	-0.000869565	-0.000869565	-0.000869565	-0.000847458	-0.000847458	-0.000847458	-0.000847458	-0.000847458	-0.000689655	-0.000689655	-0.000689655	-0.000689655	-0.000689655
629424	-0.003582353	-0.003582353	-0.003582353	-0.003582353	-0.003582353	-0.027723029	-0.027723029	-0.027723029	-0.027723029	-0.027723029	-0.020489116	-0.020489116	-0.020489116	-0.020489116	-0.020489116	-0.006756757	-0.006756757	-0.006756757	-0.006756757	-0.006756757	-0.004065041	-0.004065041	-0.004065041	-0.004065041	-0.004065041	-0.004065041	-0.004065041	-0.004065041	-0.004065041	-0.004065041	-0.004065041	-0.004065041	-0.004065041	-0.000421348	-0.000421348	-0.000421348	-0.000421348	-0.000421348	-0.000555556	-0.000555556	-0.000555556	-0.000555556	-0.000555556	-0.000869565	-0.000869565	-0.000869565	-0.000869565	-0.000869565	-0.000847458	-0.000847458	-0.000847458	-0.000847458	-0.000847458	-0.000689655	-0.000689655	-0.000689655	-0.000689655	-0.000689655
630540	-0.003582353	-0.003582353	-0.003582353	-0.003582353	-0.003582353	-0.027723029	-0.027723029	-0.027723029	-0.027723029	-0.027723029	-0.020489116	-0.020489116	-0.020489116	-0.020489116	-0.020489116	-0.006756757	-0.006756757	-0.006756757	-0.006756757	-0.006756757	-0.004065041	-0.004065041	-0.004065041	-0.004065041	-0.004065041	-0.004065041	-0.004065041	-0.004065041	-0.004065041	-0.004065041	-0.004065041	-0.004065041	-0.004065041	-0.000421348	-0.000421348	-0.000421348	-0.000421348	-0.000421348	-0.000555556	-0.000555556	-0.000555556	-0.000555556	-0.000555556	-0.000869565	-0.000869565	-0.000869565	-0.000869565	-0.000869565	-0.000847458	-0.000847458	-0.000847458	-0.000847458	-0.000847458	-0.000689655	-0.000689655	-0.000689655	-0.000689655	-0.000689655
631656	-0.003582353	-0.003582353	-0.003582353	-0.003582353	-0.003582353	-0.027723029	-0.027723029	-0.027723029	-0.027723029	-0.027723029	-0.020489116	-0.020489116	-0.020489116	-0.020489116	-0.020489116	-0.006756757	-0.006756757	-0.006756757	-0.006756757	-0.006756757	-0.004065041	-0.004065041	-0.004065041	-0.004065041	-0.004065041	-0.004065041	-0.004065041	-0.004065041	-0.004065041	-0.004065041	-0.004065041	-0.004065041	-0.004065041	-0.000421348	-0.000421348	-0.000421348	-0.000421348	-0.000421348	-0.000555556	-0.000555556	-0.000555556	-0.000555556	-0.000555556	-0.000869565	-0.000869565	-0.000869565	-0.000869565	-0.000869565	-0.000847458	-0.000847458	-0.000847458	-0.000847458	-0.000847458	-0.000689655	-0.000689655	-0.000689655	-0.000689655	-0.000689655
632772	-0.003582353	-0.003582353	-0.003582353	-0.003582353	-0.003582353	-0.027723029	-0.027723029	-0.027723029	-0.027723029	-0.027723029	-0.020489116	-0.020489116	-0.020489116	-0.020489116	-0.020489116	-0.006756757	-0.006756757	-0.006756757	-0.006756757	-0.006756757	-0.004065041	-0.004065041	-0.004065041	-0.004065041	-0.004065041	-0.004065041	-0.004065041	-0.004065041	-0.004065041	-0.004065041	-0.004065041	-0.004065041	-0.004065041	-0.000421348	-0.000421348	-0.000421348	-0.000421348	-0.000421348	-0.000555556	-0.000555556	-0.000555556	-0.000555556	-0.000555556	-0.000869565	-0.000869565	-0.000869565	-0.000869565	-0.000869565	-0.000847458	-0.000847458	-0.000847458	-0.000847458	-0.000847458	-0.000689655	-0.000689655	-0.000689655	-0.000689655	-0.000689655
633888	-0.003582353	-0.003582353	-0.003582353	-0.003582353	-0.003582353	-0.027723029	-0.027723029	-0.027723029	-0.027723029	-0.027723029	-0.020489116	-0.020489116	-0.020489116	-0.020489116	-0.020489116	-0.006756757	-0.006756757	-0.006756757	-0.006756757	-0.006756757	-0.004065041	-0.004065041	-0.004065041	-0.004065041	-0.004065041	-0.004065041	-0.004065041	-0.004065041	-0.004065041	-0.004065041	-0.004065041	-0.004065041	-0.004065041	-0.000421348	-0.000421348	-0.000421348	-0.000421348	-0.000421348	-0.000555556	-0.000555556	-0.000555556	-0.000555556	-0.000555556	-0.000869565	-0.000869565	-0.000869565	-0.000869565	-0.000869565	-0.000847458	-0.000847458	-0.000847458	-0.000847458	-0.000847458	-0.000689655	-0.000689655	-0.000689655	-0.000689655	-0.000689655
635004	-0.003582353	-0.003582353	-0.003582353	-0.003582353	-0.003582353	-0.027723029	-0.027723029	-0.027723029	-0.027723029	-0.027723029	-0.020489116	-0.020489116	-0.020489116	-0.020489116	-0.020489116	-0.006756757	-0.006756757	-0.006756757	-0.006756757	-0.006756757	-0.004065041	-0.004065041	-0.004065041	-0.004065041	-0.004065041	-0.004065041	-0.004065041	-0.004065041	-0.004065041	-0.004065041	-0.004065041	-0.004065041	-0.004065041	-0.000421348	-0.000421348	-0.000421348	-0.000421348	-0.000421348	-0.000555556	-0.000555556	-0.000555556	-0.000555556	-0.000555556	-0.000869565	-0.000869565	-0.000869565	-0.000869565	-0.000869565	-0.000847458	-0.000847458	-0.000847458	-0.000847458	-0.000847458	-0.000689655	-0.000689655	-0.000689655	-0.000689655	-0.000689655
636120	-0.003582353	-0.003582353	-0.003582353	-0.003582353	-0.003582353	-0.027723029	-0.027723029	-0.027723029	-0.027723029	-0.027723029	-0.020489116	-0.020489116	-0.020489116	-0.020489116	-0.020489116	-0.006756757	-0.006756757	-0.006756757	-0.006756757	-0.006756757	-0.004065041	-0.004065041	-0.004065041	-0.004065041	-0.004065041	-0.004065041	-0.004065041	-0.004065041	-0.004065041	-0.004065041	-0.004065041	-0.004065041	-0.004065041	-0.000421348	-0.000421348	-0.000421348	-0.000421348	-0.000421348	-0.000555556	-0.000555556	-0.000555556	-0.000555556	-0.000555556	-0.000869565	-0.000869565	-0.000869565	-0.000869565	-0.000869565	-0.000847458	-0.000847458	-0.000847458	-0.000847458	-0.000847458	-0.000689655	-0.000689655	-0.000689655	-0.000689655	-0.000689655
637236	-0.003582353	-0.003582353	-0.003582353	-0.003582353	-0.003582353	-0.027723029	-0.027723029	-0.027723029	-0.027723029	-0.027723029	-0.020489116	-0.020489116	-0.020489116	-0.020489116	-0.020489116	-0.006756757	-0.006756757	-0.006756757	-0.006756757	-0.006756757	-0.004065041	-0.004065041	-0.004065041	-0.004065041	-0.004065041	-0.004065041	-0.004065041	-0.004065041	-0.004065041	-0.004065041	-0.004065041	-0.004065041	-0.004065041	-0.000421348	-0.000421348	-0.000421348	-0.000421348	-0.000421348	-0.000555556	-0.000555556	-0.000555556	-0.000555556	-0.000555556	-0.000869565	-0.000869565	-0.000869565	-0.000869565	-0.000869565	-0.000847458	-0.000847458	-0.000847458	-0.000847458	-0.000847458	-0.000689655	-0.000689655	-0.000689655	-0.000689655	-0.000689655
638352	-0.003582353	-0.003582353	-0.003582353	-0.003582353	-0.003582353	-0.027723029	-0.027723029	-0.027723029	-0.027723029	-0.027723029	-0.020489116	-0.020489116	-0.020489116	-0.020489116	-0.020489116	-0.006756757	-0.006756757	-0.006756757	-0.006756757	-0.006756757	-0.004065041	-0.004065041	-0.004065041	-0.004065041	-0.004065041	-0.004065041	-0.004065041	-0.004065041	-0.004065041	-0.004065041	-0.004065041	-0.004065041	-0.004065041	-0.000421348	-0.000421348	-0.000421348	-0.000421348	-0.000421348	-0.000555556	-0.000555556	-0.000555556	-0.000555556	-0.000555556	-0.000869565	-0.000869565	-0.000869565	-0.000869565	-0.000869565	-0.000847458	-0.000847458	-0.000847458	-0.000847458	-0.000847458	-0.000689655	-0.000689655	-0.000689655	-0.000689655	-0.000689655
639468	-0.003582353	-0.003582353	-0.003582353	-0.003582353	-0.003582353	-0.027723029	-0.027723029	-0.027723029	-0.027723029	-0.027723029	-0.020489116	-0.020489116	-0.020489116	-0.020489116	-0.020489116	-0.006756757	-0.006756757	-0.006756757	-0.006756757	-0.006756757	-0.004065041	-0.004065041	-0.004065041	-0.004065041	-0.004065041	-0.004065041	-0.004065041	-0.004065041	-0.004065041	-0.004065041	-0.004065041	-0.004065041	-0.004065041	-0.000421348	-0.000421348	-0.000421348	-0.000421348	-0.000421348	-0.000555556	-0.000555556	-0.000555556	-0.000555556	-0.000555556	-0.000869565	-0.000869565	-0.000869565	-0.000869565	-0.000869565	-0.000847458	-0.000847458	-0.000847458	-0.000847458	-0.000847458	-0.000689655	-0.000689655	-0.000689655	-0.000689655	-0.000689655
640584	-0.003582353	-0.003582353	-0.003582353	-0.003582353	-0.003582353	-0.027723029	-0.027723029	-0.027723029	-0.027723029	-0.027723029	-0.020489116	-0.020489116	-0.020489116	-0.020489116	-0.020489116	-0.006756757	-0.006756757	-0.006756757	-0.006756757	-0.006756757	-0.004065041	-0.004065041	-0.004065041	-0.004065041	-0.004065041	-0.004065041	-0.004065041	-0.004065041	-0.004065041	-0.004065041	-0.004065041	-0.004065041	-0.004065041	-0.000421348	-0.000421348	-0.000421348	-0.000421348	-0.000421348	-0.000555556	-0.000555556	-0.000555556	-0.000555556	-0.000555556	-0.000869565	-0.000869565	-0.000869565	-0.000869565	-0.000869565	-0.000847458	-0.000847458	-0.000847458	-0.000847458	-0.000847458	-0.000689655	-0.000689655	-0.000689655	-0.000689655	-0.000689655
641700	-0.003582353	-0.003582353	-0.003582353	-0.003582353	-0.003582353	-0.027723029	-0.027723029	-0.027723029	-0.027723029	-0.027723029	-0.020489116	-0.020489116	-0.020489116	-0.020489116	-0.020489116	-0.006756757	-0.006756757	-0.006756757	-0.006756757	-0.006756757	-0.004065041	-0.004065041	-0.004065041	-0.004065041	-0.004065041	-0.004065041	-0.004065041	-0.004065041	-0.004065041	-0.004065041	-0.004065041	-0.004065041	-0.004065041	-0.000421348	-0.000421348	-0.000421348	-0.000421348	-0.000421348	-0.000555556	-0.000555556	-0.000555556	-0.000555556	-0.000555556	-0.000869565	-0.000869565	-0.000869565	-0.000869565	-0.000869565	-0.000847458	-0.000847458	-0.000847458	-0.000847458	-0.000847458	-0.000689655	-0.000689655	-0.000689655	-0.000689655	-0.000689655
642816	-0.003582353	-0.003582353	-0.003582353	-0.003582353	-0.003582353	-0.027723029	-0.027723029	-0.027723029	-0.027723029	-0.027723029	-0.020489116	-0.020489116	-0.020489116	-0.020489116	-0.020489116	-0.006756757	-0.006756757	-0.006756757	-0.006756757	-0.006756757	-0.004065041	-0.004065041	-0.004065041	-0.004065041	-0.004065041	-0.004065041	-0.004065041	-0.004065041	-0.004065041	-0.004065041	-0.004065041	-0.004065041	-0.004065041	-0.000421348	-0.000421348	-0.000421348	-0.000421348	-0.000421348	-0.000555556	-0.000555556	-0.000555556	-0.000555556	-0.000555556	-0.000869565	-0.000869565	-0.000869565	-0.000869565	-0.000869565	-0.000847458	-0.000847458	-0.000847458	-0.000847458	-0.000847458	-0.000689655	-0.000689655	-0.000689655	-0.000689655	-0.000689655
643932	-0.003582353	-0.003582353	-0.003582353	-0.003582353	-0.003582353	-0.027723029	-0.027723029	-0.027723029	-0.027723029	-0.027723029	-0.020489116	-0.020489116	-0.020489116	-0.020489116	-0.020489116	-0.006756757	-0.006756757	-0.006756757	-0.006756757	-0.006756757	-0.004065041	-0.004065041	-0.004065041	-0.004065041	-0.004065041	-0.004065041	-0.004065041	-0.004065041	-0.004065041	-0.004065041	-0.004065041	-0.004065041	-0.004065041	-0.000421348	-0.000421348	-0.000421348	-0.000421348	-0.000421348	-0.000555556	-0.000555556	-0.000555556	-0.000555556	-0.000555556	-0.000869565	-0.000869565	-0.000869565	-0.000869565	-0.000869565	-0.000847458	-0.000847458	-0.000847458	-0.000847458	-0.000847458	-0.000689655	-0.000689655	-0.000689655	-0.000689655	-0.000689655
645048	-0.003582353	-0.003582353	-0.003582353	-0.003582353	-0.003582353	-0.027723029	-0.027723029	-0.027723029	-0.027723029	-0.027723029	-0.020489116	-0.020489116	-0.020489116	-0.020489116	-0.020489116	-0.006756757	-0.006756757	-0.006756757	-0.006756757	-0.006756757	-0.004065041	-0.004065041	-0.004065041	-0.004065041	-0.004065041	-0.004065041	-0.004065041	-0.004065041	-0.004065041	-0.004065041	-0.004065041	-0.004065041	-0.004065041	-0.000421348	-0.000421348	-0.000421348	-0.000421348	-0.000421348	-0.000555556	-0.000555556	-0.000555556	-0.000555556	-0.000555556	-0.000869565	-0.000869565	-0.000869565	-0.000869565	-0.000869565	-0.000847458	-0.000847458	-0.000847458	-0.000847458	-0.000847458	-0.000689655	-0.000689655	-0.000689655	-0.000689655	-0.000689655
646164	-0.003582353	-0.003582353	-0.003582353	-0.003582353	-0.003582353	-0.027723029	-0.027723029	-0.027723029	-0.027723029	-0.027723029	-0.020489116	-0.020489116	-0.020489116	-0.020489116	-0.020489116	-0.006756757	-0.006756757	-0.006756757	-0.006756757	-0.006756757	-0.004065041	-0.004065041	-0.004065041	-0.004065041	-0.004065041	-0.004065041	-0.004065041	-0.004065041	-0.004065041	-0.004065041	-0.004065041	-0.004065041	-0.004065041	-0.000421348	-0.000421348	-0.000421348	-0.000421348	-0.000421348	-0.000555556	-0.000555556	-0.000555556	-0.000555556	-0.000555556	-0.000869565	-0.000869565	-0.000869565	-0.000869565	-0.000869565	-0.000847458	-0.000847458	-0.000847458	-0.000847458	-0.000847458	-0.000689655	-0.000689655	-0.000689655	-0.000689655	-0.000689655
647280	-0.003582353	-0.003582353	-0.003582353	-0.003582353	-0.003582353	-0.027723029	-0.027723029	-0.027723029	-0.027723029	-0.027723029	-0.020489116	-0.020489116	-0.020489116	-0.020489116	-0.020489116	-0.006756757	-0.006756757	-0.006756757	-0.006756757	-0.006756757	-0.004065041	-0.004065041	-0.004065041	-0.004065041	-0.004065041	-0.004065041	-0.004065041	-0.004065041	-0.004065041	-0.004065041	-0.004065041	-0.004065041	-0.004065041	-0.000421348	-0.000421348	-0.000421348	-0.000421348	-0.000421348	-0.000555556	-0.000555556	-0.000555556	-0.000555556	-0.000555556	-0.000869565	-0.000869565	-0.000869565	-0.000869565	-0.000869565	-0.000847458	-0.000847458	-0.000847458	-0.000847458	-0.000847458	-0.000689655	-0.000689655	-0.000689655	-0.000689655	-0.000689655
648396	-0.003582353	-0.003582353	-0.003582353	-0.003582353	-0.003582353	-0.027723029	-0.027723029	-0.027723029	-0.027723029	-0.027723029	-0.020489116	-0.020489116	-0.020489116	-0.020489116	-0.020489116	-0.006756757	-0.006756757	-0.006756757	-0.006756757	-0.006756757	-0.004065041	-0.004065041	-0.004065041	-0.004065041	-0.004065041	-0.004065041	-0.004065041	-0.004065041	-0.004065041	-0.004065041	-0.004065041	-0.004065041	-0.004065041	-0.000421348	-0.000421348	-0.000421348	-0.000421348	-0.000421348	-0.000555556	-0.000555556	-0.000555556	-0.000555556	-0.000555556	-0.000869565	-0.000869565	-0.000869565	-0.000869565	-0.000869565	-0.000847458	-0.000847458	-0.000847458	-0.000847458	-0.000847458	-0.000689655	-0.000689655	-0.000689655	-0.000689655	-0.000689655
649512	-0.003582353	-0.003582353	-0.003582353	-0.003582353	-0.003582353	-0.027723029	-0.027723029	-0.027723029	-0.027723029	-0.027723029	-0.020489116	-0.020489116	-0.020489116	-0.020489116	-0.020489116	-0.006756757	-0.006756757	-0.006756757	-0.006756757	-0.006756757	-0.004065041	-0.004065041	-0.004065041	-0.004065041	-0.004065041	-0.004065041	-0.004065041	-0.004065041	-0.004065041	-0.004065041	-0.004065041	-0.004065041	-0.004065041	-0.000421348	-0.000421348	-0.000421348	-0.000421348	-0.000421348	-0.000555556	-0.000555556	-0.000555556	-0.000555556	-0.000555556	-0.000869565	-0.000869565	-0.000869565	-0.000869565	-0.000869565	-0.000847458	-0.000847458	-0.000847458	-0.000847458	-0.000847458	-0.000689655	-0.000689655	-0.000689655	-0.000689655	-0.000689655
650628	-0.003582353	-0.003582353	-0.003582353	-0.003582353	-0.003582353	-0.027723029	-0.027723029	-0.027723029	-0.027723029	-0.027723029	-0.020489116	-0.020489116	-0.020489116	-0.020489116	-0.020489116	-0.006756757	-0.006756757	-0.006756757	-0.006756757	-0.006756757	-0.004065041	-0.004065041	-0.004065041	-0.004065041	-0.004065041	-0.004065041	-0.004065041	-0.004065041	-0.004065041	-0.004065041	-0.004065041	-0.004065041	-0.004065041	-0.000421348	-0.000421348	-0.000421348	-0.000421348	-0.000421348	-0.000555556	-0.000555556	-0.000555556	-0.000555556	-0.000555556	-0.000869565	-0.000869565	-0.000869565	-0.000869565	-0.000869565	-0.000847458	-0.000847458	-0.000847458	-0.000847458	-0.000847458	-0.000689655	-0.000689655	-0.000689655	-0.000689655	-0.000689655
651744	-0.003582353	-0.003582353	-0.003582353	-0.003582353	-0.003582353	-0.027723029	-0.027723029	-0.027723029	-0.027723029	-0.027723029	-0.020489116	-0.020489116	-0.020489116	-0.020489116	-0.020489116	-0.006756757	-0.006756757	-0.006756757	-0.006756757	-0.006756757	-0.004065041	-0.004065041	-0.004065041	-0.004065041	-0.004065041	-0.004065041	-0.004065041	-0.004065041	-0.004065041	-0.004065041	-0.004065041	-0.004065041	-0.004065041	-0.000421348	-0.000421348	-0.000421348	-0.000421348	-0.000421348	-0.000555556	-0.000555556	-0.000555556	-0.000555556	-0.000555556	-0.000869565	-0.000869565	-0.000869565	-0.000869565	-0.000869565	-0.000847458	-0.000847458	-0.000847458	-0.000847458	-0.000847458	-0.000689655	-0.000689655	-0.000689655	-0.000689655	-0.000689655
652860	-0.003582353	-0.003582353	-0.003582353	-0.003582353	-0.003582353	-0.027723029	-0.027723029	-0.027723029	-0.027723029	-0.027723029	-0.020489116	-0.020489116	-0.020489116	-0.020489116	-0.020489116	-0.006756757	-0.006756757	-0.006756757	-0.006756757	-0.006756757	-0.004065041	-0.004065041	-0.004065041	-0.004065041	-0.004065041	-0.004065041	-0.004065041	-0.004065041	-0.004065041	-0.004065041	-0.004065041	-0.004065041	-0.004065041	-0.000421348	-0.000421348	-0.000421348	-0.000421348	-0.000421348	-0.000555556	-0.000555556	-0.000555556	-0.000555556	-0.000555556	-0.000869565	-0.000869565	-0.000869565	-0.000869565	-0.000869565	-0.000847458	-0.000847458	-0.000847458	-0.000847458	-0.000847458	-0.000689655	-0.000689655	-0.000689655	-0.000689655	-0.000689655
653976	-0.003582353	-0.003582353	-0.003582353	-0.003582353	-0.003582353	-0.027723029	-0.027723029	-0.027723029	-0.027723029	-0.027723029	-0.020489116	-0.020489116	-0.020489116	-0.020489116	-0.020489116	-0.006756757	-0.006756757	-0.006756757	-0.006756757	-0.006756757	-0.004065041	-0.004065041	-0.004065041	-0.004065041	-0.004065041	-0.004065041	-0.004065041	-0.004065041	-0.004065041	-0.004065041	-0.004065041	-0.004065041	-0.004065041	-0.000421348	-0.000421348	-0.000421348	-0.000421348	-0.000421348	-0.000555556	-0.000555556	-0.000555556	-0.000555556	-0.000555556	-0.000869565	-0.000869565	-0.000869565	-0.000869565	-0.000869565	-0.000847458	-0.000847458	-0.000847458	-0.000847458	-0.000847458	-0.000689655	-0.000689655	-0.000689655	-0.000689655	-0.000689655
655092	-0.003582353	-0.003582353	-0.003582353	-0.003582353	-0.003582353	-0.027723029	-0.027723029	-0.027723029	-0.027723029	-0.027723029	-0.020489116	-0.020489116	-0.020489116	-0.020489116	-0.020489116	-0.006756757	-0.006756757	-0.006756757	-0.006756757	-0.006756757	-0.004065041	-0.004065041	-0.004065041	-0.004065041	-0.004065041	-0.004065041	-0.004065041	-0.004065041	-0.004065041	-0.004065041	-0.004065041	-0.004065041	-0.004065041	-0.000421348	-0.000421348	-0.000421348	-0.000421348	-0.000421348	-0.000555556	-0.000555556	-0.000555556	-0.000555556	-0.000555556	-0.000869565	-0.000869565	-0.000869565	-0.000869565	-0.000869565	-0.000847458	-0.000847458	-0.000847458	-0.000847458	-0.000847458	-0.000689655	-0.000689655	-0.000689655	-0.000689655	-0.000689655
656208	-0.003582353	-0.003582353	-0.003582353	-0.003582353	-0.003582353	-0.027723029	-0.027723029	-0.027723029	-0.027723029	-0.027723029	-0.020489116	-0.020489116	-0.020489116	-0.020489116	-0.020489116	-0.006756757	-0.006756757	-0.006756757	-0.006756757	-0.006756757	-0.004065041	-0.004065041	-0.004065041	-0.004065041	-0.004065041	-0.004065041	-0.004065041	-0.004065041	-0.004065041	-0.004065041	-0.004065041	-0.004065041	-0.004065041	-0.000421348	-0.000421348	-0.000421348	-0.000421348	-0.000421348	-0.000555556	-0.000555556	-0.000555556	-0.000555556	-0.000555556	-0.000869565	-0.000869565	-0.000869565	-0.000869565	-0.000869565	-0.000847458	-0.000847458	-0.000847458	-0.000847458	-0.000847458	-0.000689655	-0.000689655	-0.000689655	-0.000689655	-0.000689655
657324	-0.003582353	-0.003582353	-0.003582353	-0.003582353	-0.003582353	-0.027723029	-0.027723029	-0.027723029	-0.027723029	-0.027723029	-0.020489116	-0.020489116	-0.020489116	-0.020489116	-0.020489116	-0.006756757	-0.006756757	-0.006756757	-0.006756757	-0.006756757	-0.004065041	-0.004065041	-0.004065041	-0.004065041	-0.004065041	-0.004065041	-0.004065041	-0.004065041	-0.004065041	-0.004065041	-0.004065041	-0.004065041	-0.004065041	-0.000421348	-0.000421348	-0.000421348	-0.000421348	-0.000421348	-0.000555556	-0.000555556	-0.000555556	-0.000555556	-0.000555556	-0.000869565	-0.000869565	-0.000869565	-0.000869565	-0.000869565	-0.000847458	-0.000847458	-0.000847458	-0.000847458	-0.000847458	-0.000689655	-0.000689655	-0.000689655	-0.000689655	-0.000689655
658440	-0.003582353	-0.003582353	-0.003582353	-0.003582353	-0.003582353	-0.027723029	-0.027723029	-0.027723029	-0.027723029	-0.027723029	-0.020489116	-0.020489116	-0.020489116	-0.020489116	-0.020489116	-0.006756757	-0.006756757	-0.006756757	-0.006756757	-0.006756757	-0.004065041	-0.004065041	-0.004065041	-0.004065041	-0.004065041	-0.004065041	-0.004065041	-0.004065041	-0.004065041	-0.004065041	-0.004065041	-0.004065041	-0.004065041	-0.000421348	-0.000421348	-0.000421348	-0.000421348	-0.000421348	-0.000555556	-0.000555556	-0.000555556	-0.000555556	-0.000555556	-0.000869565	-0.000869565	-0.000869565	-0.000869565	-0.000869565	-0.000847458	-0.000847458	-0.000847458	-0.000847458	-0.000847458	-0.000689655	-0.000689655	-0.000689655	-0.000689655	-0.000689655
659556	-0.003582353	-0.003582353	-0.003582353	-0.003582353	-0.003582353	-0.027723029	-0.027723029	-0.027723029	-0.027723029	-0.027723029	-0.020489116	-0.020489116	-0.020489116	-0.020489116	-0.020489116	-0.006756757	-0.006756757	-0.006756757	-0.006756757	-0.006756757	-0.004065041	-0.004065041	-0.004065041	-0.004065041	-0.004065041	-0.004065041	-0.004065041	-0.004065041	-0.004065041	-0.004065041	-0.004065041	-0.004065041	-0.004065041	-0.000421348	-0.000421348	-0.000421348	-0.000421348	-0.000421348	-0.000555556	-0.000555556	-0.000555556	-0.000555556	-0.000555556	-0.000869565	-0.000869565	-0.000869565	-0.000869565	-0.000869565	-0.000847458	-0.000847458	-0.000847458	-0.000847458	-0.000847458	-0.000689655	-0.000689655	-0.000689655	-0.000689655	-0.000689655
660672	-0.003582353	-0.003582353	-0.003582353	-0.003582353	-0.003582353	-0.027723029	-0.027723029	-0.027723029	-0.027723029	-0.027723029	-0.020489116	-0.020489116	-0.020489116	-0.020489116	-0.020489116	-0.006756757	-0.006756757	-0.006756757	-0.006756757	-0.006756757	-0.004065041	-0.004065041	-0.004065041	-0.004065041	-0.004065041	-0.004065041	-0.004065041	-0.004065041	-0.004065041	-0.004065041	-0.004065041	-0.004065041	-0.004065041	-0.000421348	-0.000421348	-0.000421348	-0.000421348	-0.000421348	-0.000555556	-0.000555556	-0.000555556	-0.000555556	-0.000555556	-0.000869565	-0.000869565	-0.000869565	-0.000869565	-0.000869565	-0.000847458	-0.000847458	-0.000847458	-0.000847458	-0.000847458	-0.000689655	-0.000689655	-0.000689655	-0.000689655	-0.000689655
661788	-0.003582353	-0.003582353	-0.003582353	-0.003582353	-0.003582353	-0.027723029	-0.027723029	-0.027723029	-0.027723029	-0.027723029	-0.020489116	-0.020489116	-0.020489116	-0.020489116	-0.020489116	-0.006756757	-0.006756757	-0.006756757	-0.006756757	-0.006756757	-0.004065041	-0.004065041	-0.004065041	-0.004065041	-0.004065041	-0.004065041	-0.004065041	-0.004065041	-0.004065041	-0.004065041	-0.004065041	-0.004065041	-0.004065041	-0.000421348	-0.000421348	-0.000421348	-0.000421348	-0.000421348	-0.000555556	-0.000555556	-0.000555556	-0.000555556	-0.000555556	-0.000869565	-0.000869565	-0.000869565	-0.000869565	-0.000869565	-0.000847458	-0.000847458	-0.000847458	-0.000847458	-0.000847458	-0.000689655	-0.000689655	-0.000689655	-0.000689655	-0.000689655
662904	-0.003582353	-0.003582353	-0.003582353	-0.003582353	-0.003582353	-0.027723029	-0.027723029	-0.027723029	-0.027723029	-0.027723029	-0.020489116	-0.020489116	-0.020489116	-0.020489116	-0.020489116	-0.006756757	-0.006756757	-0.006756757	-0.006756757	-0.006756757	-0.004065041	-0.004065041	-0.004065041	-0.004065041	-0.004065041	-0.004065041	-0.004065041	-0.004065041	-0.004065041	-0.004065041	-0.004065041	-0.004065041	-0.004065041	-0.000421348	-0.000421348	-0.000421348	-0.000421348	-0.000421348	-0.000555556	-0.000555556	-0.000555556	-0.000555556	-0.000555556	-0.000869565	-0.000869565	-0.000869565	-0.000869565	-0.000869565	-0.000847458	-0.000847458	-0.000847458	-0.000847458	-0.000847458	-0.000689655	-0.000689655	-0.000689655	-0.000689655	-0.000689655
664020	-0.003582353	-0.003582353	-0.003582353	-0.003582353	-0.003582353	-0.027723029	-0.027723029	-0.027723029	-0.027723029	-0.027723029	-0.020489116	-0.020489116	-0.020489116	-0.020489116	-0.020489116	-0.006756757	-0.006756757	-0.006756757	-0.006756757	-0.006756757	-0.004065041	-0.004065041	-0.004065041	-0.004065041	-0.004065041	-0.004065041	-0.004065041	-0.004065041	-0.004065041	-0.004065041	-0.004065041	-0.004065041	-0.004065041	-0.000421348	-0.000421348	-0.000421348	-0.000421348	-0.000421348	-0.000555556	-0.000555556	-0.000555556	-0.000555556	-0.000555556	-0.000869565	-0.000869565	-0.000869565	-0.000869565	-0.000869565	-0.000847458	-0.000847458	-0.000847458	-0.000847458	-0.000847458	-0.000689655	-0.000689655	-0.000689655	-0.000689655	-0.000689655
665136	-0.003582353	-0.003582353	-0.003582353	-0.003582353	-0.003582353	-0.027723029	-0.027723029	-0.027723029	-0.027723029	-0.027723029	-0.020489116	-0.020489116	-0.020489116	-0.020489116	-0.020489116	-0.006756757	-0.006756757	-0.006756757	-0.006756757	-0.006756757	-0.004065041	-0.004065041	-0.004065041	-0.004065041	-0.004065041	-0.004065041	-0.004065041	-0.004065041	-0.004065041	-0.004065041	-0.004065041	-0.004065041	-0.004065041	-0.000421348	-0.000421348	-0.000421348	-0.000421348	-0.000421348	-0.000555556	-0.000555556	-0.000555556	-0.000555556	-0.000555556	-0.000869565	-0.000869565	-0.000869565	-0.000869565	-0.000869565	-0.000847458	-0.000847458	-0.000847458	-0.000847458	-0.000847458	-0.000689655	-0.000689655	-0.000689655	-0.000689655	-0.000689655
666252	-0.003582353	-0.003582353	-0.003582353	-0.003582353	-0.003582353	-0.027723029	-0.027723029	-0.027723029	-0.027723029	-0.027723029	-0.020489116	-0.020489116	-0.020489116	-0.020489116	-0.020489116	-0.006756757	-0.006756757	-0.006756757	-0.006756757	-0.006756757	-0.004065041	-0.004065041	-0.004065041	-0.004065041	-0.004065041	-0.004065041	-0.004065041	-0.004065041	-0.004065041	-0.004065041	-0.004065041	-0.004065041	-0.004065041	-0.000421348	-0.000421348	-0.000421348	-0.000421348	-0.000421348	-0.000555556	-0.000555556	-0.000555556	-0.000555556	-0.000555556	-0.000869565	-0.000869565	-0.000869565	-0.000869565	-0.000869565	-0.000847458	-0.000847458	-0.000847458	-0.000847458	-0.000847458	-0.000689655	-0.000689655	-0.000689655	-0.000689655	-0.000689655
667368	-0.003582353	-0.003582353	-0.003582353	-0.003582353	-0.003582353	-0.027723029	-0.027723029	-0.027723029	-0.027723029	-0.027723029	-0.020489116	-0.020489116	-0.020489116	-0.020489116	-0.020489116	-0.006756757	-0.006756757	-0.006756757	-0.006756757	-0.006756757	-0.004065041	-0.004065041	-0.004065041	-0.004065041	-0.004065041	-0.004065041	-0.004065041	-0.004065041	-0.004065041	-0.004065041	-0.004065041	-0.004065041	-0.004065041	-0.000421348	-0.000421348	-0.000421348	-0.000421348	-0.000421348	-0.000555556	-0.000555556	-0.000555556	-0.000555556	-0.000555556	-0.000869565	-0.000869565	-0.000869565	-0.000869565	-0.000869565	-0.000847458	-0.000847458	-0.000847458	-0.000847458	-0.000847458	-0.000689655	-0.000689655	-0.000689655	-0.000689655	-0.000689655
668484	-0.003582353	-0.003582353	-0.003582353	-0.003582353	-0.003582353	-0.027723029	-0.027723029	-0.027723029	-0.027723029	-0.027723029	-0.020489116	-0.020489116	-0.020489116	-0.020489116	-0.020489116	-0.006756757	-0.006756757	-0.006756757	-0.006756757	-0.006756757	-0.004065041	-0.004065041	-0.004065041	-0.004065041	-0.004065041	-0.004065041	-0.004065041	-0.004065041	-0.004065041	-0.004065041	-0.004065041	-0.004065041	-0.004065041	-0.000421348	-0.000421348	-0.000421348	-0.000421348	-0.000421348	-0.000555556	-0.000555556	-0.000555556	-0.000555556	-0.000555556	-0.000869565	-0.000869565	-0.000869565	-0.000869565	-0.000869565	-0.000847458	-0.000847458	-0.000847458	-0.000847458	-0.000847458	-0.000689655	-0.000689655	-0.000689655	-0.000689655	-0.000689655
669600	-0.003582353	-0.003582353	-0.003582353	-0.003582353	-0.003582353	-0.027723029	-0.027723029	-0.027723029	-0.027723029	-0.027723029	-0.020489116	-0.020489116	-0.020489116	-0.020489116	-0.020489116	-0.006756757	-0.006756757	-0.006756757	-0.006756757	-0.006756757	-0.004065041	-0.004065041	-0.004065041	-0.004065041	-0.004065041	-0.004065041	-0.004065041	-0.004065041	-0.004065041	-0.004065041	-0.004065041	-0.004065041	-0.004065041	-0.000421348	-0.000421348	-0.000421348	-0.000421348	-0.000421348	-0.000555556	-0.000555556	-0.000555556	-0.000555556	-0.000555556	-0.000869565	-0.000869565	-0.000869565	-0.000869565	-0.000869565	-0.000847458	-0.000847458	-0.000847458	-0.000847458	-0.000847458	-0.000689655	-0.000689655	-0.000689655	-0.000689655	-0.000689655
670716	-0.003582353	-0.003582353	-0.003582353	-0.003582353	-0.003582353	-0.027723029	-0.027723029	-0.027723029	-0.027723029	-0.027723029	-0.020489116	-0.020489116	-0.020489116	-0.020489116	-0.020489116	-0.006756757	-0.006756757	-0.006756757	-0.006756757	-0.006756757	-0.004065041	-0.004065041	-0.004065041	-0.004065041	-0.004065041	-0.004065041	-0.004065041	-0.004065041	-0.004065041	-0.004065041	-0.004065041	-0.004065041	-0.004065041	-0.000421348	-0.000421348	-0.000421348	-0.000421348	-0.000421348	-0.000555556	-0.000555556	-0.000555556	-0.000555556	-0.000555556	-0.000869565	-0.000869565	-0.000869565	-0.000869565	-0.000869565	-0.000847458	-0.000847458	-0.000847458	-0.000847458	-0.000847458	-0.000689655	-0.000689655	-0.000689655	-0.000689655	-0.000689655
671832	-0.003582353	-0.003582353	-0.003582353	-0.003582353	-0.003582353	-0.027723029	-0.027723029	-0.027723029	-0.027723029	-0.027723029	-0.020489116	-0.020489116	-0.020489116	-0.020489116	-0.020489116	-0.006756757	-0.006756757	-0.006756757	-0.006756757	-0.006756757	-0.004065041	-0.004065041	-0.004065041	-0.004065041	-0.004065041	-0.004065041	-0.004065041	-0.004065041	-0.004065041	-0.004065041	-0.004065041	-0.004065041	-0.004065041	-0.000421348	-0.000421348	-0.000421348	-0.000421348	-0.000421348	-0.000555556	-0.000555556	-0.000555556	-0.000555556	-0.000555556	-0.000869565	-0.000869565	-0.000869565	-0.000869565	-0.000869565	-0.000847458	-0.000847458	-0.000847458	-0.000847458	-0.000847458	-0.000689655	-0.000689655	-0.000689655	-0.000689655	-0.000689655
672948	-0.003582353	-0.003582353	-0.003582353	-0.003582353	-0.003582353	-0.027723029	-0.027723029	-0.027723029	-0.027723029	-0.027723029	-0.020489116	-0.020489116	-0.020489116	-0.020489116	-0.020489116	-0.006756757	-0.006756757	-0.006756757	-0.006756757	-0.006756757	-0.004065041	-0.004065041	-0.004065041	-0.004065041	-0.004065041	-0.004065041	-0.004065041	-0.004065041	-0.004065041	-0.004065041	-0.004065041	-0.004065041	-0.004065041	-0.000421348	-0.000421348	-0.000421348	-0.000421348	-0.000421348	-0.000555556	-0.000555556	-0.000555556	-0.000555556	-0.000555556	-0.000869565	-0.000869565	-0.000869565	-0.000869565	-0.000869565	-0.000847458	-0.000847458	-0.000847458	-0.000847458	-0.000847458	-0.000689655	-0.000689655	-0.000689655	-0.000689655	-0.000689655
674064	-0.003582353	-0.003582353	-0.003582353	-0.003582353	-0.003582353	-0.027723029	-0.027723029	-0.027723029	-0.027723029	-0.027723029	-0.020489116	-0.020489116	-0.020489116	-0.020489116	-0.020489116	-0.006756757	-0.006756757	-0.006756757	-0.006756757	-0.006756757	-0.004065041	-0.004065041	-0.004065041	-0.004065041	-0.004065041	-0.004065041	-0.004065041	-0.004065041	-0.004065041	-0.004065041	-0.004065041	-0.004065041	-0.004065041	-0.000421348	-0.000421348	-0.000421348	-0.000421348	-0.000421348	-0.000555556	-0.000555556	-0.000555556	-0.000555556	-0.000555556	-0.000869565	-0.000869565	-0.000869565	-0.000869565	-0.000869565	-0.000847458	-0.000847458	-0.000847458	-0.000847458	-0.000847458	-0.000689655	-0.000689655	-0.000689655	-0.000689655	-0.000689655
675180	-0.003582353	-0.003582353	-0.003582353	-0.003582353	-0.003582353	-0.027723029	-0.027723029	-0.027723029	-0.027723029	-0.027723029	-0.020489116	-0.020489116	-0.020489116	-0.020489116	-0.020489116	-0.006756757	-0.006756757	-0.006756757	-0.006756757	-0.006756757	-0.004065041	-0.004065041	-0.004065041	-0.004065041	-0.004065041	-0.004065041	-0.004065041	-0.004065041	-0.004065041	-0.004065041	-0.004065041	-0.004065041	-0.004065041	-0.000421348	-0.000421348	-0.000421348	-0.000421348	-0.000421348	-0.000555556	-0.000555556	-0.000555556	-0.000555556	-0.000555556	-0.000869565	-0.000869565	-0.000869565	-0.000869565	-0.000869565	-0.000847458	-0.000847458	-0.000847458	-0.000847458	-0.000847458	-0.000689655	-0.000689655	-0.000689655	-0.000689655	-0.000689655
676296	-0.003582353	-0.003582353	-0.003582353	-0.003582353	-0.003582353	-0.027723029	-0.027723029	-0.027723029	-0.027723029	-0.027723029	-0.020489116	-0.020489116	-0.020489116	-0.020489116	-0.020489116	-0.006756757	-0.006756757	-0.006756757	-0.006756757	-0.006756757	-0.004065041	-0.004065041	-0.004065041	-0.004065041	-0.004065041	-0.004065041	-0.004065041	-0.004065041	-0.004065041	-0.004065041	-0.004065041	-0.004065041	-0.004065041	-0.000421348	-0.000421348	-0.000421348	-0.000421348	-0.000421348	-0.000555556	-0.000555556	-0.000555556	-0.000555556	-0.000555556	-0.000869565	-0.000869565	-0.000869565	-0.000869565	-0.000869565	-0.000847458	-0.000847458	-0.000847458	-0.000847458	-0.000847458	-0.000689655	-0.000689655	-0.000689655	-0.000689655	-0.000689655
677412	-0.003582353	-0.003582353	-0.003582353	-0.003582353	-0.003582353	-0.027723029	-0.027723029	-0.027723029	-0.027723029	-0.027723029	-0.020489116	-0.020489116	-0.020489116	-0.020489116	-0.020489116	-0.006756757	-0.006756757	-0.006756757	-0.006756757	-0.006756757	-0.004065041	-0.004065041	-0.004065041	-0.004065041	-0.004065041	-0.004065041	-0.004065041	-0.004065041	-0.004065041	-0.004065041	-0.004065041	-0.004065041	-0.004065041	-0.000421348	-0.000421348	-0.000421348	-0.000421348	-0.000421348	-0.000555556	-0.000555556	-0.000555556	-0.000555556	-0.000555556	-0.000869565	-0.000869565	-0.000869565	-0.000869565	-0.000869565	-0.000847458	-0.000847458	-0.000847458	-0.000847458	-0.000847458	-0.000689655	-0.000689655	-0.000689655	-0.000689655	-0.000689655
678528	-0.003582353	-0.003582353	-0.003582353	-0.003582353	-0.003582353	-0.027723029	-0.027723029	-0.027723029	-0.027723029	-0.027723029	-0.020489116	-0.020489116	-0.020489116	-0.020489116	-0.020489116	-0.006756757	-0.006756757	-0.006756757	-0.006756757	-0.006756757	-0.004065041	-0.004065041	-0.004065041	-0.004065041	-0.004065041	-0.004065041	-0.004065041	-0.004065041	-0.004065041	-0.004065041	-0.004065041	-0.004065041	-0.004065041	-0.000421348	-0.000421348	-0.000421348	-0.000421348	-0.000421348	-0.000555556	-0.000555556	-0.000555556	-0.000555556	-0.000555556	-0.000869565	-0.000869565	-0.000869565	-0.000869565	-0.000869565	-0.000847458	-0.000847458	-0.000847458	-0.000847458	-0.000847458	-0.000689655	-0.000689655	-0.000689655	-0.000689655	-0.000689655
679644	-0.003582353	-0.003582353	-0.003582353	-0.003582353	-0.003582353	-0.027723029	-0.027723029	-0.027723029	-0.027723029	-0.027723029	-0.020489116	-0.020489116	-0.020489116	-0.020489116	-0.020489116	-0.006756757	-0.006756757	-0.006756757	-0.006756757	-0.006756757	-0.004065041	-0.004065041	-0.004065041	-0.004065041	-0.004065041	-0.004065041	-0.004065041	-0.004065041	-0.004065041	-0.004065041	-0.004065041	-0.004065041	-0.004065041	-0.000421348	-0.000421348	-0.000421348	-0.000421348	-0.000421348	-0.000555556	-0.000555556	-0.000555556	-0.000555556	-0.000555556	-0.000869565	-0.000869565	-0.000869565	-0.000869565	-0.000869565	-0.000847458	-0.000847458	-0.000847458	-0.000847458	-0.000847458	-0.000689655	-0.000689655	-0.000689655	-0.000689655	-0.000689655
680760	-0.003582353	-0.003582353	-0.003582353	-0.003582353	-0.003582353	-0.027723029	-0.027723029	-0.027723029	-0.027723029	-0.027723029	-0.020489116	-0.020489116	-0.020489116	-0.020489116	-0.020489116	-0.006756757	-0.006756757	-0.006756757	-0.006756757	-0.006756757	-0.004065041	-0.004065041	-0.004065041	-0.004065041	-0.004065041	-0.004065041	-0.004065041	-0.004065041	-0.004065041	-0.004065041	-0.004065041	-0.004065041	-0.004065041	-0.000421348	-0.000421348	-0.000421348	-0.000421348	-0.000421348	-0.000555556	-0.000555556	-0.000555556	-0.000555556	-0.000555556	-0.000869565	-0.000869565	-0.000869565	-0.000869565	-0.000869565	-0.000847458	-0.000847458	-0.000847458	-0.000847458	-0.000847458	-0.000689655	-0.000689655	-0.000689655	-0.000689655	-0.000689655
681876	-0.003582353	-0.003582353	-0.003582353	-0.003582353	-0.003582353	-0.027723029	-0.027723029	-0.027723029	-0.027723029	-0.027723029	-0.020489116	-0.020489116	-0.020489116	-0.020489116	-0.020489116	-0.006756757	-0.006756757	-0.006756757	-0.006756757	-0.006756757	-0.004065041	-0.004065041	-0.004065041	-0.004065041	-0.004065041	-0.004065041	-0.004065041	-0.004065041	-0.004065041	-0.004065041	-0.004065041	-0.004065041	-0.004065041	-0.000421348	-0.000421348	-0.000421348	-0.000421348	-0.000421348	-0.000555556	-0.000555556	-0.000555556	-0.000555556	-0.000555556	-0.000869565	-0.000869565	-0.000869565	-0.000869565	-0.000869565	-0.000847458	-0.000847458	-0.000847458	-0.000847458	-0.000847458	-0.000689655	-0.000689655	-0.000689655	-0.000689655	-0.000689655
682992	-0.003582353	-0.003582353	-0.003582353	-0.003582353	-0.003582353	-0.027723029	-0.027723029	-0.027723029	-0.027723029	-0.027723029	-0.020489116	-0.020489116	-0.020489116	-0.020489116	-0.020489116	-0.006756757	-0.006756757	-0.006756757	-0.006756757	-0.006756757	-0.004065041	-0.004065041	-0.004065041	-0.004065041	-0.004065041	-0.004065041	-0.004065041	-0.004065041	-0.004065041	-0.004065041	-0.004065041	-0.004065041	-0.004065041	-0.000421348	-0.000421348	-0.000421348	-0.000421348	-0.000421348	-0.000555556	-0.000555556	-0.000555556	-0.000555556	-0.000555556	-0.000869565	-0.000869565	-0.000869565	-0.000869565	-0.000869565	-0.000847458	-0.000847458	-0.000847458	-0.000847458	-0.000847458	-0.000689655	-0.000689655	-0.000689655	-0.000689655	-0.000689655
684108	-0.003582353	-0.003582353	-0.003582353	-0.003582353	-0.003582353	-0.027723029	-0.027723029	-0.027723029	-0.027723029	-0.027723029	-0.020489116	-0.020489116	-0.020489116	-0.020489116	-0.020489116	-0.006756757	-0.006756757	-0.006756757	-0.006756757	-0.006756757	-0.004065041	-0.004065041	-0.004065041	-0.004065041	-0.004065041	-0.004065041	-0.004065041	-0.004065041	-0.004065041	-0.004065041	-0.004065041	-0.004065041	-0.004065041	-0.000421348	-0.000421348	-0.000421348	-0.000421348	-0.000421348	-0.000555556	-0.000555556	-0.000555556	-0.000555556	-0.000555556	-0.000869565	-0.000869565	-0.000869565	-0.000869565	-0.000869565	-0.000847458	-0.000847458	-0.000847458	-0.000847458	-0.000847458	-0.000689655	-0.000689655	-0.000689655	-0.000689655	-0.000689655
685224	-0.003582353	-0.003582353	-0.003582353	-0.003582353	-0.003582353	-0.027723029	-0.027723029	-0.027723029	-0.027723029	-0.027723029	-0.020489116	-0.020489116	-0.020489116	-0.020489116	-0.020489116	-0.006756757	-0.006756757	-0.006756757	-0.006756757	-0.006756757	-0.004065041	-0.004065041	-0.004065041	-0.004065041	-0.004065041	-0.004065041	-0.004065041	-0.004065041	-0.004065041	-0.004065041	-0.004065041	-0.004065041	-0.004065041	-0.000421348	-0.000421348	-0.000421348	-0.000421348	-0.000421348	-0.000555556	-0.000555556	-0.000555556	-0.000555556	-0.000555556	-0.000869565	-0.000869565	-0.000869565	-0.000869565	-0.000869565	-0.000847458	-0.000847458	-0.000847458	-0.000847458	-0.000847458	-0.000689655	-0.000689655	-0.000689655	-0.000689655	-0.000689655
686340	-0.003582353	-0.003582353	-0.003582353	-0.003582353	-0.003582353	-0.027723029	-0.027723029	-0.027723029	-0.027723029	-0.027723029	-0.020489116	-0.020489116	-0.020489116	-0.020489116	-0.020489116	-0.006756757	-0.006756757	-0.006756757	-0.006756757	-0.006756757	-0.004065041	-0.004065041	-0.004065041	-0.004065041	-0.004065041	-0.004065041	-0.004065041	-0.004065041	-0.004065041	-0.004065041	-0.004065041	-0.004065041	-0.004065041	-0.000421348	-0.000421348	-0.000421348	-0.000421348	-0.000421348	-0.000555556	-0.000555556	-0.000555556	-0.000555556	-0.000555556	-0.000869565	-0.000869565	-0.000869565	-0.000869565	-0.000869565	-0.000847458	-0.000847458	-0.000847458	-0.000847458	-0.000847458	-0.000689655	-0.000689655	-0.000689655	-0.000689655	-0.000689655
687456	-0.003582353	-0.003582353	-0.003582353	-0.003582353	-0.003582353	-0.027723029	-0.027723029	-0.027723029	-0.027723029	-0.027723029	-0.020489116	-0.020489116	-0.020489116	-0.020489116	-0.020489116	-0.006756757	-0.006756757	-0.006756757	-0.006756757	-0.006756757	-0.004065041	-0.004065041	-0.004065041	-0.004065041	-0.004065041	-0.004065041	-0.004065041	-0.004065041	-0.004065041	-0.004065041	-0.004065041	-0.004065041	-0.004065041	-0.000421348	-0.000421348	-0.000421348	-0.000421348	-0.000421348	-0.000555556	-0.000555556	-0.000555556	-0.000555556	-0.000555556	-0.000869565	-0.000869565	-0.000869565	-0.000869565	-0.000869565	-0.000847458	-0.000847458	-0.000847458	-0.000847458	-0.000847458	-0.000689655	-0.000689655	-0.000689655	-0.000689655	-0.000689655
688572	-0.003582353	-0.003582353	-0.003582353	-0.003582353	-0.003582353	-0.027723029	-0.027723029	-0.027723029	-0.027723029	-0.027723029	-0.020489116	-0.020489116	-0.020489116	-0.020489116	-0.020489116	-0.006756757	-0.006756757	-0.006756757	-0.006756757	-0.006756757	-0.004065041	-0.004065041	-0.004065041	-0.004065041	-0.004065041	-0.004065041	-0.004065041	-0.004065041	-0.004065041	-0.004065041	-0.004065041	-0.004065041	-0.004065041	-0.000421348	-0.000421348	-0.000421348	-0.000421348	-0.000421348	-0.000555556	-0.000555556	-0.000555556	-0.000555556	-0.000555556	-0.000869565	-0.000869565	-0.000869565	-0.000869565	-0.000869565	-0.000847458	-0.000847458	-0.000847458	-0.000847458	-0.000847458	-0.000689655	-0.000689655	-0.000689655	-0.000689655	-0.000689655
689688	-0.003582353	-0.003582353	-0.003582353	-0.003582353	-0.003582353	-0.027723029	-0.027723029	-0.027723029	-0.027723029	-0.027723029	-0.020489116	-0.020489116	-0.020489116	-0.020489116	-0.020489116	-0.006756757	-0.006756757	-0.006756757	-0.006756757	-0.006756757	-0.004065041	-0.004065041	-0.004065041	-0.004065041	-0.004065041	-0.004065041	-0.004065041	-0.004065041	-0.004065041	-0.004065041	-0.004065041	-0.004065041	-0.004065041	-0.000421348	-0.000421348	-0.000421348	-0.000421348	-0.000421348	-0.000555556	-0.000555556	-0.000555556	-0.000555556	-0.000555556	-0.000869565	-0.000869565	-0.000869565	-0.000869565	-0.000869565	-0.000847458	-0.000847458	-0.000847458	-0.000847458	-0.000847458	-0.000689655	-0.000689655	-0.000689655	-0.000689655	-0.000689655
690804	-0.003582353	-0.003582353	-0.003582353	-0.003582353	-0.003582353	-0.027723029	-0.027723029	-0.027723029	-0.027723029	-0.027723029	-0.020489116	-0.020489116	-0.020489116	-0.020489116	-0.020489116	-0.006756757	-0.006756757	-0.006756757	-0.006756757	-0.006756757	-0.004065041	-0.004065041	-0.004065041	-0.004065041	-0.004065041	-0.004065041	-0.004065041	-0.004065041	-0.004065041	-0.004065041	-0.004065041	-0.004065041	-0.004065041	-0.000421348	-0.000421348	-0.000421348	-0.000421348	-0.000421348	-0.000555556	-0.000555556	-0.000555556	-0.000555556	-0.000555556	-0.000869565	-0.000869565	-0.000869565	-0.000869565	-0.000869565	-0.000847458	-0.000847458	-0.000847458	-0.000847458	-0.000847458	-0.000689655	-0.000689655	-0.000689655	-0.000689655	-0.000689655
691920	-0.003582353	-0.003582353	-0.003582353	-0.003582353	-0.003582353	-0.027723029	-0.027723029	-0.027723029	-0.027723029	-0.027723029	-0.020489116	-0.020489116	-0.020489116	-0.020489116	-0.020489116	-0.006756757	-0.006756757	-0.006756757	-0.006756757	-0.006756757	-0.004065041	-0.004065041	-0.004065041	-0.004065041	-0.004065041	-0.004065041	-0.004065041	-0.004065041	-0.004065041	-0.004065041	-0.004065041	-0.004065041	-0.004065041	-0.000421348	-0.000421348	-0.000421348	-0.000421348	-0.000421348	-0.000555556	-0.000555556	-0.000555556	-0.000555556	-0.000555556	-0.000869565	-0.000869565	-0.000869565	-0.000869565	-0.000869565	-0.000847458	-0.000847458	-0.000847458	-0.000847458	-0.000847458	-0.000689655	-0.000689655	-0.000689655	-0.000689655	-0.000689655
693036	-0.003582353	-0.003582353	-0.003582353	-0.003582353	-0.003582353	-0.027723029	-0.027723029	-0.027723029	-0.027723029	-0.027723029	-0.020489116	-0.020489116	-0.020489116	-0.020489116	-0.020489116	-0.006756757	-0.006756757	-0.006756757	-0.006756757	-0.006756757	-0.004065041	-0.004065041	-0.004065041	-0.004065041	-0.004065041	-0.004065041	-0.004065041	-0.004065041	-0.004065041	-0.004065041	-0.004065041	-0.004065041	-0.004065041	-0.000421348	-0.000421348	-0.000421348	-0.000421348	-0.000421348	-0.000555556	-0.000555556	-0.000555556	-0.000555556	-0.000555556	-0.000869565	-0.000869565	-0.000869565	-0.000869565	-0.000869565	-0.000847458	-0.000847458	-0.000847458	-0.000847458	-0.000847458	-0.000689655	-0.000689655	-0.000689655	-0.000689655	-0.000689655
694152	-0.003582353	-0.003582353	-0.003582353	-0.003582353	-0.003582353	-0.027723029	-0.027723029	-0.027723029	-0.027723029	-0.027723029	-0.020489116	-0.020489116	-0.020489116	-0.020489116	-0.020489116	-0.006756757	-0.006756757	-0.006756757	-0.006756757	-0.006756757	-0.004065041	-0.004065041	-0.004065041	-0.004065041	-0.004065041	-0.004065041	-0.004065041	-0.004065041	-0.004065041	-0.004065041	-0.004065041	-0.004065041	-0.004065041	-0.000421348	-0.000421348	-0.000421348	-0.000421348	-0.000421348	-0.000555556	-0.000555556	-0.000555556	-0.000555556	-0.000555556	-0.000869565	-0.000869565	-0.000869565	-0.000869565	-0.000869565	-0.000847458	-0.000847458	-0.000847458	-0.000847458	-0.000847458	-0.000689655	-0.000689655	-0.000689655	-0.000689655	-0.000689655
695268	-0.003582353	-0.003582353	-0.003582353	-0.003582353	-0.003582353	-0.027723029	-0.027723029	-0.027723029	-0.027723029	-0.027723029	-0.020489116	-0.020489116	-0.020489116	-0.020489116	-0.020489116	-0.006756757	-0.006756757	-0.006756757	-0.006756757	-0.006756757	-0.004065041	-0.004065041	-0.004065041	-0.004065041	-0.004065041	-0.004065041	-0.004065041	-0.004065041	-0.004065041	-0.004065041	-0.004065041	-0.004065041	-0.004065041	-0.000421348	-0.000421348	-0.000421348	-0.000421348	-0.000421348	-0.000555556	-0.000555556	-0.000555556	-0.000555556	-0.000555556	-0.000869565	-0.000869565	-0.000869565	-0.000869565	-0.000869565	-0.000847458	-0.000847458	-0.000847458	-0.000847458	-0.000847458	-0.000689655	-0.000689655	-0.000689655	-0.000689655	-0.000689655
696384	-0.003582353	-0.003582353	-0.003582353	-0.003582353	-0.003582353	-0.027723029	-0.027723029	-0.027723029	-0.027723029	-0.027723029	-0.020489116	-0.020489116	-0.020489116	-0.020489116	-0.020489116	-0.006756757	-0.006756757	-0.006756757	-0.006756757	-0.006756757	-0.004065041	-0.004065041	-0.004065041	-0.004065041	-0.004065041	-0.004065041	-0.004065041	-0.004065041	-0.004065041	-0.004065041	-0.004065041	-0.004065041	-0.004065041	-0.000421348	-0.000421348	-0.000421348	-0.000421348	-0.000421348	-0.000555556	-0.000555556	-0.000555556	-0.000555556	-0.000555556	-0.000869565	-0.000869565	-0.000869565	-0.000869565	-0.000869565	-0.000847458	-0.000847458	-0.000847458	-0.000847458	-0.000847458	-0.000689655	-0.000689655	-0.000689655	-0.000689655	-0.000689655
697500	-0.003582353	-0.003582353	-0.003582353	-0.003582353	-0.003582353	-0.027723029	-0.027723029	-0.027723029	-0.027723029	-0.027723029	-0.020489116	-0.020489116	-0.020489116	-0.020489116	-0.020489116	-0.006756757	-0.006756757	-0.006756757	-0.006756757	-0.006756757	-0.004065041	-0.004065041	-0.004065041	-0.004065041	-0.004065041	-0.004065041	-0.004065041	-0.004065041	-0.004065041	-0.004065041	-0.004065041	-0.004065041	-0.004065041	-0.000421348	-0.000421348	-0.000421348	-0.000421348	-0.000421348	-0.000555556	-0.000555556	-0.000555556	-0.000555556	-0.000555556	-0.000869565	-0.000869565	-0.000869565	-0.000869565	-0.000869565	-0.000847458	-0.000847458	-0.000847458	-0.000847458	-0.000847458	-0.000689655	-0.000689655	-0.000689655	-0.000689655	-0.000689655
698616	-0.003582353	-0.003582353	-0.003582353	-0.003582353	-0.003582353	-0.027723029	-0.027723029	-0.027723029	-0.027723029	-0.027723029	-0.020489116	-0.020489116	-0.020489116	-0.020489116	-0.020489116	-0.006756757	-0.006756757	-0.006756757	-0.006756757	-0.006756757	-0.004065041	-0.004065041	-0.004065041	-0.004065041	-0.004065041	-0.004065041	-0.004065041	-0.004065041	-0.004065041	-0.004065041	-0.004065041	-0.004065041	-0.004065041	-0.000421348	-0.000421348	-0.000421348	-0.000421348	-0.000421348	-0.000555556	-0.000555556	-0.000555556	-0.000555556	-0.000555556	-0.000869565	-0.000869565	-0.000869565	-0.000869565	-0.000869565	-0.000847458	-0.000847458	-0.000847458	-0.000847458	-0.000847458	-0.000689655	-0.000689655	-0.000689655	-0.000689655	-0.000689655
699732	-0.003582353	-0.003582353	-0.003582353	-0.003582353	-0.003582353	-0.027723029	-0.027723029	-0.027723029	-0.027723029	-0.027723029	-0.020489116	-0.020489116	-0.020489116	-0.020489116	-0.020489116	-0.006756757	-0.006756757	-0.006756757	-0.006756757	-0.006756757	-0.004065041	-0.004065041	-0.004065041	-0.004065041	-0.004065041	-0.004065041	-0.004065041	-0.004065041	-0.004065041	-0.004065041	-0.004065041	-0.004065041	-0.004065041	-0.000421348	-0.000421348	-0.000421348	-0.000421348	-0.000421348	-0.000555556	-0.000555556	-0.000555556	-0.000555556	-0.000555556	-0.000869565	-0.000869565	-0.000869565	-0.000869565	-0.000869565	-0.000847458	-0.000847458	-0.000847458	-0.000847458	-0.000847458	-0.000689655	-0.000689655	-0.000689655	-0.000689655	-0.000689655
700848	-0.003582353	-0.003582353	-0.003582353	-0.003582353	-0.003582353	-0.027723029	-0.027723029	-0.027723029	-0.027723029	-0.027723029	-0.020489116	-0.020489116	-0.020489116	-0.020489116	-0.020489116	-0.006756757	-0.006756757	-0.006756757	-0.006756757	-0.006756757	-0.004065041	-0.004065041	-0.004065041	-0.004065041	-0.004065041	-0.004065041	-0.004065041	-0.004065041	-0.004065041	-0.004065041	-0.004065041	-0.004065041	-0.004065041	-0.000421348	-0.000421348	-0.000421348	-0.000421348	-0.000421348	-0.000555556	-0.000555556	-0.000555556	-0.000555556	-0.000555556	-0.000869565	-0.000869565	-0.000869565	-0.000869565	-0.000869565	-0.000847458	-0.000847458	-0.000847458	-0.000847458	-0.000847458	-0.000689655	-0.000689655	-0.000689655	-0.000689655	-0.000689655
701964	-0.003582353	-0.003582353	-0.003582353	-0.003582353	-0.003582353	-0.027723029	-0.027723029	-0.027723029	-0.027723029	-0.027723029	-0.020489116	-0.020489116	-0.020489116	-0.020489116	-0.020489116	-0.006756757	-0.006756757	-0.006756757	-0.006756757	-0.006756757	-0.004065041	-0.004065041	-0.004065041	-0.004065041	-0.004065041	-0.004065041	-0.004065041	-0.004065041	-0.004065041	-0.004065041	-0.004065041	-0.004065041	-0.004065041	-0.000421348	-0.000421348	-0.000421348	-0.000421348	-0.000421348	-0.000555556	-0.000555556	-0.000555556	-0.000555556	-0.000555556	-0.000869565	-0.000869565	-0.000869565	-0.000869565	-0.000869565	-0.000847458	-0.000847458	-0.000847458	-0.000847458	-0.000847458	-0.000689655	-0.000689655	-0.000689655	-0.000689655	-0.000689655
703080	-0.003582353	-0.003582353	-0.003582353	-0.003582353	-0.003582353	-0.027723029	-0.027723029	-0.027723029	-0.027723029	-0.027723029	-0.020489116	-0.020489116	-0.020489116	-0.020489116	-0.020489116	-0.006756757	-0.006756757	-0.006756757	-0.006756757	-0.006756757	-0.004065041	-0.004065041	-0.004065041	-0.004065041	-0.004065041	-0.004065041	-0.004065041	-0.004065041	-0.004065041	-0.004065041	-0.004065041	-0.004065041	-0.004065041	-0.000421348	-0.000421348	-0.000421348	-0.000421348	-0.000421348	-0.000555556	-0.000555556	-0.000555556	-0.000555556	-0.000555556	-0.000869565	-0.000869565	-0.000869565	-0.000869565	-0.000869565	-0.000847458	-0.000847458	-0.000847458	-0.000847458	-0.000847458	-0.000689655	-0.000689655	-0.000689655	-0.000689655	-0.000689655
704196	-0.003582353	-0.003582353	-0.003582353	-0.003582353	-0.003582353	-0.027723029	-0.027723029	-0.027723029	-0.027723029	-0.027723029	-0.020489116	-0.020489116	-0.020489116	-0.020489116	-0.020489116	-0.006756757	-0.006756757	-0.006756757	-0.006756757	-0.006756757	-0.004065041	-0.004065041	-0.004065041	-0.004065041	-0.004065041	-0.004065041	-0.004065041	-0.004065041	-0.004065041	-0.004065041	-0.004065041	-0.004065041	-0.004065041	-0.000421348	-0.000421348	-0.000421348	-0.000421348	-0.000421348	-0.000555556	-0.000555556	-0.000555556	-0.000555556	-0.000555556	-0.000869565	-0.000869565	-0.000869565	-0.000869565	-0.000869565	-0.000847458	-0.000847458	-0.000847458	-0.000847458	-0.000847458	-0.000689655	-0.000689655	-0.000689655	-0.000689655	-0.000689655
705312	-0.003582353	-0.003582353	-0.003582353	-0.003582353	-0.003582353	-0.027723029	-0.027723029	-0.027723029	-0.027723029	-0.027723029	-0.020489116	-0.020489116	-0.020489116	-0.020489116	-0.020489116	-0.006756757	-0.006756757	-0.006756757	-0.006756757	-0.006756757	-0.004065041	-0.004065041	-0.004065041	-0.004065041	-0.004065041	-0.004065041	-0.004065041	-0.004065041	-0.004065041	-0.004065041	-0.004065041	-0.004065041	-0.004065041	-0.000421348	-0.000421348	-0.000421348	-0.000421348	-0.000421348	-0.000555556	-0.000555556	-0.000555556	-0.000555556	-0.000555556	-0.000869565	-0.000869565	-0.000869565	-0.000869565	-0.000869565	-0.000847458	-0.000847458	-0.000847458	-0.000847458	-0.000847458	-0.000689655	-0.000689655	-0.000689655	-0.000689655	-0.000689655
706428	-0.003582353	-0.003582353	-0.003582353	-0.003582353	-0.003582353	-0.027723029	-0.027723029	-0.027723029	-0.027723029	-0.027723029	-0.020489116	-0.020489116	-0.020489116	-0.020489116	-0.020489116	-0.006756757	-0.006756757	-0.006756757	-0.006756757	-0.006756757	-0.004065041	-0.004065041	-0.004065041	-0.004065041	-0.004065041	-0.004065041	-0.004065041	-0.004065041	-0.004065041	-0.004065041	-0.004065041	-0.004065041	-0.004065041	-0.000421348	-0.000421348	-0.000421348	-0.000421348	-0.000421348	-0.000555556	-0.000555556	-0.000555556	-0.000555556	-0.000555556	-0.000869565	-0.000869565	-0.000869565	-0.000869565	-0.000869565	-0.000847458	-0.000847458	-0.000847458	-0.000847458	-0.000847458	-0.000689655	-0.000689655	-0.000689655	-0.000689655	-0.000689655
707544	-0.003582353	-0.003582353	-0.003582353	-0.003582353	-0.003582353	-0.027723029	-0.027723029	-0.027723029	-0.027723029	-0.027723029	-0.020489116	-0.020489116	-0.020489116	-0.020489116	-0.020489116	-0.006756757	-0.006756757	-0.006756757	-0.006756757	-0.006756757	-0.004065041	-0.004065041	-0.004065041	-0.004065041	-0.004065041	-0.004065041	-0.004065041	-0.004065041	-0.004065041	-0.004065041	-0.004065041	-0.004065041	-0.004065041	-0.000421348	-0.000421348	-0.000421348	-0.000421348	-0.000421348	-0.000555556	-0.000555556	-0.000555556	-0.000555556	-0.000555556	-0.000869565	-0.000869565	-0.000869565	-0.000869565	-0.000869565	-0.000847458	-0.000847458	-0.000847458	-0.000847458	-0.000847458	-0.000689655	-0.000689655	-0.000689655	-0.000689655	-0.000689655
708660	-0.003582353	-0.003582353	-0.003582353	-0.003582353	-0.003582353	-0.027723029	-0.027723029	-0.027723029	-0.027723029	-0.027723029	-0.020489116	-0.020489116	-0.020489116	-0.020489116	-0.020489116	-0.006756757	-0.006756757	-0.006756757	-0.006756757	-0.006756757	-0.004065041	-0.004065041	-0.004065041	-0.004065041	-0.004065041	-0.004065041	-0.004065041	-0.004065041	-0.004065041	-0.004065041	-0.004065041	-0.004065041	-0.004065041	-0.000421348	-0.000421348	-0.000421348	-0.000421348	-0.000421348	-0.000555556	-0.000555556	-0.000555556	-0.000555556	-0.000555556	-0.000869565	-0.000869565	-0.000869565	-0.000869565	-0.000869565	-0.000847458	-0.000847458	-0.000847458	-0.000847458	-0.000847458	-0.000689655	-0.000689655	-0.000689655	-0.000689655	-0.000689655
709776	-0.003582353	-0.003582353	-0.003582353	-0.003582353	-0.003582353	-0.027723029	-0.027723029	-0.027723029	-0.027723029	-0.027723029	-0.020489116	-0.020489116	-0.020489116	-0.020489116	-0.020489116	-0.006756757	-0.006756757	-0.006756757	-0.006756757	-0.006756757	-0.004065041	-0.004065041	-0.004065041	-0.004065041	-0.004065041	-0.004065041	-0.004065041	-0.004065041	-0.004065041	-0.004065041	-0.004065041	-0.004065041	-0.004065041	-0.000421348	-0.000421348	-0.000421348	-0.000421348	-0.000421348	-0.000555556	-0.000555556	-0.000555556	-0.000555556	-0.000555556	-0.000869565	-0.000869565	-0.000869565	-0.000869565	-0.000869565	-0.000847458	-0.000847458	-0.000847458	-0.000847458	-0.000847458	-0.000689655	-0.000689655	-0.000689655	-0.000689655	-0.000689655
710892	-0.003582353	-0.003582353	-0.003582353	-0.003582353	-0.003582353	-0.027723029	-0.027723029	-0.027723029	-0.027723029	-0.027723029	-0.020489116	-0.020489116	-0.020489116	-0.020489116	-0.020489116	-0.006756757	-0.006756757	-0.006756757	-0.006756757	-0.006756757	-0.004065041	-0.004065041	-0.004065041	-0.004065041	-0.004065041	-0.004065041	-0.004065041	-0.004065041	-0.004065041	-0.004065041	-0.004065041	-0.004065041	-0.004065041	-0.000421348	-0.000421348	-0.000421348	-0.000421348	-0.000421348	-0.000555556	-0.000555556	-0.000555556	-0.000555556	-0.000555556	-0.000869565	-0.000869565	-0.000869565	-0.000869565	-0.000869565	-0.000847458	-0.000847458	-0.000847458	-0.000847458	-0.000847458	-0.000689655	-0.000689655	-0.000689655	-0.000689655	-0.000689655
712008	-0.003582353	-0.003582353	-0.003582353	-0.003582353	-0.003582353	-0.027723029	-0.027723029	-0.027723029	-0.027723029	-0.027723029	-0.020489116	-0.020489116	-0.020489116	-0.020489116	-0.020489116	-0.006756757	-0.006756757	-0.006756757	-0.006756757	-0.006756757	-0.004065041	-0.004065041	-0.004065041	-0.004065041	-0.004065041	-0.004065041	-0.004065041	-0.004065041	-0.004065041	-0.004065041	-0.004065041	-0.004065041	-0.004065041	-0.000421348	-0.000421348	-0.000421348	-0.000421348	-0.000421348	-0.000555556	-0.000555556	-0.000555556	-0.000555556	-0.000555556	-0.000869565	-0.000869565	-0.000869565	-0.000869565	-0.000869565	-0.000847458	-0.000847458	-0.000847458	-0.000847458	-0.000847458	-0.000689655	-0.000689655	-0.000689655	-0.000689655	-0.000689655
713124	-0.003582353	-0.003582353	-0.003582353	-0.003582353	-0.003582353	-0.027723029	-0.027723029	-0.027723029	-0.027723029	-0.027723029	-0.020489116	-0.020489116	-0.020489116	-0.020489116	-0.020489116	-0.006756757	-0.006756757	-0.006756757	-0.006756757	-0.006756757	-0.004065041	-0.004065041	-0.004065041	-0.004065041	-0.004065041	-0.004065041	-0.004065041	-0.004065041	-0.004065041	-0.004065041	-0.004065041	-0.004065041	-0.004065041	-0.000421348	-0.000421348	-0.000421348	-0.000421348	-0.000421348	-0.000555556	-0.000555556	-0.000555556	-0.000555556	-0.000555556	-0.000869565	-0.000869565	-0.000869565	-0.000869565	-0.000869565	-0.000847458	-0.000847458	-0.000847458	-0.000847458	-0.000847458	-0.000689655	-0.000689655	-0.000689655	-0.000689655	-0.000689655
714240	-0.003582353	-0.003582353	-0.003582353	-0.003582353	-0.003582353	-0.027723029	-0.027723029	-0.027723029	-0.027723029	-0.027723029	-0.020489116	-0.020489116	-0.020489116	-0.020489116	-0.020489116	-0.006756757	-0.006756757	-0.006756757	-0.006756757	-0.006756757	-0.004065041	-0.004065041	-0.004065041	-0.004065041	-0.004065041	-0.004065041	-0.004065041	-0.004065041	-0.004065041	-0.004065041	-0.004065041	-0.004065041	-0.004065041	-0.000421348	-0.000421348	-0.000421348	-0.000421348	-0.000421348	-0.000555556	-0.000555556	-0.000555556	-0.000555556	-0.000555556	-0.000869565	-0.000869565	-0.000869565	-0.000869565	-0.000869565	-0.000847458	-0.000847458	-0.000847458	-0.000847458	-0.000847458	-0.000689655	-0.000689655	-0.000689655	-0.000689655	-0.000689655
715356	-0.003582353	-0.003582353	-0.003582353	-0.003582353	-0.003582353	-0.027723029	-0.027723029	-0.027723029	-0.027723029	-0.027723029	-0.020489116	-0.020489116	-0.020489116	-0.020489116	-0.020489116	-0.006756757	-0.006756757	-0.006756757	-0.006756757	-0.006756757	-0.004065041	-0.004065041	-0.004065041	-0.004065041	-0.004065041	-0.004065041	-0.004065041	-0.004065041	-0.004065041	-0.004065041	-0.004065041	-0.004065041	-0.004065041	-0.000421348	-0.000421348	-0.000421348	-0.000421348	-0.000421348	-0.000555556	-0.000555556	-0.000555556	-0.000555556	-0.000555556	-0.000869565	-0.000869565	-0.000869565	-0.000869565	-0.000869565	-0.000847458	-0.000847458	-0.000847458	-0.000847458	-0.000847458	-0.000689655	-0.000689655	-0.000689655	-0.000689655	-0.000689655
716472	-0.003582353	-0.003582353	-0.003582353	-0.003582353	-0.003582353	-0.027723029	-0.027723029	-0.027723029	-0.027723029	-0.027723029	-0.020489116	-0.020489116	-0.020489116	-0.020489116	-0.020489116	-0.006756757	-0.006756757	-0.006756757	-0.006756757	-0.006756757	-0.004065041	-0.004065041	-0.004065041	-0.004065041	-0.004065041	-0.004065041	-0.004065041	-0.004065041	-0.004065041	-0.004065041	-0.004065041	-0.004065041	-0.004065041	-0.000421348	-0.000421348	-0.000421348	-0.000421348	-0.000421348	-0.000555556	-0.000555556	-0.000555556	-0.000555556	-0.000555556	-0.000869565	-0.000869565	-0.000869565	-0.000869565	-0.000869565	-0.000847458	-0.000847458	-0.000847458	-0.000847458	-0.000847458	-0.000689655	-0.000689655	-0.000689655	-0.000689655	-0.000689655
717588	-0.003582353	-0.003582353	-0.003582353	-0.003582353	-0.003582353	-0.027723029	-0.027723029	-0.027723029	-0.027723029	-0.027723029	-0.020489116	-0.020489116	-0.020489116	-0.020489116	-0.020489116	-0.006756757	-0.006756757	-0.006756757	-0.006756757	-0.006756757	-0.004065041	-0.004065041	-0.004065041	-0.004065041	-0.004065041	-0.004065041	-0.004065041	-0.004065041	-0.004065041	-0.004065041	-0.004065041	-0.004065041	-0.004065041	-0.000421348	-0.000421348	-0.000421348	-0.000421348	-0.000421348	-0.000555556	-0.000555556	-0.000555556	-0.000555556	-0.000555556	-0.000869565	-0.000869565	-0.000869565	-0.000869565	-0.000869565	-0.000847458	-0.000847458	-0.000847458	-0.000847458	-0.000847458	-0.000689655	-0.000689655	-0.000689655	-0.000689655	-0.000689655
718704	-0.003582353	-0.003582353	-0.003582353	-0.003582353	-0.003582353	-0.027723029	-0.027723029	-0.027723029	-0.027723029	-0.027723029	-0.020489116	-0.020489116	-0.020489116	-0.020489116	-0.020489116	-0.006756757	-0.006756757	-0.006756757	-0.006756757	-0.006756757	-0.004065041	-0.004065041	-0.004065041	-0.004065041	-0.004065041	-0.004065041	-0.004065041	-0.004065041	-0.004065041	-0.004065041	-0.004065041	-0.004065041	-0.004065041	-0.000421348	-0.000421348	-0.000421348	-0.000421348	-0.000421348	-0.000555556	-0.000555556	-0.000555556	-0.000555556	-0.000555556	-0.000869565	-0.000869565	-0.000869565	-0.000869565	-0.000869565	-0.000847458	-0.000847458	-0.000847458	-0.000847458	-0.000847458	-0.000689655	-0.000689655	-0.000689655	-0.000689655	-0.000689655
719820	-0.003582353	-0.003582353	-0.003582353	-0.003582353	-0.003582353	-0.027723029	-0.027723029	-0.027723029	-0.027723029	-0.027723029	-0.020489116	-0.020489116	-0.020489116	-0.020489116	-0.020489116	-0.006756757	-0.006756757	-0.006756757	-0.006756757	-0.006756757	-0.004065041	-0.004065041	-0.004065041	-0.004065041	-0.004065041	-0.004065041	-0.004065041	-0.004065041	-0.004065041	-0.004065041	-0.004065041	-0.004065041	-0.004065041	-0.000421348	-0.000421348	-0.000421348	-0.000421348	-0.000421348	-0.000555556	-0.000555556	-0.000555556	-0.000555556	-0.000555556	-0.000869565	-0.000869565	-0.000869565	-0.000869565	-0.000869565	-0.000847458	-0.000847458	-0.000847458	-0.000847458	-0.000847458	-0.000689655	-0.000689655	-0.000689655	-0.000689655	-0.000689655
720936	-0.003582353	-0.003582353	-0.003582353	-0.003582353	-0.003582353	-0.027723029	-0.027723029	-0.027723029	-0.027723029	-0.027723029	-0.020489116	-0.020489116	-0.020489116	-0.020489116	-0.020489116	-0.006756757	-0.006756757	-0.006756757	-0.006756757	-0.006756757	-0.004065041	-0.004065041	-0.004065041	-0.004065041	-0.004065041	-0.004065041	-0.004065041	-0.004065041	-0.004065041	-0.004065041	-0.004065041	-0.004065041	-0.004065041	-0.000421348	-0.000421348	-0.000421348	-0.000421348	-0.000421348	-0.000555556	-0.000555556	-0.000555556	-0.000555556	-0.000555556	-0.000869565	-0.000869565	-0.000869565	-0.000869565	-0.000869565	-0.000847458	-0.000847458	-0.000847458	-0.000847458	-0.000847458	-0.000689655	-0.000689655	-0.000689655	-0.000689655	-0.000689655
722052	-0.003582353	-0.003582353	-0.003582353	-0.003582353	-0.003582353	-0.027723029	-0.027723029	-0.027723029	-0.027723029	-0.027723029	-0.020489116	-0.020489116	-0.020489116	-0.020489116	-0.020489116	-0.006756757	-0.006756757	-0.006756757	-0.006756757	-0.006756757	-0.004065041	-0.004065041	-0.004065041	-0.004065041	-0.004065041	-0.004065041	-0.004065041	-0.004065041	-0.004065041	-0.004065041	-0.004065041	-0.004065041	-0.004065041	-0.000421348	-0.000421348	-0.000421348	-0.000421348	-0.000421348	-0.000555556	-0.000555556	-0.000555556	-0.000555556	-0.000555556	-0.000869565	-0.000869565	-0.000869565	-0.000869565	-0.000869565	-0.000847458	-0.000847458	-0.000847458	-0.000847458	-0.000847458	-0.000689655	-0.000689655	-0.000689655	-0.000689655	-0.000689655
723168	-0.003582353	-0.003582353	-0.003582353	-0.003582353	-0.003582353	-0.027723029	-0.027723029	-0.027723029	-0.027723029	-0.027723029	-0.020489116	-0.020489116	-0.020489116	-0.020489116	-0.020489116	-0.006756757	-0.006756757	-0.006756757	-0.006756757	-0.006756757	-0.004065041	-0.004065041	-0.004065041	-0.004065041	-0.004065041	-0.004065041	-0.004065041	-0.004065041	-0.004065041	-0.004065041	-0.004065041	-0.004065041	-0.004065041	-0.000421348	-0.000421348	-0.000421348	-0.000421348	-0.000421348	-0.000555556	-0.000555556	-0.000555556	-0.000555556	-0.000555556	-0.000869565	-0.000869565	-0.000869565	-0.000869565	-0.000869565	-0.000847458	-0.000847458	-0.000847458	-0.000847458	-0.000847458	-0.000689655	-0.000689655	-0.000689655	-0.000689655	-0.000689655
724284	-0.003582353	-0.003582353	-0.003582353	-0.003582353	-0.003582353	-0.027723029	-0.027723029	-0.027723029	-0.027723029	-0.027723029	-0.020489116	-0.020489116	-0.020489116	-0.020489116	-0.020489116	-0.006756757	-0.006756757	-0.006756757	-0.006756757	-0.006756757	-0.004065041	-0.004065041	-0.004065041	-0.004065041	-0.004065041	-0.004065041	-0.004065041	-0.004065041	-0.004065041	-0.004065041	-0.004065041	-0.004065041	-0.004065041	-0.000421348	-0.000421348	-0.000421348	-0.000421348	-0.000421348	-0.000555556	-0.000555556	-0.000555556	-0.000555556	-0.000555556	-0.000869565	-0.000869565	-0.000869565	-0.000869565	-0.000869565	-0.000847458	-0.000847458	-0.000847458	-0.000847458	-0.000847458	-0.000689655	-0.000689655	-0.000689655	-0.000689655	-0.000689655
725400	-0.003582353	-0.003582353	-0.003582353	-0.003582353	-0.003582353	-0.027723029	-0.027723029	-0.027723029	-0.027723029	-0.027723029	-0.020489116	-0.020489116	-0.020489116	-0.020489116	-0.020489116	-0.006756757	-0.006756757	-0.006756757	-0.006756757	-0.006756757	-0.004065041	-0.004065041	-0.004065041	-0.004065041	-0.004065041	-0.004065041	-0.004065041	-0.004065041	-0.004065041	-0.004065041	-0.004065041	-0.004065041	-0.004065041	-0.000421348	-0.000421348	-0.000421348	-0.000421348	-0.000421348	-0.000555556	-0.000555556	-0.000555556	-0.000555556	-0.000555556	-0.000869565	-0.000869565	-0.000869565	-0.000869565	-0.000869565	-0.000847458	-0.000847458	-0.000847458	-0.000847458	-0.000847458	-0.000689655	-0.000689655	-0.000689655	-0.000689655	-0.000689655
726516	-0.003582353	-0.003582353	-0.003582353	-0.003582353	-0.003582353	-0.027723029	-0.027723029	-0.027723029	-0.027723029	-0.027723029	-0.020489116	-0.020489116	-0.020489116	-0.020489116	-0.020489116	-0.006756757	-0.006756757	-0.006756757	-0.006756757	-0.006756757	-0.004065041	-0.004065041	-0.004065041	-0.004065041	-0.004065041	-0.004065041	-0.004065041	-0.004065041	-0.004065041	-0.004065041	-0.004065041	-0.004065041	-0.004065041	-0.000421348	-0.000421348	-0.000421348	-0.000421348	-0.000421348	-0.000555556	-0.000555556	-0.000555556	-0.000555556	-0.000555556	-0.000869565	-0.000869565	-0.000869565	-0.000869565	-0.000869565	-0.000847458	-0.000847458	-0.000847458	-0.000847458	-0.000847458	-0.000689655	-0.000689655	-0.000689655	-0.000689655	-0.000689655
727632	-0.003582353	-0.003582353	-0.003582353	-0.003582353	-0.003582353	-0.027723029	-0.027723029	-0.027723029	-0.027723029	-0.027723029	-0.020489116	-0.020489116	-0.020489116	-0.020489116	-0.020489116	-0.006756757	-0.006756757	-0.006756757	-0.006756757	-0.006756757	-0.004065041	-0.004065041	-0.004065041	-0.004065041	-0.004065041	-0.004065041	-0.004065041	-0.004065041	-0.004065041	-0.004065041	-0.004065041	-0.004065041	-0.004065041	-0.000421348	-0.000421348	-0.000421348	-0.000421348	-0.000421348	-0.000555556	-0.000555556	-0.000555556	-0.000555556	-0.000555556	-0.000869565	-0.000869565	-0.000869565	-0.000869565	-0.000869565	-0.000847458	-0.000847458	-0.000847458	-0.000847458	-0.000847458	-0.000689655	-0.000689655	-0.000689655	-0.000689655	-0.000689655
728748	-0.003582353	-0.003582353	-0.003582353	-0.003582353	-0.003582353	-0.027723029	-0.027723029	-0.027723029	-0.027723029	-0.027723029	-0.020489116	-0.020489116	-0.020489116	-0.020489116	-0.020489116	-0.006756757	-0.006756757	-0.006756757	-0.006756757	-0.006756757	-0.004065041	-0.004065041	-0.004065041	-0.004065041	-0.004065041	-0.004065041	-0.004065041	-0.004065041	-0.004065041	-0.004065041	-0.004065041	-0.004065041	-0.004065041	-0.000421348	-0.000421348	-0.000421348	-0.000421348	-0.000421348	-0.000555556	-0.000555556	-0.000555556	-0.000555556	-0.000555556	-0.000869565	-0.000869565	-0.000869565	-0.000869565	-0.000869565	-0.000847458	-0.000847458	-0.000847458	-0.000847458	-0.000847458	-0.000689655	-0.000689655	-0.000689655	-0.000689655	-0.000689655
729864	-0.003582353	-0.003582353	-0.003582353	-0.003582353	-0.003582353	-0.027723029	-0.027723029	-0.027723029	-0.027723029	-0.027723029	-0.020489116	-0.020489116	-0.020489116	-0.020489116	-0.020489116	-0.006756757	-0.006756757	-0.006756757	-0.006756757	-0.006756757	-0.004065041	-0.004065041	-0.004065041	-0.004065041	-0.004065041	-0.004065041	-0.004065041	-0.004065041	-0.004065041	-0.004065041	-0.004065041	-0.004065041	-0.004065041	-0.000421348	-0.000421348	-0.000421348	-0.000421348	-0.000421348	-0.000555556	-0.000555556	-0.000555556	-0.000555556	-0.000555556	-0.000869565	-0.000869565	-0.000869565	-0.000869565	-0.000869565	-0.000847458	-0.000847458	-0.000847458	-0.000847458	-0.000847458	-0.000689655	-0.000689655	-0.000689655	-0.000689655	-0.000689655
730980	-0.003582353	-0.003582353	-0.003582353	-0.003582353	-0.003582353	-0.027723029	-0.027723029	-0.027723029	-0.027723029	-0.027723029	-0.020489116	-0.020489116	-0.020489116	-0.020489116	-0.020489116	-0.006756757	-0.006756757	-0.006756757	-0.006756757	-0.006756757	-0.004065041	-0.004065041	-0.004065041	-0.004065041	-0.004065041	-0.004065041	-0.004065041	-0.004065041	-0.004065041	-0.004065041	-0.004065041	-0.004065041	-0.004065041	-0.000421348	-0.000421348	-0.000421348	-0.000421348	-0.000421348	-0.000555556	-0.000555556	-0.000555556	-0.000555556	-0.000555556	-0.000869565	-0.000869565	-0.000869565	-0.000869565	-0.000869565	-0.000847458	-0.000847458	-0.000847458	-0.000847458	-0.000847458	-0.000689655	-0.000689655	-0.000689655	-0.000689655	-0.000689655
732096	-0.003582353	-0.003582353	-0.003582353	-0.003582353	-0.003582353	-0.027723029	-0.027723029	-0.027723029	-0.027723029	-0.027723029	-0.020489116	-0.020489116	-0.020489116	-0.020489116	-0.020489116	-0.006756757	-0.006756757	-0.006756757	-0.006756757	-0.006756757	-0.004065041	-0.004065041	-0.004065041	-0.004065041	-0.004065041	-0.004065041	-0.004065041	-0.004065041	-0.004065041	-0.004065041	-0.004065041	-0.004065041	-0.004065041	-0.000421348	-0.000421348	-0.000421348	-0.000421348	-0.000421348	-0.000555556	-0.000555556	-0.000555556	-0.000555556	-0.000555556	-0.000869565	-0.000869565	-0.000869565	-0.000869565	-0.000869565	-0.000847458	-0.000847458	-0.000847458	-0.000847458	-0.000847458	-0.000689655	-0.000689655	-0.000689655	-0.000689655	-0.000689655
733212	-0.003582353	-0.003582353	-0.003582353	-0.003582353	-0.003582353	-0.027723029	-0.027723029	-0.027723029	-0.027723029	-0.027723029	-0.020489116	-0.020489116	-0.020489116	-0.020489116	-0.020489116	-0.006756757	-0.006756757	-0.006756757	-0.006756757	-0.006756757	-0.004065041	-0.004065041	-0.004065041	-0.004065041	-0.004065041	-0.004065041	-0.004065041	-0.004065041	-0.004065041	-0.004065041	-0.004065041	-0.004065041	-0.004065041	-0.000421348	-0.000421348	-0.000421348	-0.000421348	-0.000421348	-0.000555556	-0.000555556	-0.000555556	-0.000555556	-0.000555556	-0.000869565	-0.000869565	-0.000869565	-0.000869565	-0.000869565	-0.000847458	-0.000847458	-0.000847458	-0.000847458	-0.000847458	-0.000689655	-0.000689655	-0.000689655	-0.000689655	-0.000689655
734328	-0.003582353	-0.003582353	-0.003582353	-0.003582353	-0.003582353	-0.027723029	-0.027723029	-0.027723029	-0.027723029	-0.027723029	-0.020489116	-0.020489116	-0.020489116	-0.020489116	-0.020489116	-0.006756757	-0.006756757	-0.006756757	-0.006756757	-0.006756757	-0.004065041	-0.004065041	-0.004065041	-0.004065041	-0.004065041	-0.004065041	-0.004065041	-0.004065041	-0.004065041	-0.004065041	-0.004065041	-0.004065041	-0.004065041	-0.000421348	-0.000421348	-0.000421348	-0.000421348	-0.000421348	-0.000555556	-0.000555556	-0.000555556	-0.000555556	-0.000555556	-0.000869565	-0.000869565	-0.000869565	-0.000869565	-0.000869565	-0.000847458	-0.000847458	-0.000847458	-0.000847458	-0.000847458	-0.000689655	-0.000689655	-0.000689655	-0.000689655	-0.000689655
735444	-0.003582353	-0.003582353	-0.003582353	-0.003582353	-0.003582353	-0.027723029	-0.027723029	-0.027723029	-0.027723029	-0.027723029	-0.020489116	-0.020489116	-0.020489116	-0.020489116	-0.020489116	-0.006756757	-0.006756757	-0.006756757	-0.006756757	-0.006756757	-0.004065041	-0.004065041	-0.004065041	-0.004065041	-0.004065041	-0.004065041	-0.004065041	-0.004065041	-0.004065041	-0.004065041	-0.004065041	-0.004065041	-0.004065041	-0.000421348	-0.000421348	-0.000421348	-0.000421348	-0.000421348	-0.000555556	-0.000555556	-0.000555556	-0.000555556	-0.000555556	-0.000869565	-0.000869565	-0.000869565	-0.000869565	-0.000869565	-0.000847458	-0.000847458	-0.000847458	-0.000847458	-0.000847458	-0.000689655	-0.000689655	-0.000689655	-0.000689655	-0.000689655
736560	-0.003582353	-0.003582353	-0.003582353	-0.003582353	-0.003582353	-0.027723029	-0.027723029	-0.027723029	-0.027723029	-0.027723029	-0.020489116	-0.020489116	-0.020489116	-0.020489116	-0.020489116	-0.006756757	-0.006756757	-0.006756757	-0.006756757	-0.006756757	-0.004065041	-0.004065041	-0.004065041	-0.004065041	-0.004065041	-0.004065041	-0.004065041	-0.004065041	-0.004065041	-0.004065041	-0.004065041	-0.004065041	-0.004065041	-0.000421348	-0.000421348	-0.000421348	-0.000421348	-0.000421348	-0.000555556	-0.000555556	-0.000555556	-0.000555556	-0.000555556	-0.000869565	-0.000869565	-0.000869565	-0.000869565	-0.000869565	-0.000847458	-0.000847458	-0.000847458	-0.000847458	-0.000847458	-0.000689655	-0.000689655	-0.000689655	-0.000689655	-0.000689655
737676	-0.003582353	-0.003582353	-0.003582353	-0.003582353	-0.003582353	-0.027723029	-0.027723029	-0.027723029	-0.027723029	-0.027723029	-0.020489116	-0.020489116	-0.020489116	-0.020489116	-0.020489116	-0.006756757	-0.006756757	-0.006756757	-0.006756757	-0.006756757	-0.004065041	-0.004065041	-0.004065041	-0.004065041	-0.004065041	-0.004065041	-0.004065041	-0.004065041	-0.004065041	-0.004065041	-0.004065041	-0.004065041	-0.004065041	-0.000421348	-0.000421348	-0.000421348	-0.000421348	-0.000421348	-0.000555556	-0.000555556	-0.000555556	-0.000555556	-0.000555556	-0.000869565	-0.000869565	-0.000869565	-0.000869565	-0.000869565	-0.000847458	-0.000847458	-0.000847458	-0.000847458	-0.000847458	-0.000689655	-0.000689655	-0.000689655	-0.000689655	-0.000689655
738792	-0.003582353	-0.003582353	-0.003582353	-0.003582353	-0.003582353	-0.027723029	-0.027723029	-0.027723029	-0.027723029	-0.027723029	-0.020489116	-0.020489116	-0.020489116	-0.020489116	-0.020489116	-0.006756757	-0.006756757	-0.006756757	-0.006756757	-0.006756757	-0.004065041	-0.004065041	-0.004065041	-0.004065041	-0.004065041	-0.004065041	-0.004065041	-0.004065041	-0.004065041	-0.004065041	-0.004065041	-0.004065041	-0.004065041	-0.000421348	-0.000421348	-0.000421348	-0.000421348	-0.000421348	-0.000555556	-0.000555556	-0.000555556	-0.000555556	-0.000555556	-0.000869565	-0.000869565	-0.000869565	-0.000869565	-0.000869565	-0.000847458	-0.000847458	-0.000847458	-0.000847458	-0.000847458	-0.000689655	-0.000689655	-0.000689655	-0.000689655	-0.000689655
739908	-0.003582353	-0.003582353	-0.003582353	-0.003582353	-0.003582353	-0.027723029	-0.027723029	-0.027723029	-0.027723029	-0.027723029	-0.020489116	-0.020489116	-0.020489116	-0.020489116	-0.020489116	-0.006756757	-0.006756757	-0.006756757	-0.006756757	-0.006756757	-0.004065041	-0.004065041	-0.004065041	-0.004065041	-0.004065041	-0.004065041	-0.004065041	-0.004065041	-0.004065041	-0.004065041	-0.004065041	-0.004065041	-0.004065041	-0.000421348	-0.000421348	-0.000421348	-0.000421348	-0.000421348	-0.000555556	-0.000555556	-0.000555556	-0.000555556	-0.000555556	-0.000869565	-0.000869565	-0.000869565	-0.000869565	-0.000869565	-0.000847458	-0.000847458	-0.000847458	-0.000847458	-0.000847458	-0.000689655	-0.000689655	-0.000689655	-0.000689655	-0.000689655
741024	-0.003582353	-0.003582353	-0.003582353	-0.003582353	-0.003582353	-0.027723029	-0.027723029	-0.027723029	-0.027723029	-0.027723029	-0.020489116	-0.020489116	-0.020489116	-0.020489116	-0.020489116	-0.006756757	-0.006756757	-0.006756757	-0.006756757	-0.006756757	-0.004065041	-0.004065041	-0.004065041	-0.004065041	-0.004065041	-0.004065041	-0.004065041	-0.004065041	-0.004065041	-0.004065041	-0.004065041	-0.004065041	-0.004065041	-0.000421348	-0.000421348	-0.000421348	-0.000421348	-0.000421348	-0.000555556	-0.000555556	-0.000555556	-0.000555556	-0.000555556	-0.000869565	-0.000869565	-0.000869565	-0.000869565	-0.000869565	-0.000847458	-0.000847458	-0.000847458	-0.000847458	-0.000847458	-0.000689655	-0.000689655	-0.000689655	-0.000689655	-0.000689655
742140	-0.003582353	-0.003582353	-0.003582353	-0.003582353	-0.003582353	-0.027723029	-0.027723029	-0.027723029	-0.027723029	-0.027723029	-0.020489116	-0.020489116	-0.020489116	-0.020489116	-0.020489116	-0.006756757	-0.006756757	-0.006756757	-0.006756757	-0.006756757	-0.004065041	-0.004065041	-0.004065041	-0.004065041	-0.004065041	-0.004065041	-0.004065041	-0.004065041	-0.004065041	-0.004065041	-0.004065041	-0.004065041	-0.004065041	-0.000421348	-0.000421348	-0.000421348	-0.000421348	-0.000421348	-0.000555556	-0.000555556	-0.000555556	-0.000555556	-0.000555556	-0.000869565	-0.000869565	-0.000869565	-0.000869565	-0.000869565	-0.000847458	-0.000847458	-0.000847458	-0.000847458	-0.000847458	-0.000689655	-0.000689655	-0.000689655	-0.000689655	-0.000689655
743256	-0.003582353	-0.003582353	-0.003582353	-0.003582353	-0.003582353	-0.027723029	-0.027723029	-0.027723029	-0.027723029	-0.027723029	-0.020489116	-0.020489116	-0.020489116	-0.020489116	-0.020489116	-0.006756757	-0.006756757	-0.006756757	-0.006756757	-0.006756757	-0.004065041	-0.004065041	-0.004065041	-0.004065041	-0.004065041	-0.004065041	-0.004065041	-0.004065041	-0.004065041	-0.004065041	-0.004065041	-0.004065041	-0.004065041	-0.000421348	-0.000421348	-0.000421348	-0.000421348	-0.000421348	-0.000555556	-0.000555556	-0.000555556	-0.000555556	-0.000555556	-0.000869565	-0.000869565	-0.000869565	-0.000869565	-0.000869565	-0.000847458	-0.000847458	-0.000847458	-0.000847458	-0.000847458	-0.000689655	-0.000689655	-0.000689655	-0.000689655	-0.000689655
744372	-0.003582353	-0.003582353	-0.003582353	-0.003582353	-0.003582353	-0.027723029	-0.027723029	-0.027723029	-0.027723029	-0.027723029	-0.020489116	-0.020489116	-0.020489116	-0.020489116	-0.020489116	-0.006756757	-0.006756757	-0.006756757	-0.006756757	-0.006756757	-0.004065041	-0.004065041	-0.004065041	-0.004065041	-0.004065041	-0.004065041	-0.004065041	-0.004065041	-0.004065041	-0.004065041	-0.004065041	-0.004065041	-0.004065041	-0.000421348	-0.000421348	-0.000421348	-0.000421348	-0.000421348	-0.000555556	-0.000555556	-0.000555556	-0.000555556	-0.000555556	-0.000869565	-0.000869565	-0.000869565	-0.000869565	-0.000869565	-0.000847458	-0.000847458	-0.000847458	-0.000847458	-0.000847458	-0.000689655	-0.000689655	-0.000689655	-0.000689655	-0.000689655
745488	-0.003582353	-0.003582353	-0.003582353	-0.003582353	-0.003582353	-0.027723029	-0.027723029	-0.027723029	-0.027723029	-0.027723029	-0.020489116	-0.020489116	-0.020489116	-0.020489116	-0.020489116	-0.006756757	-0.006756757	-0.006756757	-0.006756757	-0.006756757	-0.004065041	-0.004065041	-0.004065041	-0.004065041	-0.004065041	-0.004065041	-0.004065041	-0.004065041	-0.004065041	-0.004065041	-0.004065041	-0.004065041	-0.004065041	-0.000421348	-0.000421348	-0.000421348	-0.000421348	-0.000421348	-0.000555556	-0.000555556	-0.000555556	-0.000555556	-0.000555556	-0.000869565	-0.000869565	-0.000869565	-0.000869565	-0.000869565	-0.000847458	-0.000847458	-0.000847458	-0.000847458	-0.000847458	-0.000689655	-0.000689655	-0.000689655	-0.000689655	-0.000689655
746604	-0.003582353	-0.003582353	-0.003582353	-0.003582353	-0.003582353	-0.027723029	-0.027723029	-0.027723029	-0.027723029	-0.027723029	-0.020489116	-0.020489116	-0.020489116	-0.020489116	-0.020489116	-0.006756757	-0.006756757	-0.006756757	-0.006756757	-0.006756757	-0.004065041	-0.004065041	-0.004065041	-0.004065041	-0.004065041	-0.004065041	-0.004065041	-0.004065041	-0.004065041	-0.004065041	-0.004065041	-0.004065041	-0.004065041	-0.000421348	-0.000421348	-0.000421348	-0.000421348	-0.000421348	-0.000555556	-0.000555556	-0.000555556	-0.000555556	-0.000555556	-0.000869565	-0.000869565	-0.000869565	-0.000869565	-0.000869565	-0.000847458	-0.000847458	-0.000847458	-0.000847458	-0.000847458	-0.000689655	-0.000689655	-0.000689655	-0.000689655	-0.000689655
747720	-0.003582353	-0.003582353	-0.003582353	-0.003582353	-0.003582353	-0.027723029	-0.027723029	-0.027723029	-0.027723029	-0.027723029	-0.020489116	-0.020489116	-0.020489116	-0.020489116	-0.020489116	-0.006756757	-0.006756757	-0.006756757	-0.006756757	-0.006756757	-0.004065041	-0.004065041	-0.004065041	-0.004065041	-0.004065041	-0.004065041	-0.004065041	-0.004065041	-0.004065041	-0.004065041	-0.004065041	-0.004065041	-0.004065041	-0.000421348	-0.000421348	-0.000421348	-0.000421348	-0.000421348	-0.000555556	-0.000555556	-0.000555556	-0.000555556	-0.000555556	-0.000869565	-0.000869565	-0.000869565	-0.000869565	-0.000869565	-0.000847458	-0.000847458	-0.000847458	-0.000847458	-0.000847458	-0.000689655	-0.000689655	-0.000689655	-0.000689655	-0.000689655
748836	-0.003582353	-0.003582353	-0.003582353	-0.003582353	-0.003582353	-0.027723029	-0.027723029	-0.027723029	-0.027723029	-0.027723029	-0.020489116	-0.020489116	-0.020489116	-0.020489116	-0.020489116	-0.006756757	-0.006756757	-0.006756757	-0.006756757	-0.006756757	-0.004065041	-0.004065041	-0.004065041	-0.004065041	-0.004065041	-0.004065041	-0.004065041	-0.004065041	-0.004065041	-0.004065041	-0.004065041	-0.004065041	-0.004065041	-0.000421348	-0.000421348	-0.000421348	-0.000421348	-0.000421348	-0.000555556	-0.000555556	-0.000555556	-0.000555556	-0.000555556	-0.000869565	-0.000869565	-0.000869565	-0.000869565	-0.000869565	-0.000847458	-0.000847458	-0.000847458	-0.000847458	-0.000847458	-0.000689655	-0.000689655	-0.000689655	-0.000689655	-0.000689655
749952	-0.003582353	-0.003582353	-0.003582353	-0.003582353	-0.003582353	-0.027723029	-0.027723029	-0.027723029	-0.027723029	-0.027723029	-0.020489116	-0.020489116	-0.020489116	-0.020489116	-0.020489116	-0.006756757	-0.006756757	-0.006756757	-0.006756757	-0.006756757	-0.004065041	-0.004065041	-0.004065041	-0.004065041	-0.004065041	-0.004065041	-0.004065041	-0.004065041	-0.004065041	-0.004065041	-0.004065041	-0.004065041	-0.004065041	-0.000421348	-0.000421348	-0.000421348	-0.000421348	-0.000421348	-0.000555556	-0.000555556	-0.000555556	-0.000555556	-0.000555556	-0.000869565	-0.000869565	-0.000869565	-0.000869565	-0.000869565	-0.000847458	-0.000847458	-0.000847458	-0.000847458	-0.000847458	-0.000689655	-0.000689655	-0.000689655	-0.000689655	-0.000689655
751068	-0.003582353	-0.003582353	-0.003582353	-0.003582353	-0.003582353	-0.027723029	-0.027723029	-0.027723029	-0.027723029	-0.027723029	-0.020489116	-0.020489116	-0.020489116	-0.020489116	-0.020489116	-0.006756757	-0.006756757	-0.006756757	-0.006756757	-0.006756757	-0.004065041	-0.004065041	-0.004065041	-0.004065041	-0.004065041	-0.004065041	-0.004065041	-0.004065041	-0.004065041	-0.004065041	-0.004065041	-0.004065041	-0.004065041	-0.000421348	-0.000421348	-0.000421348	-0.000421348	-0.000421348	-0.000555556	-0.000555556	-0.000555556	-0.000555556	-0.000555556	-0.000869565	-0.000869565	-0.000869565	-0.000869565	-0.000869565	-0.000847458	-0.000847458	-0.000847458	-0.000847458	-0.000847458	-0.000689655	-0.000689655	-0.000689655	-0.000689655	-0.000689655
752184	-0.003582353	-0.003582353	-0.003582353	-0.003582353	-0.003582353	-0.027723029	-0.027723029	-0.027723029	-0.027723029	-0.027723029	-0.020489116	-0.020489116	-0.020489116	-0.020489116	-0.020489116	-0.006756757	-0.006756757	-0.006756757	-0.006756757	-0.006756757	-0.004065041	-0.004065041	-0.004065041	-0.004065041	-0.004065041	-0.004065041	-0.004065041	-0.004065041	-0.004065041	-0.004065041	-0.004065041	-0.004065041	-0.004065041	-0.000421348	-0.000421348	-0.000421348	-0.000421348	-0.000421348	-0.000555556	-0.000555556	-0.000555556	-0.000555556	-0.000555556	-0.000869565	-0.000869565	-0.000869565	-0.000869565	-0.000869565	-0.000847458	-0.000847458	-0.000847458	-0.000847458	-0.000847458	-0.000689655	-0.000689655	-0.000689655	-0.000689655	-0.000689655
753300	-0.003582353	-0.003582353	-0.003582353	-0.003582353	-0.003582353	-0.027723029	-0.027723029	-0.027723029	-0.027723029	-0.027723029	-0.020489116	-0.020489116	-0.020489116	-0.020489116	-0.020489116	-0.006756757	-0.006756757	-0.006756757	-0.006756757	-0.006756757	-0.004065041	-0.004065041	-0.004065041	-0.004065041	-0.004065041	-0.004065041	-0.004065041	-0.004065041	-0.004065041	-0.004065041	-0.004065041	-0.004065041	-0.004065041	-0.000421348	-0.000421348	-0.000421348	-0.000421348	-0.000421348	-0.000555556	-0.000555556	-0.000555556	-0.000555556	-0.000555556	-0.000869565	-0.000869565	-0.000869565	-0.000869565	-0.000869565	-0.000847458	-0.000847458	-0.000847458	-0.000847458	-0.000847458	-0.000689655	-0.000689655	-0.000689655	-0.000689655	-0.000689655
754416	-0.003582353	-0.003582353	-0.003582353	-0.003582353	-0.003582353	-0.027723029	-0.027723029	-0.027723029	-0.027723029	-0.027723029	-0.020489116	-0.020489116	-0.020489116	-0.020489116	-0.020489116	-0.006756757	-0.006756757	-0.006756757	-0.006756757	-0.006756757	-0.004065041	-0.004065041	-0.004065041	-0.004065041	-0.004065041	-0.004065041	-0.004065041	-0.004065041	-0.004065041	-0.004065041	-0.004065041	-0.004065041	-0.004065041	-0.000421348	-0.000421348	-0.000421348	-0.000421348	-0.000421348	-0.000555556	-0.000555556	-0.000555556	-0.000555556	-0.000555556	-0.000869565	-0.000869565	-0.000869565	-0.000869565	-0.000869565	-0.000847458	-0.000847458	-0.000847458	-0.000847458	-0.000847458	-0.000689655	-0.000689655	-0.000689655	-0.000689655	-0.000689655
755532	-0.003582353	-0.003582353	-0.003582353	-0.003582353	-0.003582353	-0.027723029	-0.027723029	-0.027723029	-0.027723029	-0.027723029	-0.020489116	-0.020489116	-0.020489116	-0.020489116	-0.020489116	-0.006756757	-0.006756757	-0.006756757	-0.006756757	-0.006756757	-0.004065041	-0.004065041	-0.004065041	-0.004065041	-0.004065041	-0.004065041	-0.004065041	-0.004065041	-0.004065041	-0.004065041	-0.004065041	-0.004065041	-0.004065041	-0.000421348	-0.000421348	-0.000421348	-0.000421348	-0.000421348	-0.000555556	-0.000555556	-0.000555556	-0.000555556	-0.000555556	-0.000869565	-0.000869565	-0.000869565	-0.000869565	-0.000869565	-0.000847458	-0.000847458	-0.000847458	-0.000847458	-0.000847458	-0.000689655	-0.000689655	-0.000689655	-0.000689655	-0.000689655
756648	-0.003582353	-0.003582353	-0.003582353	-0.003582353	-0.003582353	-0.027723029	-0.027723029	-0.027723029	-0.027723029	-0.027723029	-0.020489116	-0.020489116	-0.020489116	-0.020489116	-0.020489116	-0.006756757	-0.006756757	-0.006756757	-0.006756757	-0.006756757	-0.004065041	-0.004065041	-0.004065041	-0.004065041	-0.004065041	-0.004065041	-0.004065041	-0.004065041	-0.004065041	-0.004065041	-0.004065041	-0.004065041	-0.004065041	-0.000421348	-0.000421348	-0.000421348	-0.000421348	-0.000421348	-0.000555556	-0.000555556	-0.000555556	-0.000555556	-0.000555556	-0.000869565	-0.000869565	-0.000869565	-0.000869565	-0.000869565	-0.000847458	-0.000847458	-0.000847458	-0.000847458	-0.000847458	-0.000689655	-0.000689655	-0.000689655	-0.000689655	-0.000689655
757764	-0.003582353	-0.003582353	-0.003582353	-0.003582353	-0.003582353	-0.027723029	-0.027723029	-0.027723029	-0.027723029	-0.027723029	-0.020489116	-0.020489116	-0.020489116	-0.020489116	-0.020489116	-0.006756757	-0.006756757	-0.006756757	-0.006756757	-0.006756757	-0.004065041	-0.004065041	-0.004065041	-0.004065041	-0.004065041	-0.004065041	-0.004065041	-0.004065041	-0.004065041	-0.004065041	-0.004065041	-0.004065041	-0.004065041	-0.000421348	-0.000421348	-0.000421348	-0.000421348	-0.000421348	-0.000555556	-0.000555556	-0.000555556	-0.000555556	-0.000555556	-0.000869565	-0.000869565	-0.000869565	-0.000869565	-0.000869565	-0.000847458	-0.000847458	-0.000847458	-0.000847458	-0.000847458	-0.000689655	-0.000689655	-0.000689655	-0.000689655	-0.000689655
758880	-0.003582353	-0.003582353	-0.003582353	-0.003582353	-0.003582353	-0.027723029	-0.027723029	-0.027723029	-0.027723029	-0.027723029	-0.020489116	-0.020489116	-0.020489116	-0.020489116	-0.020489116	-0.006756757	-0.006756757	-0.006756757	-0.006756757	-0.006756757	-0.004065041	-0.004065041	-0.004065041	-0.004065041	-0.004065041	-0.004065041	-0.004065041	-0.004065041	-0.004065041	-0.004065041	-0.004065041	-0.004065041	-0.004065041	-0.000421348	-0.000421348	-0.000421348	-0.000421348	-0.000421348	-0.000555556	-0.000555556	-0.000555556	-0.000555556	-0.000555556	-0.000869565	-0.000869565	-0.000869565	-0.000869565	-0.000869565	-0.000847458	-0.000847458	-0.000847458	-0.000847458	-0.000847458	-0.000689655	-0.000689655	-0.000689655	-0.000689655	-0.000689655
759996	-0.003582353	-0.003582353	-0.003582353	-0.003582353	-0.003582353	-0.027723029	-0.027723029	-0.027723029	-0.027723029	-0.027723029	-0.020489116	-0.020489116	-0.020489116	-0.020489116	-0.020489116	-0.006756757	-0.006756757	-0.006756757	-0.006756757	-0.006756757	-0.004065041	-0.004065041	-0.004065041	-0.004065041	-0.004065041	-0.004065041	-0.004065041	-0.004065041	-0.004065041	-0.004065041	-0.004065041	-0.004065041	-0.004065041	-0.000421348	-0.000421348	-0.000421348	-0.000421348	-0.000421348	-0.000555556	-0.000555556	-0.000555556	-0.000555556	-0.000555556	-0.000869565	-0.000869565	-0.000869565	-0.000869565	-0.000869565	-0.000847458	-0.000847458	-0.000847458	-0.000847458	-0.000847458	-0.000689655	-0.000689655	-0.000689655	-0.000689655	-0.000689655
761112	-0.003582353	-0.003582353	-0.003582353	-0.003582353	-0.003582353	-0.027723029	-0.027723029	-0.027723029	-0.027723029	-0.027723029	-0.020489116	-0.020489116	-0.020489116	-0.020489116	-0.020489116	-0.006756757	-0.006756757	-0.006756757	-0.006756757	-0.006756757	-0.004065041	-0.004065041	-0.004065041	-0.004065041	-0.004065041	-0.004065041	-0.004065041	-0.004065041	-0.004065041	-0.004065041	-0.004065041	-0.004065041	-0.004065041	-0.000421348	-0.000421348	-0.000421348	-0.000421348	-0.000421348	-0.000555556	-0.000555556	-0.000555556	-0.000555556	-0.000555556	-0.000869565	-0.000869565	-0.000869565	-0.000869565	-0.000869565	-0.000847458	-0.000847458	-0.000847458	-0.000847458	-0.000847458	-0.000689655	-0.000689655	-0.000689655	-0.000689655	-0.000689655
762228	-0.003582353	-0.003582353	-0.003582353	-0.003582353	-0.003582353	-0.027723029	-0.027723029	-0.027723029	-0.027723029	-0.027723029	-0.020489116	-0.020489116	-0.020489116	-0.020489116	-0.020489116	-0.006756757	-0.006756757	-0.006756757	-0.006756757	-0.006756757	-0.004065041	-0.004065041	-0.004065041	-0.004065041	-0.004065041	-0.004065041	-0.004065041	-0.004065041	-0.004065041	-0.004065041	-0.004065041	-0.004065041	-0.004065041	-0.000421348	-0.000421348	-0.000421348	-0.000421348	-0.000421348	-0.000555556	-0.000555556	-0.000555556	-0.000555556	-0.000555556	-0.000869565	-0.000869565	-0.000869565	-0.000869565	-0.000869565	-0.000847458	-0.000847458	-0.000847458	-0.000847458	-0.000847458	-0.000689655	-0.000689655	-0.000689655	-0.000689655	-0.000689655
763344	-0.003582353	-0.003582353	-0.003582353	-0.003582353	-0.003582353	-0.027723029	-0.027723029	-0.027723029	-0.027723029	-0.027723029	-0.020489116	-0.020489116	-0.020489116	-0.020489116	-0.020489116	-0.006756757	-0.006756757	-0.006756757	-0.006756757	-0.006756757	-0.004065041	-0.004065041	-0.004065041	-0.004065041	-0.004065041	-0.004065041	-0.004065041	-0.004065041	-0.004065041	-0.004065041	-0.004065041	-0.004065041	-0.004065041	-0.000421348	-0.000421348	-0.000421348	-0.000421348	-0.000421348	-0.000555556	-0.000555556	-0.000555556	-0.000555556	-0.000555556	-0.000869565	-0.000869565	-0.000869565	-0.000869565	-0.000869565	-0.000847458	-0.000847458	-0.000847458	-0.000847458	-0.000847458	-0.000689655	-0.000689655	-0.000689655	-0.000689655	-0.000689655
764460	-0.003582353	-0.003582353	-0.003582353	-0.003582353	-0.003582353	-0.027723029	-0.027723029	-0.027723029	-0.027723029	-0.027723029	-0.020489116	-0.020489116	-0.020489116	-0.020489116	-0.020489116	-0.006756757	-0.006756757	-0.006756757	-0.006756757	-0.006756757	-0.004065041	-0.004065041	-0.004065041	-0.004065041	-0.004065041	-0.004065041	-0.004065041	-0.004065041	-0.004065041	-0.004065041	-0.004065041	-0.004065041	-0.004065041	-0.000421348	-0.000421348	-0.000421348	-0.000421348	-0.000421348	-0.000555556	-0.000555556	-0.000555556	-0.000555556	-0.000555556	-0.000869565	-0.000869565	-0.000869565	-0.000869565	-0.000869565	-0.000847458	-0.000847458	-0.000847458	-0.000847458	-0.000847458	-0.000689655	-0.000689655	-0.000689655	-0.000689655	-0.000689655
765576	-0.003582353	-0.003582353	-0.003582353	-0.003582353	-0.003582353	-0.027723029	-0.027723029	-0.027723029	-0.027723029	-0.027723029	-0.020489116	-0.020489116	-0.020489116	-0.020489116	-0.020489116	-0.006756757	-0.006756757	-0.006756757	-0.006756757	-0.006756757	-0.004065041	-0.004065041	-0.004065041	-0.004065041	-0.004065041	-0.004065041	-0.004065041	-0.004065041	-0.004065041	-0.004065041	-0.004065041	-0.004065041	-0.004065041	-0.000421348	-0.000421348	-0.000421348	-0.000421348	-0.000421348	-0.000555556	-0.000555556	-0.000555556	-0.000555556	-0.000555556	-0.000869565	-0.000869565	-0.000869565	-0.000869565	-0.000869565	-0.000847458	-0.000847458	-0.000847458	-0.000847458	-0.000847458	-0.000689655	-0.000689655	-0.000689655	-0.000689655	-0.000689655
766692	-0.003582353	-0.003582353	-0.003582353	-0.003582353	-0.003582353	-0.027723029	-0.027723029	-0.027723029	-0.027723029	-0.027723029	-0.020489116	-0.020489116	-0.020489116	-0.020489116	-0.020489116	-0.006756757	-0.006756757	-0.006756757	-0.006756757	-0.006756757	-0.004065041	-0.004065041	-0.004065041	-0.004065041	-0.004065041	-0.004065041	-0.004065041	-0.004065041	-0.004065041	-0.004065041	-0.004065041	-0.004065041	-0.004065041	-0.000421348	-0.000421348	-0.000421348	-0.000421348	-0.000421348	-0.000555556	-0.000555556	-0.000555556	-0.000555556	-0.000555556	-0.000869565	-0.000869565	-0.000869565	-0.000869565	-0.000869565	-0.000847458	-0.000847458	-0.000847458	-0.000847458	-0.000847458	-0.000689655	-0.000689655	-0.000689655	-0.000689655	-0.000689655
767808	-0.003582353	-0.003582353	-0.003582353	-0.003582353	-0.003582353	-0.027723029	-0.027723029	-0.027723029	-0.027723029	-0.027723029	-0.020489116	-0.020489116	-0.020489116	-0.020489116	-0.020489116	-0.006756757	-0.006756757	-0.006756757	-0.006756757	-0.006756757	-0.004065041	-0.004065041	-0.004065041	-0.004065041	-0.004065041	-0.004065041	-0.004065041	-0.004065041	-0.004065041	-0.004065041	-0.004065041	-0.004065041	-0.004065041	-0.000421348	-0.000421348	-0.000421348	-0.000421348	-0.000421348	-0.000555556	-0.000555556	-0.000555556	-0.000555556	-0.000555556	-0.000869565	-0.000869565	-0.000869565	-0.000869565	-0.000869565	-0.000847458	-0.000847458	-0.000847458	-0.000847458	-0.000847458	-0.000689655	-0.000689655	-0.000689655	-0.000689655	-0.000689655
768924	-0.003582353	-0.003582353	-0.003582353	-0.003582353	-0.003582353	-0.027723029	-0.027723029	-0.027723029	-0.027723029	-0.027723029	-0.020489116	-0.020489116	-0.020489116	-0.020489116	-0.020489116	-0.006756757	-0.006756757	-0.006756757	-0.006756757	-0.006756757	-0.004065041	-0.004065041	-0.004065041	-0.004065041	-0.004065041	-0.004065041	-0.004065041	-0.004065041	-0.004065041	-0.004065041	-0.004065041	-0.004065041	-0.004065041	-0.000421348	-0.000421348	-0.000421348	-0.000421348	-0.000421348	-0.000555556	-0.000555556	-0.000555556	-0.000555556	-0.000555556	-0.000869565	-0.000869565	-0.000869565	-0.000869565	-0.000869565	-0.000847458	-0.000847458	-0.000847458	-0.000847458	-0.000847458	-0.000689655	-0.000689655	-0.000689655	-0.000689655	-0.000689655
770040	-0.003582353	-0.003582353	-0.003582353	-0.003582353	-0.003582353	-0.027723029	-0.027723029	-0.027723029	-0.027723029	-0.027723029	-0.020489116	-0.020489116	-0.020489116	-0.020489116	-0.020489116	-0.006756757	-0.006756757	-0.006756757	-0.006756757	-0.006756757	-0.004065041	-0.004065041	-0.004065041	-0.004065041	-0.004065041	-0.004065041	-0.004065041	-0.004065041	-0.004065041	-0.004065041	-0.004065041	-0.004065041	-0.004065041	-0.000421348	-0.000421348	-0.000421348	-0.000421348	-0.000421348	-0.000555556	-0.000555556	-0.000555556	-0.000555556	-0.000555556	-0.000869565	-0.000869565	-0.000869565	-0.000869565	-0.000869565	-0.000847458	-0.000847458	-0.000847458	-0.000847458	-0.000847458	-0.000689655	-0.000689655	-0.000689655	-0.000689655	-0.000689655
771156	-0.003582353	-0.003582353	-0.003582353	-0.003582353	-0.003582353	-0.027723029	-0.027723029	-0.027723029	-0.027723029	-0.027723029	-0.020489116	-0.020489116	-0.020489116	-0.020489116	-0.020489116	-0.006756757	-0.006756757	-0.006756757	-0.006756757	-0.006756757	-0.004065041	-0.004065041	-0.004065041	-0.004065041	-0.004065041	-0.004065041	-0.004065041	-0.004065041	-0.004065041	-0.004065041	-0.004065041	-0.004065041	-0.004065041	-0.000421348	-0.000421348	-0.000421348	-0.000421348	-0.000421348	-0.000555556	-0.000555556	-0.000555556	-0.000555556	-0.000555556	-0.000869565	-0.000869565	-0.000869565	-0.000869565	-0.000869565	-0.000847458	-0.000847458	-0.000847458	-0.000847458	-0.000847458	-0.000689655	-0.000689655	-0.000689655	-0.000689655	-0.000689655
772272	-0.003582353	-0.003582353	-0.003582353	-0.003582353	-0.003582353	-0.027723029	-0.027723029	-0.027723029	-0.027723029	-0.027723029	-0.020489116	-0.020489116	-0.020489116	-0.020489116	-0.020489116	-0.006756757	-0.006756757	-0.006756757	-0.006756757	-0.006756757	-0.004065041	-0.004065041	-0.004065041	-0.004065041	-0.004065041	-0.004065041	-0.004065041	-0.004065041	-0.004065041	-0.004065041	-0.004065041	-0.004065041	-0.004065041	-0.000421348	-0.000421348	-0.000421348	-0.000421348	-0.000421348	-0.000555556	-0.000555556	-0.000555556	-0.000555556	-0.000555556	-0.000869565	-0.000869565	-0.000869565	-0.000869565	-0.000869565	-0.000847458	-0.000847458	-0.000847458	-0.000847458	-0.000847458	-0.000689655	-0.000689655	-0.000689655	-0.000689655	-0.000689655
773388	-0.003582353	-0.003582353	-0.003582353	-0.003582353	-0.003582353	-0.027723029	-0.027723029	-0.027723029	-0.027723029	-0.027723029	-0.020489116	-0.020489116	-0.020489116	-0.020489116	-0.020489116	-0.006756757	-0.006756757	-0.006756757	-0.006756757	-0.006756757	-0.004065041	-0.004065041	-0.004065041	-0.004065041	-0.004065041	-0.004065041	-0.004065041	-0.004065041	-0.004065041	-0.004065041	-0.004065041	-0.004065041	-0.004065041	-0.000421348	-0.000421348	-0.000421348	-0.000421348	-0.000421348	-0.000555556	-0.000555556	-0.000555556	-0.000555556	-0.000555556	-0.000869565	-0.000869565	-0.000869565	-0.000869565	-0.000869565	-0.000847458	-0.000847458	-0.000847458	-0.000847458	-0.000847458	-0.000689655	-0.000689655	-0.000689655	-0.000689655	-0.000689655
774504	-0.003582353	-0.003582353	-0.003582353	-0.003582353	-0.003582353	-0.027723029	-0.027723029	-0.027723029	-0.027723029	-0.027723029	-0.020489116	-0.020489116	-0.020489116	-0.020489116	-0.020489116	-0.006756757	-0.006756757	-0.006756757	-0.006756757	-0.006756757	-0.004065041	-0.004065041	-0.004065041	-0.004065041	-0.004065041	-0.004065041	-0.004065041	-0.004065041	-0.004065041	-0.004065041	-0.004065041	-0.004065041	-0.004065041	-0.000421348	-0.000421348	-0.000421348	-0.000421348	-0.000421348	-0.000555556	-0.000555556	-0.000555556	-0.000555556	-0.000555556	-0.000869565	-0.000869565	-0.000869565	-0.000869565	-0.000869565	-0.000847458	-0.000847458	-0.000847458	-0.000847458	-0.000847458	-0.000689655	-0.000689655	-0.000689655	-0.000689655	-0.000689655
775620	-0.003582353	-0.003582353	-0.003582353	-0.003582353	-0.003582353	-0.027723029	-0.027723029	-0.027723029	-0.027723029	-0.027723029	-0.020489116	-0.020489116	-0.020489116	-0.020489116	-0.020489116	-0.006756757	-0.006756757	-0.006756757	-0.006756757	-0.006756757	-0.004065041	-0.004065041	-0.004065041	-0.004065041	-0.004065041	-0.004065041	-0.004065041	-0.004065041	-0.004065041	-0.004065041	-0.004065041	-0.004065041	-0.004065041	-0.000421348	-0.000421348	-0.000421348	-0.000421348	-0.000421348	-0.000555556	-0.000555556	-0.000555556	-0.000555556	-0.000555556	-0.000869565	-0.000869565	-0.000869565	-0.000869565	-0.000869565	-0.000847458	-0.000847458	-0.000847458	-0.000847458	-0.000847458	-0.000689655	-0.000689655	-0.000689655	-0.000689655	-0.000689655
776736	-0.003582353	-0.003582353	-0.003582353	-0.003582353	-0.003582353	-0.027723029	-0.027723029	-0.027723029	-0.027723029	-0.027723029	-0.020489116	-0.020489116	-0.020489116	-0.020489116	-0.020489116	-0.006756757	-0.006756757	-0.006756757	-0.006756757	-0.006756757	-0.004065041	-0.004065041	-0.004065041	-0.004065041	-0.004065041	-0.004065041	-0.004065041	-0.004065041	-0.004065041	-0.004065041	-0.004065041	-0.004065041	-0.004065041	-0.000421348	-0.000421348	-0.000421348	-0.000421348	-0.000421348	-0.000555556	-0.000555556	-0.000555556	-0.000555556	-0.000555556	-0.000869565	-0.000869565	-0.000869565	-0.000869565	-0.000869565	-0.000847458	-0.000847458	-0.000847458	-0.000847458	-0.000847458	-0.000689655	-0.000689655	-0.000689655	-0.000689655	-0.000689655
777852	-0.003582353	-0.003582353	-0.003582353	-0.003582353	-0.003582353	-0.027723029	-0.027723029	-0.027723029	-0.027723029	-0.027723029	-0.020489116	-0.020489116	-0.020489116	-0.020489116	-0.020489116	-0.006756757	-0.006756757	-0.006756757	-0.006756757	-0.006756757	-0.004065041	-0.004065041	-0.004065041	-0.004065041	-0.004065041	-0.004065041	-0.004065041	-0.004065041	-0.004065041	-0.004065041	-0.004065041	-0.004065041	-0.004065041	-0.000421348	-0.000421348	-0.000421348	-0.000421348	-0.000421348	-0.000555556	-0.000555556	-0.000555556	-0.000555556	-0.000555556	-0.000869565	-0.000869565	-0.000869565	-0.000869565	-0.000869565	-0.000847458	-0.000847458	-0.000847458	-0.000847458	-0.000847458	-0.000689655	-0.000689655	-0.000689655	-0.000689655	-0.000689655
778968	-0.003582353	-0.003582353	-0.003582353	-0.003582353	-0.003582353	-0.027723029	-0.027723029	-0.027723029	-0.027723029	-0.027723029	-0.020489116	-0.020489116	-0.020489116	-0.020489116	-0.020489116	-0.006756757	-0.006756757	-0.006756757	-0.006756757	-0.006756757	-0.004065041	-0.004065041	-0.004065041	-0.004065041	-0.004065041	-0.004065041	-0.004065041	-0.004065041	-0.004065041	-0.004065041	-0.004065041	-0.004065041	-0.004065041	-0.000421348	-0.000421348	-0.000421348	-0.000421348	-0.000421348	-0.000555556	-0.000555556	-0.000555556	-0.000555556	-0.000555556	-0.000869565	-0.000869565	-0.000869565	-0.000869565	-0.000869565	-0.000847458	-0.000847458	-0.000847458	-0.000847458	-0.000847458	-0.000689655	-0.000689655	-0.000689655	-0.000689655	-0.000689655
780084	-0.003582353	-0.003582353	-0.003582353	-0.003582353	-0.003582353	-0.027723029	-0.027723029	-0.027723029	-0.027723029	-0.027723029	-0.020489116	-0.020489116	-0.020489116	-0.020489116	-0.020489116	-0.006756757	-0.006756757	-0.006756757	-0.006756757	-0.006756757	-0.004065041	-0.004065041	-0.004065041	-0.004065041	-0.004065041	-0.004065041	-0.004065041	-0.004065041	-0.004065041	-0.004065041	-0.004065041	-0.004065041	-0.004065041	-0.000421348	-0.000421348	-0.000421348	-0.000421348	-0.000421348	-0.000555556	-0.000555556	-0.000555556	-0.000555556	-0.000555556	-0.000869565	-0.000869565	-0.000869565	-0.000869565	-0.000869565	-0.000847458	-0.000847458	-0.000847458	-0.000847458	-0.000847458	-0.000689655	-0.000689655	-0.000689655	-0.000689655	-0.000689655
781200	-0.003582353	-0.003582353	-0.003582353	-0.003582353	-0.003582353	-0.027723029	-0.027723029	-0.027723029	-0.027723029	-0.027723029	-0.020489116	-0.020489116	-0.020489116	-0.020489116	-0.020489116	-0.006756757	-0.006756757	-0.006756757	-0.006756757	-0.006756757	-0.004065041	-0.004065041	-0.004065041	-0.004065041	-0.004065041	-0.004065041	-0.004065041	-0.004065041	-0.004065041	-0.004065041	-0.004065041	-0.004065041	-0.004065041	-0.000421348	-0.000421348	-0.000421348	-0.000421348	-0.000421348	-0.000555556	-0.000555556	-0.000555556	-0.000555556	-0.000555556	-0.000869565	-0.000869565	-0.000869565	-0.000869565	-0.000869565	-0.000847458	-0.000847458	-0.000847458	-0.000847458	-0.000847458	-0.000689655	-0.000689655	-0.000689655	-0.000689655	-0.000689655
782316	-0.003582353	-0.003582353	-0.003582353	-0.003582353	-0.003582353	-0.027723029	-0.027723029	-0.027723029	-0.027723029	-0.027723029	-0.020489116	-0.020489116	-0.020489116	-0.020489116	-0.020489116	-0.006756757	-0.006756757	-0.006756757	-0.006756757	-0.006756757	-0.004065041	-0.004065041	-0.004065041	-0.004065041	-0.004065041	-0.004065041	-0.004065041	-0.004065041	-0.004065041	-0.004065041	-0.004065041	-0.004065041	-0.004065041	-0.000421348	-0.000421348	-0.000421348	-0.000421348	-0.000421348	-0.000555556	-0.000555556	-0.000555556	-0.000555556	-0.000555556	-0.000869565	-0.000869565	-0.000869565	-0.000869565	-0.000869565	-0.000847458	-0.000847458	-0.000847458	-0.000847458	-0.000847458	-0.000689655	-0.000689655	-0.000689655	-0.000689655	-0.000689655
783432	-0.003582353	-0.003582353	-0.003582353	-0.003582353	-0.003582353	-0.027723029	-0.027723029	-0.027723029	-0.027723029	-0.027723029	-0.020489116	-0.020489116	-0.020489116	-0.020489116	-0.020489116	-0.006756757	-0.006756757	-0.006756757	-0.006756757	-0.006756757	-0.004065041	-0.004065041	-0.004065041	-0.004065041	-0.004065041	-0.004065041	-0.004065041	-0.004065041	-0.004065041	-0.004065041	-0.004065041	-0.004065041	-0.004065041	-0.000421348	-0.000421348	-0.000421348	-0.000421348	-0.000421348	-0.000555556	-0.000555556	-0.000555556	-0.000555556	-0.000555556	-0.000869565	-0.000869565	-0.000869565	-0.000869565	-0.000869565	-0.000847458	-0.000847458	-0.000847458	-0.000847458	-0.000847458	-0.000689655	-0.000689655	-0.000689655	-0.000689655	-0.000689655
784548	-0.003582353	-0.003582353	-0.003582353	-0.003582353	-0.003582353	-0.027723029	-0.027723029	-0.027723029	-0.027723029	-0.027723029	-0.020489116	-0.020489116	-0.020489116	-0.020489116	-0.020489116	-0.006756757	-0.006756757	-0.006756757	-0.006756757	-0.006756757	-0.004065041	-0.004065041	-0.004065041	-0.004065041	-0.004065041	-0.004065041	-0.004065041	-0.004065041	-0.004065041	-0.004065041	-0.004065041	-0.004065041	-0.004065041	-0.000421348	-0.000421348	-0.000421348	-0.000421348	-0.000421348	-0.000555556	-0.000555556	-0.000555556	-0.000555556	-0.000555556	-0.000869565	-0.000869565	-0.000869565	-0.000869565	-0.000869565	-0.000847458	-0.000847458	-0.000847458	-0.000847458	-0.000847458	-0.000689655	-0.000689655	-0.000689655	-0.000689655	-0.000689655
785664	-0.003582353	-0.003582353	-0.003582353	-0.003582353	-0.003582353	-0.027723029	-0.027723029	-0.027723029	-0.027723029	-0.027723029	-0.020489116	-0.020489116	-0.020489116	-0.020489116	-0.020489116	-0.006756757	-0.006756757	-0.006756757	-0.006756757	-0.006756757	-0.004065041	-0.004065041	-0.004065041	-0.004065041	-0.004065041	-0.004065041	-0.004065041	-0.004065041	-0.004065041	-0.004065041	-0.004065041	-0.004065041	-0.004065041	-0.000421348	-0.000421348	-0.000421348	-0.000421348	-0.000421348	-0.000555556	-0.000555556	-0.000555556	-0.000555556	-0.000555556	-0.000869565	-0.000869565	-0.000869565	-0.000869565	-0.000869565	-0.000847458	-0.000847458	-0.000847458	-0.000847458	-0.000847458	-0.000689655	-0.000689655	-0.000689655	-0.000689655	-0.000689655
786780	-0.003582353	-0.003582353	-0.003582353	-0.003582353	-0.003582353	-0.027723029	-0.027723029	-0.027723029	-0.027723029	-0.027723029	-0.020489116	-0.020489116	-0.020489116	-0.020489116	-0.020489116	-0.006756757	-0.006756757	-0.006756757	-0.006756757	-0.006756757	-0.004065041	-0.004065041	-0.004065041	-0.004065041	-0.004065041	-0.004065041	-0.004065041	-0.004065041	-0.004065041	-0.004065041	-0.004065041	-0.004065041	-0.004065041	-0.000421348	-0.000421348	-0.000421348	-0.000421348	-0.000421348	-0.000555556	-0.000555556	-0.000555556	-0.000555556	-0.000555556	-0.000869565	-0.000869565	-0.000869565	-0.000869565	-0.000869565	-0.000847458	-0.000847458	-0.000847458	-0.000847458	-0.000847458	-0.000689655	-0.000689655	-0.000689655	-0.000689655	-0.000689655
787896	-0.003582353	-0.003582353	-0.003582353	-0.003582353	-0.003582353	-0.027723029	-0.027723029	-0.027723029	-0.027723029	-0.027723029	-0.020489116	-0.020489116	-0.020489116	-0.020489116	-0.020489116	-0.006756757	-0.006756757	-0.006756757	-0.006756757	-0.006756757	-0.004065041	-0.004065041	-0.004065041	-0.004065041	-0.004065041	-0.004065041	-0.004065041	-0.004065041	-0.004065041	-0.004065041	-0.004065041	-0.004065041	-0.004065041	-0.000421348	-0.000421348	-0.000421348	-0.000421348	-0.000421348	-0.000555556	-0.000555556	-0.000555556	-0.000555556	-0.000555556	-0.000869565	-0.000869565	-0.000869565	-0.000869565	-0.000869565	-0.000847458	-0.000847458	-0.000847458	-0.000847458	-0.000847458	-0.000689655	-0.000689655	-0.000689655	-0.000689655	-0.000689655
789012	-0.003582353	-0.003582353	-0.003582353	-0.003582353	-0.003582353	-0.027723029	-0.027723029	-0.027723029	-0.027723029	-0.027723029	-0.020489116	-0.020489116	-0.020489116	-0.020489116	-0.020489116	-0.006756757	-0.006756757	-0.006756757	-0.006756757	-0.006756757	-0.004065041	-0.004065041	-0.004065041	-0.004065041	-0.004065041	-0.004065041	-0.004065041	-0.004065041	-0.004065041	-0.004065041	-0.004065041	-0.004065041	-0.004065041	-0.000421348	-0.000421348	-0.000421348	-0.000421348	-0.000421348	-0.000555556	-0.000555556	-0.000555556	-0.000555556	-0.000555556	-0.000869565	-0.000869565	-0.000869565	-0.000869565	-0.000869565	-0.000847458	-0.000847458	-0.000847458	-0.000847458	-0.000847458	-0.000689655	-0.000689655	-0.000689655	-0.000689655	-0.000689655
790128	-0.003582353	-0.003582353	-0.003582353	-0.003582353	-0.003582353	-0.027723029	-0.027723029	-0.027723029	-0.027723029	-0.027723029	-0.020489116	-0.020489116	-0.020489116	-0.020489116	-0.020489116	-0.006756757	-0.006756757	-0.006756757	-0.006756757	-0.006756757	-0.004065041	-0.004065041	-0.004065041	-0.004065041	-0.004065041	-0.004065041	-0.004065041	-0.004065041	-0.004065041	-0.004065041	-0.004065041	-0.004065041	-0.004065041	-0.000421348	-0.000421348	-0.000421348	-0.000421348	-0.000421348	-0.000555556	-0.000555556	-0.000555556	-0.000555556	-0.000555556	-0.000869565	-0.000869565	-0.000869565	-0.000869565	-0.000869565	-0.000847458	-0.000847458	-0.000847458	-0.000847458	-0.000847458	-0.000689655	-0.000689655	-0.000689655	-0.000689655	-0.000689655
791244	-0.003582353	-0.003582353	-0.003582353	-0.003582353	-0.003582353	-0.027723029	-0.027723029	-0.027723029	-0.027723029	-0.027723029	-0.020489116	-0.020489116	-0.020489116	-0.020489116	-0.020489116	-0.006756757	-0.006756757	-0.006756757	-0.006756757	-0.006756757	-0.004065041	-0.004065041	-0.004065041	-0.004065041	-0.004065041	-0.004065041	-0.004065041	-0.004065041	-0.004065041	-0.004065041	-0.004065041	-0.004065041	-0.004065041	-0.000421348	-0.000421348	-0.000421348	-0.000421348	-0.000421348	-0.000555556	-0.000555556	-0.000555556	-0.000555556	-0.000555556	-0.000869565	-0.000869565	-0.000869565	-0.000869565	-0.000869565	-0.000847458	-0.000847458	-0.000847458	-0.000847458	-0.000847458	-0.000689655	-0.000689655	-0.000689655	-0.000689655	-0.000689655
792360	-0.003582353	-0.003582353	-0.003582353	-0.003582353	-0.003582353	-0.027723029	-0.027723029	-0.027723029	-0.027723029	-0.027723029	-0.020489116	-0.020489116	-0.020489116	-0.020489116	-0.020489116	-0.006756757	-0.006756757	-0.006756757	-0.006756757	-0.006756757	-0.004065041	-0.004065041	-0.004065041	-0.004065041	-0.004065041	-0.004065041	-0.004065041	-0.004065041	-0.004065041	-0.004065041	-0.004065041	-0.004065041	-0.004065041	-0.000421348	-0.000421348	-0.000421348	-0.000421348	-0.000421348	-0.000555556	-0.000555556	-0.000555556	-0.000555556	-0.000555556	-0.000869565	-0.000869565	-0.000869565	-0.000869565	-0.000869565	-0.000847458	-0.000847458	-0.000847458	-0.000847458	-0.000847458	-0.000689655	-0.000689655	-0.000689655	-0.000689655	-0.000689655
793476	-0.003582353	-0.003582353	-0.003582353	-0.003582353	-0.003582353	-0.027723029	-0.027723029	-0.027723029	-0.027723029	-0.027723029	-0.020489116	-0.020489116	-0.020489116	-0.020489116	-0.020489116	-0.006756757	-0.006756757	-0.006756757	-0.006756757	-0.006756757	-0.004065041	-0.004065041	-0.004065041	-0.004065041	-0.004065041	-0.004065041	-0.004065041	-0.004065041	-0.004065041	-0.004065041	-0.004065041	-0.004065041	-0.004065041	-0.000421348	-0.000421348	-0.000421348	-0.000421348	-0.000421348	-0.000555556	-0.000555556	-0.000555556	-0.000555556	-0.000555556	-0.000869565	-0.000869565	-0.000869565	-0.000869565	-0.000869565	-0.000847458	-0.000847458	-0.000847458	-0.000847458	-0.000847458	-0.000689655	-0.000689655	-0.000689655	-0.000689655	-0.000689655
794592	-0.003582353	-0.003582353	-0.003582353	-0.003582353	-0.003582353	-0.027723029	-0.027723029	-0.027723029	-0.027723029	-0.027723029	-0.020489116	-0.020489116	-0.020489116	-0.020489116	-0.020489116	-0.006756757	-0.006756757	-0.006756757	-0.006756757	-0.006756757	-0.004065041	-0.004065041	-0.004065041	-0.004065041	-0.004065041	-0.004065041	-0.004065041	-0.004065041	-0.004065041	-0.004065041	-0.004065041	-0.004065041	-0.004065041	-0.000421348	-0.000421348	-0.000421348	-0.000421348	-0.000421348	-0.000555556	-0.000555556	-0.000555556	-0.000555556	-0.000555556	-0.000869565	-0.000869565	-0.000869565	-0.000869565	-0.000869565	-0.000847458	-0.000847458	-0.000847458	-0.000847458	-0.000847458	-0.000689655	-0.000689655	-0.000689655	-0.000689655	-0.000689655
795708	-0.003582353	-0.003582353	-0.003582353	-0.003582353	-0.003582353	-0.027723029	-0.027723029	-0.027723029	-0.027723029	-0.027723029	-0.020489116	-0.020489116	-0.020489116	-0.020489116	-0.020489116	-0.006756757	-0.006756757	-0.006756757	-0.006756757	-0.006756757	-0.004065041	-0.004065041	-0.004065041	-0.004065041	-0.004065041	-0.004065041	-0.004065041	-0.004065041	-0.004065041	-0.004065041	-0.004065041	-0.004065041	-0.004065041	-0.000421348	-0.000421348	-0.000421348	-0.000421348	-0.000421348	-0.000555556	-0.000555556	-0.000555556	-0.000555556	-0.000555556	-0.000869565	-0.000869565	-0.000869565	-0.000869565	-0.000869565	-0.000847458	-0.000847458	-0.000847458	-0.000847458	-0.000847458	-0.000689655	-0.000689655	-0.000689655	-0.000689655	-0.000689655
796824	-0.003582353	-0.003582353	-0.003582353	-0.003582353	-0.003582353	-0.027723029	-0.027723029	-0.027723029	-0.027723029	-0.027723029	-0.020489116	-0.020489116	-0.020489116	-0.020489116	-0.020489116	-0.006756757	-0.006756757	-0.006756757	-0.006756757	-0.006756757	-0.004065041	-0.004065041	-0.004065041	-0.004065041	-0.004065041	-0.004065041	-0.004065041	-0.004065041	-0.004065041	-0.004065041	-0.004065041	-0.004065041	-0.004065041	-0.000421348	-0.000421348	-0.000421348	-0.000421348	-0.000421348	-0.000555556	-0.000555556	-0.000555556	-0.000555556	-0.000555556	-0.000869565	-0.000869565	-0.000869565	-0.000869565	-0.000869565	-0.000847458	-0.000847458	-0.000847458	-0.000847458	-0.000847458	-0.000689655	-0.000689655	-0.000689655	-0.000689655	-0.000689655
797940	-0.003582353	-0.003582353	-0.003582353	-0.003582353	-0.003582353	-0.027723029	-0.027723029	-0.027723029	-0.027723029	-0.027723029	-0.020489116	-0.020489116	-0.020489116	-0.020489116	-0.020489116	-0.006756757	-0.006756757	-0.006756757	-0.006756757	-0.006756757	-0.004065041	-0.004065041	-0.004065041	-0.004065041	-0.004065041	-0.004065041	-0.004065041	-0.004065041	-0.004065041	-0.004065041	-0.004065041	-0.004065041	-0.004065041	-0.000421348	-0.000421348	-0.000421348	-0.000421348	-0.000421348	-0.000555556	-0.000555556	-0.000555556	-0.000555556	-0.000555556	-0.000869565	-0.000869565	-0.000869565	-0.000869565	-0.000869565	-0.000847458	-0.000847458	-0.000847458	-0.000847458	-0.000847458	-0.000689655	-0.000689655	-0.000689655	-0.000689655	-0.000689655
799056	-0.003582353	-0.003582353	-0.003582353	-0.003582353	-0.003582353	-0.027723029	-0.027723029	-0.027723029	-0.027723029	-0.027723029	-0.020489116	-0.020489116	-0.020489116	-0.020489116	-0.020489116	-0.006756757	-0.006756757	-0.006756757	-0.006756757	-0.006756757	-0.004065041	-0.004065041	-0.004065041	-0.004065041	-0.004065041	-0.004065041	-0.004065041	-0.004065041	-0.004065041	-0.004065041	-0.004065041	-0.004065041	-0.004065041	-0.000421348	-0.000421348	-0.000421348	-0.000421348	-0.000421348	-0.000555556	-0.000555556	-0.000555556	-0.000555556	-0.000555556	-0.000869565	-0.000869565	-0.000869565	-0.000869565	-0.000869565	-0.000847458	-0.000847458	-0.000847458	-0.000847458	-0.000847458	-0.000689655	-0.000689655	-0.000689655	-0.000689655	-0.000689655
800172	-0.003582353	-0.003582353	-0.003582353	-0.003582353	-0.003582353	-0.027723029	-0.027723029	-0.027723029	-0.027723029	-0.027723029	-0.020489116	-0.020489116	-0.020489116	-0.020489116	-0.020489116	-0.006756757	-0.006756757	-0.006756757	-0.006756757	-0.006756757	-0.004065041	-0.004065041	-0.004065041	-0.004065041	-0.004065041	-0.004065041	-0.004065041	-0.004065041	-0.004065041	-0.004065041	-0.004065041	-0.004065041	-0.004065041	-0.000421348	-0.000421348	-0.000421348	-0.000421348	-0.000421348	-0.000555556	-0.000555556	-0.000555556	-0.000555556	-0.000555556	-0.000869565	-0.000869565	-0.000869565	-0.000869565	-0.000869565	-0.000847458	-0.000847458	-0.000847458	-0.000847458	-0.000847458	-0.000689655	-0.000689655	-0.000689655	-0.000689655	-0.000689655
801288	-0.003582353	-0.003582353	-0.003582353	-0.003582353	-0.003582353	-0.027723029	-0.027723029	-0.027723029	-0.027723029	-0.027723029	-0.020489116	-0.020489116	-0.020489116	-0.020489116	-0.020489116	-0.006756757	-0.006756757	-0.006756757	-0.006756757	-0.006756757	-0.004065041	-0.004065041	-0.004065041	-0.004065041	-0.004065041	-0.004065041	-0.004065041	-0.004065041	-0.004065041	-0.004065041	-0.004065041	-0.004065041	-0.004065041	-0.000421348	-0.000421348	-0.000421348	-0.000421348	-0.000421348	-0.000555556	-0.000555556	-0.000555556	-0.000555556	-0.000555556	-0.000869565	-0.000869565	-0.000869565	-0.000869565	-0.000869565	-0.000847458	-0.000847458	-0.000847458	-0.000847458	-0.000847458	-0.000689655	-0.000689655	-0.000689655	-0.000689655	-0.000689655
802404	-0.003582353	-0.003582353	-0.003582353	-0.003582353	-0.003582353	-0.027723029	-0.027723029	-0.027723029	-0.027723029	-0.027723029	-0.020489116	-0.020489116	-0.020489116	-0.020489116	-0.020489116	-0.006756757	-0.006756757	-0.006756757	-0.006756757	-0.006756757	-0.004065041	-0.004065041	-0.004065041	-0.004065041	-0.004065041	-0.004065041	-0.004065041	-0.004065041	-0.004065041	-0.004065041	-0.004065041	-0.004065041	-0.004065041	-0.000421348	-0.000421348	-0.000421348	-0.000421348	-0.000421348	-0.000555556	-0.000555556	-0.000555556	-0.000555556	-0.000555556	-0.000869565	-0.000869565	-0.000869565	-0.000869565	-0.000869565	-0.000847458	-0.000847458	-0.000847458	-0.000847458	-0.000847458	-0.000689655	-0.000689655	-0.000689655	-0.000689655	-0.000689655
803520	-0.003582353	-0.003582353	-0.003582353	-0.003582353	-0.003582353	-0.027723029	-0.027723029	-0.027723029	-0.027723029	-0.027723029	-0.020489116	-0.020489116	-0.020489116	-0.020489116	-0.020489116	-0.006756757	-0.006756757	-0.006756757	-0.006756757	-0.006756757	-0.004065041	-0.004065041	-0.004065041	-0.004065041	-0.004065041	-0.004065041	-0.004065041	-0.004065041	-0.004065041	-0.004065041	-0.004065041	-0.004065041	-0.004065041	-0.000421348	-0.000421348	-0.000421348	-0.000421348	-0.000421348	-0.000555556	-0.000555556	-0.000555556	-0.000555556	-0.000555556	-0.000869565	-0.000869565	-0.000869565	-0.000869565	-0.000869565	-0.000847458	-0.000847458	-0.000847458	-0.000847458	-0.000847458	-0.000689655	-0.000689655	-0.000689655	-0.000689655	-0.000689655
804636	-0.003582353	-0.003582353	-0.003582353	-0.003582353	-0.003582353	-0.027723029	-0.027723029	-0.027723029	-0.027723029	-0.027723029	-0.020489116	-0.020489116	-0.020489116	-0.020489116	-0.020489116	-0.006756757	-0.006756757	-0.006756757	-0.006756757	-0.006756757	-0.004065041	-0.004065041	-0.004065041	-0.004065041	-0.004065041	-0.004065041	-0.004065041	-0.004065041	-0.004065041	-0.004065041	-0.004065041	-0.004065041	-0.004065041	-0.000421348	-0.000421348	-0.000421348	-0.000421348	-0.000421348	-0.000555556	-0.000555556	-0.000555556	-0.000555556	-0.000555556	-0.000869565	-0.000869565	-0.000869565	-0.000869565	-0.000869565	-0.000847458	-0.000847458	-0.000847458	-0.000847458	-0.000847458	-0.000689655	-0.000689655	-0.000689655	-0.000689655	-0.000689655
805752	-0.003582353	-0.003582353	-0.003582353	-0.003582353	-0.003582353	-0.027723029	-0.027723029	-0.027723029	-0.027723029	-0.027723029	-0.020489116	-0.020489116	-0.020489116	-0.020489116	-0.020489116	-0.006756757	-0.006756757	-0.006756757	-0.006756757	-0.006756757	-0.004065041	-0.004065041	-0.004065041	-0.004065041	-0.004065041	-0.004065041	-0.004065041	-0.004065041	-0.004065041	-0.004065041	-0.004065041	-0.004065041	-0.004065041	-0.000421348	-0.000421348	-0.000421348	-0.000421348	-0.000421348	-0.000555556	-0.000555556	-0.000555556	-0.000555556	-0.000555556	-0.000869565	-0.000869565	-0.000869565	-0.000869565	-0.000869565	-0.000847458	-0.000847458	-0.000847458	-0.000847458	-0.000847458	-0.000689655	-0.000689655	-0.000689655	-0.000689655	-0.000689655
806868	-0.003582353	-0.003582353	-0.003582353	-0.003582353	-0.003582353	-0.027723029	-0.027723029	-0.027723029	-0.027723029	-0.027723029	-0.020489116	-0.020489116	-0.020489116	-0.020489116	-0.020489116	-0.006756757	-0.006756757	-0.006756757	-0.006756757	-0.006756757	-0.004065041	-0.004065041	-0.004065041	-0.004065041	-0.004065041	-0.004065041	-0.004065041	-0.004065041	-0.004065041	-0.004065041	-0.004065041	-0.004065041	-0.004065041	-0.000421348	-0.000421348	-0.000421348	-0.000421348	-0.000421348	-0.000555556	-0.000555556	-0.000555556	-0.000555556	-0.000555556	-0.000869565	-0.000869565	-0.000869565	-0.000869565	-0.000869565	-0.000847458	-0.000847458	-0.000847458	-0.000847458	-0.000847458	-0.000689655	-0.000689655	-0.000689655	-0.000689655	-0.000689655
807984	-0.003582353	-0.003582353	-0.003582353	-0.003582353	-0.003582353	-0.027723029	-0.027723029	-0.027723029	-0.027723029	-0.027723029	-0.020489116	-0.020489116	-0.020489116	-0.020489116	-0.020489116	-0.006756757	-0.006756757	-0.006756757	-0.006756757	-0.006756757	-0.004065041	-0.004065041	-0.004065041	-0.004065041	-0.004065041	-0.004065041	-0.004065041	-0.004065041	-0.004065041	-0.004065041	-0.004065041	-0.004065041	-0.004065041	-0.000421348	-0.000421348	-0.000421348	-0.000421348	-0.000421348	-0.000555556	-0.000555556	-0.000555556	-0.000555556	-0.000555556	-0.000869565	-0.000869565	-0.000869565	-0.000869565	-0.000869565	-0.000847458	-0.000847458	-0.000847458	-0.000847458	-0.000847458	-0.000689655	-0.000689655	-0.000689655	-0.000689655	-0.000689655
809100	-0.003582353	-0.003582353	-0.003582353	-0.003582353	-0.003582353	-0.027723029	-0.027723029	-0.027723029	-0.027723029	-0.027723029	-0.020489116	-0.020489116	-0.020489116	-0.020489116	-0.020489116	-0.006756757	-0.006756757	-0.006756757	-0.006756757	-0.006756757	-0.004065041	-0.004065041	-0.004065041	-0.004065041	-0.004065041	-0.004065041	-0.004065041	-0.004065041	-0.004065041	-0.004065041	-0.004065041	-0.004065041	-0.004065041	-0.000421348	-0.000421348	-0.000421348	-0.000421348	-0.000421348	-0.000555556	-0.000555556	-0.000555556	-0.000555556	-0.000555556	-0.000869565	-0.000869565	-0.000869565	-0.000869565	-0.000869565	-0.000847458	-0.000847458	-0.000847458	-0.000847458	-0.000847458	-0.000689655	-0.000689655	-0.000689655	-0.000689655	-0.000689655
810216	-0.003582353	-0.003582353	-0.003582353	-0.003582353	-0.003582353	-0.027723029	-0.027723029	-0.027723029	-0.027723029	-0.027723029	-0.020489116	-0.020489116	-0.020489116	-0.020489116	-0.020489116	-0.006756757	-0.006756757	-0.006756757	-0.006756757	-0.006756757	-0.004065041	-0.004065041	-0.004065041	-0.004065041	-0.004065041	-0.004065041	-0.004065041	-0.004065041	-0.004065041	-0.004065041	-0.004065041	-0.004065041	-0.004065041	-0.000421348	-0.000421348	-0.000421348	-0.000421348	-0.000421348	-0.000555556	-0.000555556	-0.000555556	-0.000555556	-0.000555556	-0.000869565	-0.000869565	-0.000869565	-0.000869565	-0.000869565	-0.000847458	-0.000847458	-0.000847458	-0.000847458	-0.000847458	-0.000689655	-0.000689655	-0.000689655	-0.000689655	-0.000689655
811332	-0.003582353	-0.003582353	-0.003582353	-0.003582353	-0.003582353	-0.027723029	-0.027723029	-0.027723029	-0.027723029	-0.027723029	-0.020489116	-0.020489116	-0.020489116	-0.020489116	-0.020489116	-0.006756757	-0.006756757	-0.006756757	-0.006756757	-0.006756757	-0.004065041	-0.004065041	-0.004065041	-0.004065041	-0.004065041	-0.004065041	-0.004065041	-0.004065041	-0.004065041	-0.004065041	-0.004065041	-0.004065041	-0.004065041	-0.000421348	-0.000421348	-0.000421348	-0.000421348	-0.000421348	-0.000555556	-0.000555556	-0.000555556	-0.000555556	-0.000555556	-0.000869565	-0.000869565	-0.000869565	-0.000869565	-0.000869565	-0.000847458	-0.000847458	-0.000847458	-0.000847458	-0.000847458	-0.000689655	-0.000689655	-0.000689655	-0.000689655	-0.000689655
812448	-0.003582353	-0.003582353	-0.003582353	-0.003582353	-0.003582353	-0.027723029	-0.027723029	-0.027723029	-0.027723029	-0.027723029	-0.020489116	-0.020489116	-0.020489116	-0.020489116	-0.020489116	-0.006756757	-0.006756757	-0.006756757	-0.006756757	-0.006756757	-0.004065041	-0.004065041	-0.004065041	-0.004065041	-0.004065041	-0.004065041	-0.004065041	-0.004065041	-0.004065041	-0.004065041	-0.004065041	-0.004065041	-0.004065041	-0.000421348	-0.000421348	-0.000421348	-0.000421348	-0.000421348	-0.000555556	-0.000555556	-0.000555556	-0.000555556	-0.000555556	-0.000869565	-0.000869565	-0.000869565	-0.000869565	-0.000869565	-0.000847458	-0.000847458	-0.000847458	-0.000847458	-0.000847458	-0.000689655	-0.000689655	-0.000689655	-0.000689655	-0.000689655
813564	-0.003582353	-0.003582353	-0.003582353	-0.003582353	-0.003582353	-0.027723029	-0.027723029	-0.027723029	-0.027723029	-0.027723029	-0.020489116	-0.020489116	-0.020489116	-0.020489116	-0.020489116	-0.006756757	-0.006756757	-0.006756757	-0.006756757	-0.006756757	-0.004065041	-0.004065041	-0.004065041	-0.004065041	-0.004065041	-0.004065041	-0.004065041	-0.004065041	-0.004065041	-0.004065041	-0.004065041	-0.004065041	-0.004065041	-0.000421348	-0.000421348	-0.000421348	-0.000421348	-0.000421348	-0.000555556	-0.000555556	-0.000555556	-0.000555556	-0.000555556	-0.000869565	-0.000869565	-0.000869565	-0.000869565	-0.000869565	-0.000847458	-0.000847458	-0.000847458	-0.000847458	-0.000847458	-0.000689655	-0.000689655	-0.000689655	-0.000689655	-0.000689655
814680	-0.003582353	-0.003582353	-0.003582353	-0.003582353	-0.003582353	-0.027723029	-0.027723029	-0.027723029	-0.027723029	-0.027723029	-0.020489116	-0.020489116	-0.020489116	-0.020489116	-0.020489116	-0.006756757	-0.006756757	-0.006756757	-0.006756757	-0.006756757	-0.004065041	-0.004065041	-0.004065041	-0.004065041	-0.004065041	-0.004065041	-0.004065041	-0.004065041	-0.004065041	-0.004065041	-0.004065041	-0.004065041	-0.004065041	-0.000421348	-0.000421348	-0.000421348	-0.000421348	-0.000421348	-0.000555556	-0.000555556	-0.000555556	-0.000555556	-0.000555556	-0.000869565	-0.000869565	-0.000869565	-0.000869565	-0.000869565	-0.000847458	-0.000847458	-0.000847458	-0.000847458	-0.000847458	-0.000689655	-0.000689655	-0.000689655	-0.000689655	-0.000689655
815796	-0.003582353	-0.003582353	-0.003582353	-0.003582353	-0.003582353	-0.027723029	-0.027723029	-0.027723029	-0.027723029	-0.027723029	-0.020489116	-0.020489116	-0.020489116	-0.020489116	-0.020489116	-0.006756757	-0.006756757	-0.006756757	-0.006756757	-0.006756757	-0.004065041	-0.004065041	-0.004065041	-0.004065041	-0.004065041	-0.004065041	-0.004065041	-0.004065041	-0.004065041	-0.004065041	-0.004065041	-0.004065041	-0.004065041	-0.000421348	-0.000421348	-0.000421348	-0.000421348	-0.000421348	-0.000555556	-0.000555556	-0.000555556	-0.000555556	-0.000555556	-0.000869565	-0.000869565	-0.000869565	-0.000869565	-0.000869565	-0.000847458	-0.000847458	-0.000847458	-0.000847458	-0.000847458	-0.000689655	-0.000689655	-0.000689655	-0.000689655	-0.000689655
816912	-0.003582353	-0.003582353	-0.003582353	-0.003582353	-0.003582353	-0.027723029	-0.027723029	-0.027723029	-0.027723029	-0.027723029	-0.020489116	-0.020489116	-0.020489116	-0.020489116	-0.020489116	-0.006756757	-0.006756757	-0.006756757	-0.006756757	-0.006756757	-0.004065041	-0.004065041	-0.004065041	-0.004065041	-0.004065041	-0.004065041	-0.004065041	-0.004065041	-0.004065041	-0.004065041	-0.004065041	-0.004065041	-0.004065041	-0.000421348	-0.000421348	-0.000421348	-0.000421348	-0.000421348	-0.000555556	-0.000555556	-0.000555556	-0.000555556	-0.000555556	-0.000869565	-0.000869565	-0.000869565	-0.000869565	-0.000869565	-0.000847458	-0.000847458	-0.000847458	-0.000847458	-0.000847458	-0.000689655	-0.000689655	-0.000689655	-0.000689655	-0.000689655
818028	-0.003582353	-0.003582353	-0.003582353	-0.003582353	-0.003582353	-0.027723029	-0.027723029	-0.027723029	-0.027723029	-0.027723029	-0.020489116	-0.020489116	-0.020489116	-0.020489116	-0.020489116	-0.006756757	-0.006756757	-0.006756757	-0.006756757	-0.006756757	-0.004065041	-0.004065041	-0.004065041	-0.004065041	-0.004065041	-0.004065041	-0.004065041	-0.004065041	-0.004065041	-0.004065041	-0.004065041	-0.004065041	-0.004065041	-0.000421348	-0.000421348	-0.000421348	-0.000421348	-0.000421348	-0.000555556	-0.000555556	-0.000555556	-0.000555556	-0.000555556	-0.000869565	-0.000869565	-0.000869565	-0.000869565	-0.000869565	-0.000847458	-0.000847458	-0.000847458	-0.000847458	-0.000847458	-0.000689655	-0.000689655	-0.000689655	-0.000689655	-0.000689655
819144	-0.003582353	-0.003582353	-0.003582353	-0.003582353	-0.003582353	-0.027723029	-0.027723029	-0.027723029	-0.027723029	-0.027723029	-0.020489116	-0.020489116	-0.020489116	-0.020489116	-0.020489116	-0.006756757	-0.006756757	-0.006756757	-0.006756757	-0.006756757	-0.004065041	-0.004065041	-0.004065041	-0.004065041	-0.004065041	-0.004065041	-0.004065041	-0.004065041	-0.004065041	-0.004065041	-0.004065041	-0.004065041	-0.004065041	-0.000421348	-0.000421348	-0.000421348	-0.000421348	-0.000421348	-0.000555556	-0.000555556	-0.000555556	-0.000555556	-0.000555556	-0.000869565	-0.000869565	-0.000869565	-0.000869565	-0.000869565	-0.000847458	-0.000847458	-0.000847458	-0.000847458	-0.000847458	-0.000689655	-0.000689655	-0.000689655	-0.000689655	-0.000689655
820260	-0.003582353	-0.003582353	-0.003582353	-0.003582353	-0.003582353	-0.027723029	-0.027723029	-0.027723029	-0.027723029	-0.027723029	-0.020489116	-0.020489116	-0.020489116	-0.020489116	-0.020489116	-0.006756757	-0.006756757	-0.006756757	-0.006756757	-0.006756757	-0.004065041	-0.004065041	-0.004065041	-0.004065041	-0.004065041	-0.004065041	-0.004065041	-0.004065041	-0.004065041	-0.004065041	-0.004065041	-0.004065041	-0.004065041	-0.000421348	-0.000421348	-0.000421348	-0.000421348	-0.000421348	-0.000555556	-0.000555556	-0.000555556	-0.000555556	-0.000555556	-0.000869565	-0.000869565	-0.000869565	-0.000869565	-0.000869565	-0.000847458	-0.000847458	-0.000847458	-0.000847458	-0.000847458	-0.000689655	-0.000689655	-0.000689655	-0.000689655	-0.000689655
821376	-0.003582353	-0.003582353	-0.003582353	-0.003582353	-0.003582353	-0.027723029	-0.027723029	-0.027723029	-0.027723029	-0.027723029	-0.020489116	-0.020489116	-0.020489116	-0.020489116	-0.020489116	-0.006756757	-0.006756757	-0.006756757	-0.006756757	-0.006756757	-0.004065041	-0.004065041	-0.004065041	-0.004065041	-0.004065041	-0.004065041	-0.004065041	-0.004065041	-0.004065041	-0.004065041	-0.004065041	-0.004065041	-0.004065041	-0.000421348	-0.000421348	-0.000421348	-0.000421348	-0.000421348	-0.000555556	-0.000555556	-0.000555556	-0.000555556	-0.000555556	-0.000869565	-0.000869565	-0.000869565	-0.000869565	-0.000869565	-0.000847458	-0.000847458	-0.000847458	-0.000847458	-0.000847458	-0.000689655	-0.000689655	-0.000689655	-0.000689655	-0.000689655
822492	-0.003582353	-0.003582353	-0.003582353	-0.003582353	-0.003582353	-0.027723029	-0.027723029	-0.027723029	-0.027723029	-0.027723029	-0.020489116	-0.020489116	-0.020489116	-0.020489116	-0.020489116	-0.006756757	-0.006756757	-0.006756757	-0.006756757	-0.006756757	-0.004065041	-0.004065041	-0.004065041	-0.004065041	-0.004065041	-0.004065041	-0.004065041	-0.004065041	-0.004065041	-0.004065041	-0.004065041	-0.004065041	-0.004065041	-0.000421348	-0.000421348	-0.000421348	-0.000421348	-0.000421348	-0.000555556	-0.000555556	-0.000555556	-0.000555556	-0.000555556	-0.000869565	-0.000869565	-0.000869565	-0.000869565	-0.000869565	-0.000847458	-0.000847458	-0.000847458	-0.000847458	-0.000847458	-0.000689655	-0.000689655	-0.000689655	-0.000689655	-0.000689655
823608	-0.003582353	-0.003582353	-0.003582353	-0.003582353	-0.003582353	-0.027723029	-0.027723029	-0.027723029	-0.027723029	-0.027723029	-0.020489116	-0.020489116	-0.020489116	-0.020489116	-0.020489116	-0.006756757	-0.006756757	-0.006756757	-0.006756757	-0.006756757	-0.004065041	-0.004065041	-0.004065041	-0.004065041	-0.004065041	-0.004065041	-0.004065041	-0.004065041	-0.004065041	-0.004065041	-0.004065041	-0.004065041	-0.004065041	-0.000421348	-0.000421348	-0.000421348	-0.000421348	-0.000421348	-0.000555556	-0.000555556	-0.000555556	-0.000555556	-0.000555556	-0.000869565	-0.000869565	-0.000869565	-0.000869565	-0.000869565	-0.000847458	-0.000847458	-0.000847458	-0.000847458	-0.000847458	-0.000689655	-0.000689655	-0.000689655	-0.000689655	-0.000689655
824724	-0.003582353	-0.003582353	-0.003582353	-0.003582353	-0.003582353	-0.027723029	-0.027723029	-0.027723029	-0.027723029	-0.027723029	-0.020489116	-0.020489116	-0.020489116	-0.020489116	-0.020489116	-0.006756757	-0.006756757	-0.006756757	-0.006756757	-0.006756757	-0.004065041	-0.004065041	-0.004065041	-0.004065041	-0.004065041	-0.004065041	-0.004065041	-0.004065041	-0.004065041	-0.004065041	-0.004065041	-0.004065041	-0.004065041	-0.000421348	-0.000421348	-0.000421348	-0.000421348	-0.000421348	-0.000555556	-0.000555556	-0.000555556	-0.000555556	-0.000555556	-0.000869565	-0.000869565	-0.000869565	-0.000869565	-0.000869565	-0.000847458	-0.000847458	-0.000847458	-0.000847458	-0.000847458	-0.000689655	-0.000689655	-0.000689655	-0.000689655	-0.000689655
825840	-0.003582353	-0.003582353	-0.003582353	-0.003582353	-0.003582353	-0.027723029	-0.027723029	-0.027723029	-0.027723029	-0.027723029	-0.020489116	-0.020489116	-0.020489116	-0.020489116	-0.020489116	-0.006756757	-0.006756757	-0.006756757	-0.006756757	-0.006756757	-0.004065041	-0.004065041	-0.004065041	-0.004065041	-0.004065041	-0.004065041	-0.004065041	-0.004065041	-0.004065041	-0.004065041	-0.004065041	-0.004065041	-0.004065041	-0.000421348	-0.000421348	-0.000421348	-0.000421348	-0.000421348	-0.000555556	-0.000555556	-0.000555556	-0.000555556	-0.000555556	-0.000869565	-0.000869565	-0.000869565	-0.000869565	-0.000869565	-0.000847458	-0.000847458	-0.000847458	-0.000847458	-0.000847458	-0.000689655	-0.000689655	-0.000689655	-0.000689655	-0.000689655
826956	-0.003582353	-0.003582353	-0.003582353	-0.003582353	-0.003582353	-0.027723029	-0.027723029	-0.027723029	-0.027723029	-0.027723029	-0.020489116	-0.020489116	-0.020489116	-0.020489116	-0.020489116	-0.006756757	-0.006756757	-0.006756757	-0.006756757	-0.006756757	-0.004065041	-0.004065041	-0.004065041	-0.004065041	-0.004065041	-0.004065041	-0.004065041	-0.004065041	-0.004065041	-0.004065041	-0.004065041	-0.004065041	-0.004065041	-0.000421348	-0.000421348	-0.000421348	-0.000421348	-0.000421348	-0.000555556	-0.000555556	-0.000555556	-0.000555556	-0.000555556	-0.000869565	-0.000869565	-0.000869565	-0.000869565	-0.000869565	-0.000847458	-0.000847458	-0.000847458	-0.000847458	-0.000847458	-0.000689655	-0.000689655	-0.000689655	-0.000689655	-0.000689655
828072	-0.003582353	-0.003582353	-0.003582353	-0.003582353	-0.003582353	-0.027723029	-0.027723029	-0.027723029	-0.027723029	-0.027723029	-0.020489116	-0.020489116	-0.020489116	-0.020489116	-0.020489116	-0.006756757	-0.006756757	-0.006756757	-0.006756757	-0.006756757	-0.004065041	-0.004065041	-0.004065041	-0.004065041	-0.004065041	-0.004065041	-0.004065041	-0.004065041	-0.004065041	-0.004065041	-0.004065041	-0.004065041	-0.004065041	-0.000421348	-0.000421348	-0.000421348	-0.000421348	-0.000421348	-0.000555556	-0.000555556	-0.000555556	-0.000555556	-0.000555556	-0.000869565	-0.000869565	-0.000869565	-0.000869565	-0.000869565	-0.000847458	-0.000847458	-0.000847458	-0.000847458	-0.000847458	-0.000689655	-0.000689655	-0.000689655	-0.000689655	-0.000689655
829188	-0.003582353	-0.003582353	-0.003582353	-0.003582353	-0.003582353	-0.027723029	-0.027723029	-0.027723029	-0.027723029	-0.027723029	-0.020489116	-0.020489116	-0.020489116	-0.020489116	-0.020489116	-0.006756757	-0.006756757	-0.006756757	-0.006756757	-0.006756757	-0.004065041	-0.004065041	-0.004065041	-0.004065041	-0.004065041	-0.004065041	-0.004065041	-0.004065041	-0.004065041	-0.004065041	-0.004065041	-0.004065041	-0.004065041	-0.000421348	-0.000421348	-0.000421348	-0.000421348	-0.000421348	-0.000555556	-0.000555556	-0.000555556	-0.000555556	-0.000555556	-0.000869565	-0.000869565	-0.000869565	-0.000869565	-0.000869565	-0.000847458	-0.000847458	-0.000847458	-0.000847458	-0.000847458	-0.000689655	-0.000689655	-0.000689655	-0.000689655	-0.000689655
830304	-0.003582353	-0.003582353	-0.003582353	-0.003582353	-0.003582353	-0.027723029	-0.027723029	-0.027723029	-0.027723029	-0.027723029	-0.020489116	-0.020489116	-0.020489116	-0.020489116	-0.020489116	-0.006756757	-0.006756757	-0.006756757	-0.006756757	-0.006756757	-0.004065041	-0.004065041	-0.004065041	-0.004065041	-0.004065041	-0.004065041	-0.004065041	-0.004065041	-0.004065041	-0.004065041	-0.004065041	-0.004065041	-0.004065041	-0.000421348	-0.000421348	-0.000421348	-0.000421348	-0.000421348	-0.000555556	-0.000555556	-0.000555556	-0.000555556	-0.000555556	-0.000869565	-0.000869565	-0.000869565	-0.000869565	-0.000869565	-0.000847458	-0.000847458	-0.000847458	-0.000847458	-0.000847458	-0.000689655	-0.000689655	-0.000689655	-0.000689655	-0.000689655
831420	-0.003582353	-0.003582353	-0.003582353	-0.003582353	-0.003582353	-0.027723029	-0.027723029	-0.027723029	-0.027723029	-0.027723029	-0.020489116	-0.020489116	-0.020489116	-0.020489116	-0.020489116	-0.006756757	-0.006756757	-0.006756757	-0.006756757	-0.006756757	-0.004065041	-0.004065041	-0.004065041	-0.004065041	-0.004065041	-0.004065041	-0.004065041	-0.004065041	-0.004065041	-0.004065041	-0.004065041	-0.004065041	-0.004065041	-0.000421348	-0.000421348	-0.000421348	-0.000421348	-0.000421348	-0.000555556	-0.000555556	-0.000555556	-0.000555556	-0.000555556	-0.000869565	-0.000869565	-0.000869565	-0.000869565	-0.000869565	-0.000847458	-0.000847458	-0.000847458	-0.000847458	-0.000847458	-0.000689655	-0.000689655	-0.000689655	-0.000689655	-0.000689655
832536	-0.003582353	-0.003582353	-0.003582353	-0.003582353	-0.003582353	-0.027723029	-0.027723029	-0.027723029	-0.027723029	-0.027723029	-0.020489116	-0.020489116	-0.020489116	-0.020489116	-0.020489116	-0.006756757	-0.006756757	-0.006756757	-0.006756757	-0.006756757	-0.004065041	-0.004065041	-0.004065041	-0.004065041	-0.004065041	-0.004065041	-0.004065041	-0.004065041	-0.004065041	-0.004065041	-0.004065041	-0.004065041	-0.004065041	-0.000421348	-0.000421348	-0.000421348	-0.000421348	-0.000421348	-0.000555556	-0.000555556	-0.000555556	-0.000555556	-0.000555556	-0.000869565	-0.000869565	-0.000869565	-0.000869565	-0.000869565	-0.000847458	-0.000847458	-0.000847458	-0.000847458	-0.000847458	-0.000689655	-0.000689655	-0.000689655	-0.000689655	-0.000689655
833652	-0.003582353	-0.003582353	-0.003582353	-0.003582353	-0.003582353	-0.027723029	-0.027723029	-0.027723029	-0.027723029	-0.027723029	-0.020489116	-0.020489116	-0.020489116	-0.020489116	-0.020489116	-0.006756757	-0.006756757	-0.006756757	-0.006756757	-0.006756757	-0.004065041	-0.004065041	-0.004065041	-0.004065041	-0.004065041	-0.004065041	-0.004065041	-0.004065041	-0.004065041	-0.004065041	-0.004065041	-0.004065041	-0.004065041	-0.000421348	-0.000421348	-0.000421348	-0.000421348	-0.000421348	-0.000555556	-0.000555556	-0.000555556	-0.000555556	-0.000555556	-0.000869565	-0.000869565	-0.000869565	-0.000869565	-0.000869565	-0.000847458	-0.000847458	-0.000847458	-0.000847458	-0.000847458	-0.000689655	-0.000689655	-0.000689655	-0.000689655	-0.000689655
834768	-0.003582353	-0.003582353	-0.003582353	-0.003582353	-0.003582353	-0.027723029	-0.027723029	-0.027723029	-0.027723029	-0.027723029	-0.020489116	-0.020489116	-0.020489116	-0.020489116	-0.020489116	-0.006756757	-0.006756757	-0.006756757	-0.006756757	-0.006756757	-0.004065041	-0.004065041	-0.004065041	-0.004065041	-0.004065041	-0.004065041	-0.004065041	-0.004065041	-0.004065041	-0.004065041	-0.004065041	-0.004065041	-0.004065041	-0.000421348	-0.000421348	-0.000421348	-0.000421348	-0.000421348	-0.000555556	-0.000555556	-0.000555556	-0.000555556	-0.000555556	-0.000869565	-0.000869565	-0.000869565	-0.000869565	-0.000869565	-0.000847458	-0.000847458	-0.000847458	-0.000847458	-0.000847458	-0.000689655	-0.000689655	-0.000689655	-0.000689655	-0.000689655
835884	-0.003582353	-0.003582353	-0.003582353	-0.003582353	-0.003582353	-0.027723029	-0.027723029	-0.027723029	-0.027723029	-0.027723029	-0.020489116	-0.020489116	-0.020489116	-0.020489116	-0.020489116	-0.006756757	-0.006756757	-0.006756757	-0.006756757	-0.006756757	-0.004065041	-0.004065041	-0.004065041	-0.004065041	-0.004065041	-0.004065041	-0.004065041	-0.004065041	-0.004065041	-0.004065041	-0.004065041	-0.004065041	-0.004065041	-0.000421348	-0.000421348	-0.000421348	-0.000421348	-0.000421348	-0.000555556	-0.000555556	-0.000555556	-0.000555556	-0.000555556	-0.000869565	-0.000869565	-0.000869565	-0.000869565	-0.000869565	-0.000847458	-0.000847458	-0.000847458	-0.000847458	-0.000847458	-0.000689655	-0.000689655	-0.000689655	-0.000689655	-0.000689655
837000	-0.003582353	-0.003582353	-0.003582353	-0.003582353	-0.003582353	-0.027723029	-0.027723029	-0.027723029	-0.027723029	-0.027723029	-0.020489116	-0.020489116	-0.020489116	-0.020489116	-0.020489116	-0.006756757	-0.006756757	-0.006756757	-0.006756757	-0.006756757	-0.004065041	-0.004065041	-0.004065041	-0.004065041	-0.004065041	-0.004065041	-0.004065041	-0.004065041	-0.004065041	-0.004065041	-0.004065041	-0.004065041	-0.004065041	-0.000421348	-0.000421348	-0.000421348	-0.000421348	-0.000421348	-0.000555556	-0.000555556	-0.000555556	-0.000555556	-0.000555556	-0.000869565	-0.000869565	-0.000869565	-0.000869565	-0.000869565	-0.000847458	-0.000847458	-0.000847458	-0.000847458	-0.000847458	-0.000689655	-0.000689655	-0.000689655	-0.000689655	-0.000689655
838116	-0.003582353	-0.003582353	-0.003582353	-0.003582353	-0.003582353	-0.027723029	-0.027723029	-0.027723029	-0.027723029	-0.027723029	-0.020489116	-0.020489116	-0.020489116	-0.020489116	-0.020489116	-0.006756757	-0.006756757	-0.006756757	-0.006756757	-0.006756757	-0.004065041	-0.004065041	-0.004065041	-0.004065041	-0.004065041	-0.004065041	-0.004065041	-0.004065041	-0.004065041	-0.004065041	-0.004065041	-0.004065041	-0.004065041	-0.000421348	-0.000421348	-0.000421348	-0.000421348	-0.000421348	-0.000555556	-0.000555556	-0.000555556	-0.000555556	-0.000555556	-0.000869565	-0.000869565	-0.000869565	-0.000869565	-0.000869565	-0.000847458	-0.000847458	-0.000847458	-0.000847458	-0.000847458	-0.000689655	-0.000689655	-0.000689655	-0.000689655	-0.000689655
839232	-0.003582353	-0.003582353	-0.003582353	-0.003582353	-0.003582353	-0.027723029	-0.027723029	-0.027723029	-0.027723029	-0.027723029	-0.020489116	-0.020489116	-0.020489116	-0.020489116	-0.020489116	-0.006756757	-0.006756757	-0.006756757	-0.006756757	-0.006756757	-0.004065041	-0.004065041	-0.004065041	-0.004065041	-0.004065041	-0.004065041	-0.004065041	-0.004065041	-0.004065041	-0.004065041	-0.004065041	-0.004065041	-0.004065041	-0.000421348	-0.000421348	-0.000421348	-0.000421348	-0.000421348	-0.000555556	-0.000555556	-0.000555556	-0.000555556	-0.000555556	-0.000869565	-0.000869565	-0.000869565	-0.000869565	-0.000869565	-0.000847458	-0.000847458	-0.000847458	-0.000847458	-0.000847458	-0.000689655	-0.000689655	-0.000689655	-0.000689655	-0.000689655
840348	-0.003582353	-0.003582353	-0.003582353	-0.003582353	-0.003582353	-0.027723029	-0.027723029	-0.027723029	-0.027723029	-0.027723029	-0.020489116	-0.020489116	-0.020489116	-0.020489116	-0.020489116	-0.006756757	-0.006756757	-0.006756757	-0.006756757	-0.006756757	-0.004065041	-0.004065041	-0.004065041	-0.004065041	-0.004065041	-0.004065041	-0.004065041	-0.004065041	-0.004065041	-0.004065041	-0.004065041	-0.004065041	-0.004065041	-0.000421348	-0.000421348	-0.000421348	-0.000421348	-0.000421348	-0.000555556	-0.000555556	-0.000555556	-0.000555556	-0.000555556	-0.000869565	-0.000869565	-0.000869565	-0.000869565	-0.000869565	-0.000847458	-0.000847458	-0.000847458	-0.000847458	-0.000847458	-0.000689655	-0.000689655	-0.000689655	-0.000689655	-0.000689655
841464	-0.003582353	-0.003582353	-0.003582353	-0.003582353	-0.003582353	-0.027723029	-0.027723029	-0.027723029	-0.027723029	-0.027723029	-0.020489116	-0.020489116	-0.020489116	-0.020489116	-0.020489116	-0.006756757	-0.006756757	-0.006756757	-0.006756757	-0.006756757	-0.004065041	-0.004065041	-0.004065041	-0.004065041	-0.004065041	-0.004065041	-0.004065041	-0.004065041	-0.004065041	-0.004065041	-0.004065041	-0.004065041	-0.004065041	-0.000421348	-0.000421348	-0.000421348	-0.000421348	-0.000421348	-0.000555556	-0.000555556	-0.000555556	-0.000555556	-0.000555556	-0.000869565	-0.000869565	-0.000869565	-0.000869565	-0.000869565	-0.000847458	-0.000847458	-0.000847458	-0.000847458	-0.000847458	-0.000689655	-0.000689655	-0.000689655	-0.000689655	-0.000689655
842580	-0.003582353	-0.003582353	-0.003582353	-0.003582353	-0.003582353	-0.027723029	-0.027723029	-0.027723029	-0.027723029	-0.027723029	-0.020489116	-0.020489116	-0.020489116	-0.020489116	-0.020489116	-0.006756757	-0.006756757	-0.006756757	-0.006756757	-0.006756757	-0.004065041	-0.004065041	-0.004065041	-0.004065041	-0.004065041	-0.004065041	-0.004065041	-0.004065041	-0.004065041	-0.004065041	-0.004065041	-0.004065041	-0.004065041	-0.000421348	-0.000421348	-0.000421348	-0.000421348	-0.000421348	-0.000555556	-0.000555556	-0.000555556	-0.000555556	-0.000555556	-0.000869565	-0.000869565	-0.000869565	-0.000869565	-0.000869565	-0.000847458	-0.000847458	-0.000847458	-0.000847458	-0.000847458	-0.000689655	-0.000689655	-0.000689655	-0.000689655	-0.000689655
843696	-0.003582353	-0.003582353	-0.003582353	-0.003582353	-0.003582353	-0.027723029	-0.027723029	-0.027723029	-0.027723029	-0.027723029	-0.020489116	-0.020489116	-0.020489116	-0.020489116	-0.020489116	-0.006756757	-0.006756757	-0.006756757	-0.006756757	-0.006756757	-0.004065041	-0.004065041	-0.004065041	-0.004065041	-0.004065041	-0.004065041	-0.004065041	-0.004065041	-0.004065041	-0.004065041	-0.004065041	-0.004065041	-0.004065041	-0.000421348	-0.000421348	-0.000421348	-0.000421348	-0.000421348	-0.000555556	-0.000555556	-0.000555556	-0.000555556	-0.000555556	-0.000869565	-0.000869565	-0.000869565	-0.000869565	-0.000869565	-0.000847458	-0.000847458	-0.000847458	-0.000847458	-0.000847458	-0.000689655	-0.000689655	-0.000689655	-0.000689655	-0.000689655
844812	-0.003582353	-0.003582353	-0.003582353	-0.003582353	-0.003582353	-0.027723029	-0.027723029	-0.027723029	-0.027723029	-0.027723029	-0.020489116	-0.020489116	-0.020489116	-0.020489116	-0.020489116	-0.006756757	-0.006756757	-0.006756757	-0.006756757	-0.006756757	-0.004065041	-0.004065041	-0.004065041	-0.004065041	-0.004065041	-0.004065041	-0.004065041	-0.004065041	-0.004065041	-0.004065041	-0.004065041	-0.004065041	-0.004065041	-0.000421348	-0.000421348	-0.000421348	-0.000421348	-0.000421348	-0.000555556	-0.000555556	-0.000555556	-0.000555556	-0.000555556	-0.000869565	-0.000869565	-0.000869565	-0.000869565	-0.000869565	-0.000847458	-0.000847458	-0.000847458	-0.000847458	-0.000847458	-0.000689655	-0.000689655	-0.000689655	-0.000689655	-0.000689655
845928	-0.003582353	-0.003582353	-0.003582353	-0.003582353	-0.003582353	-0.027723029	-0.027723029	-0.027723029	-0.027723029	-0.027723029	-0.020489116	-0.020489116	-0.020489116	-0.020489116	-0.020489116	-0.006756757	-0.006756757	-0.006756757	-0.006756757	-0.006756757	-0.004065041	-0.004065041	-0.004065041	-0.004065041	-0.004065041	-0.004065041	-0.004065041	-0.004065041	-0.004065041	-0.004065041	-0.004065041	-0.004065041	-0.004065041	-0.000421348	-0.000421348	-0.000421348	-0.000421348	-0.000421348	-0.000555556	-0.000555556	-0.000555556	-0.000555556	-0.000555556	-0.000869565	-0.000869565	-0.000869565	-0.000869565	-0.000869565	-0.000847458	-0.000847458	-0.000847458	-0.000847458	-0.000847458	-0.000689655	-0.000689655	-0.000689655	-0.000689655	-0.000689655
847044	-0.003582353	-0.003582353	-0.003582353	-0.003582353	-0.003582353	-0.027723029	-0.027723029	-0.027723029	-0.027723029	-0.027723029	-0.020489116	-0.020489116	-0.020489116	-0.020489116	-0.020489116	-0.006756757	-0.006756757	-0.006756757	-0.006756757	-0.006756757	-0.004065041	-0.004065041	-0.004065041	-0.004065041	-0.004065041	-0.004065041	-0.004065041	-0.004065041	-0.004065041	-0.004065041	-0.004065041	-0.004065041	-0.004065041	-0.000421348	-0.000421348	-0.000421348	-0.000421348	-0.000421348	-0.000555556	-0.000555556	-0.000555556	-0.000555556	-0.000555556	-0.000869565	-0.000869565	-0.000869565	-0.000869565	-0.000869565	-0.000847458	-0.000847458	-0.000847458	-0.000847458	-0.000847458	-0.000689655	-0.000689655	-0.000689655	-0.000689655	-0.000689655
848160	-0.003582353	-0.003582353	-0.003582353	-0.003582353	-0.003582353	-0.027723029	-0.027723029	-0.027723029	-0.027723029	-0.027723029	-0.020489116	-0.020489116	-0.020489116	-0.020489116	-0.020489116	-0.006756757	-0.006756757	-0.006756757	-0.006756757	-0.006756757	-0.004065041	-0.004065041	-0.004065041	-0.004065041	-0.004065041	-0.004065041	-0.004065041	-0.004065041	-0.004065041	-0.004065041	-0.004065041	-0.004065041	-0.004065041	-0.000421348	-0.000421348	-0.000421348	-0.000421348	-0.000421348	-0.000555556	-0.000555556	-0.000555556	-0.000555556	-0.000555556	-0.000869565	-0.000869565	-0.000869565	-0.000869565	-0.000869565	-0.000847458	-0.000847458	-0.000847458	-0.000847458	-0.000847458	-0.000689655	-0.000689655	-0.000689655	-0.000689655	-0.000689655
849276	-0.003582353	-0.003582353	-0.003582353	-0.003582353	-0.003582353	-0.027723029	-0.027723029	-0.027723029	-0.027723029	-0.027723029	-0.020489116	-0.020489116	-0.020489116	-0.020489116	-0.020489116	-0.006756757	-0.006756757	-0.006756757	-0.006756757	-0.006756757	-0.004065041	-0.004065041	-0.004065041	-0.004065041	-0.004065041	-0.004065041	-0.004065041	-0.004065041	-0.004065041	-0.004065041	-0.004065041	-0.004065041	-0.004065041	-0.000421348	-0.000421348	-0.000421348	-0.000421348	-0.000421348	-0.000555556	-0.000555556	-0.000555556	-0.000555556	-0.000555556	-0.000869565	-0.000869565	-0.000869565	-0.000869565	-0.000869565	-0.000847458	-0.000847458	-0.000847458	-0.000847458	-0.000847458	-0.000689655	-0.000689655	-0.000689655	-0.000689655	-0.000689655
850392	-0.003582353	-0.003582353	-0.003582353	-0.003582353	-0.003582353	-0.027723029	-0.027723029	-0.027723029	-0.027723029	-0.027723029	-0.020489116	-0.020489116	-0.020489116	-0.020489116	-0.020489116	-0.006756757	-0.006756757	-0.006756757	-0.006756757	-0.006756757	-0.004065041	-0.004065041	-0.004065041	-0.004065041	-0.004065041	-0.004065041	-0.004065041	-0.004065041	-0.004065041	-0.004065041	-0.004065041	-0.004065041	-0.004065041	-0.000421348	-0.000421348	-0.000421348	-0.000421348	-0.000421348	-0.000555556	-0.000555556	-0.000555556	-0.000555556	-0.000555556	-0.000869565	-0.000869565	-0.000869565	-0.000869565	-0.000869565	-0.000847458	-0.000847458	-0.000847458	-0.000847458	-0.000847458	-0.000689655	-0.000689655	-0.000689655	-0.000689655	-0.000689655
851508	-0.003582353	-0.003582353	-0.003582353	-0.003582353	-0.003582353	-0.027723029	-0.027723029	-0.027723029	-0.027723029	-0.027723029	-0.020489116	-0.020489116	-0.020489116	-0.020489116	-0.020489116	-0.006756757	-0.006756757	-0.006756757	-0.006756757	-0.006756757	-0.004065041	-0.004065041	-0.004065041	-0.004065041	-0.004065041	-0.004065041	-0.004065041	-0.004065041	-0.004065041	-0.004065041	-0.004065041	-0.004065041	-0.004065041	-0.000421348	-0.000421348	-0.000421348	-0.000421348	-0.000421348	-0.000555556	-0.000555556	-0.000555556	-0.000555556	-0.000555556	-0.000869565	-0.000869565	-0.000869565	-0.000869565	-0.000869565	-0.000847458	-0.000847458	-0.000847458	-0.000847458	-0.000847458	-0.000689655	-0.000689655	-0.000689655	-0.000689655	-0.000689655
852624	-0.003582353	-0.003582353	-0.003582353	-0.003582353	-0.003582353	-0.027723029	-0.027723029	-0.027723029	-0.027723029	-0.027723029	-0.020489116	-0.020489116	-0.020489116	-0.020489116	-0.020489116	-0.006756757	-0.006756757	-0.006756757	-0.006756757	-0.006756757	-0.004065041	-0.004065041	-0.004065041	-0.004065041	-0.004065041	-0.004065041	-0.004065041	-0.004065041	-0.004065041	-0.004065041	-0.004065041	-0.004065041	-0.004065041	-0.000421348	-0.000421348	-0.000421348	-0.000421348	-0.000421348	-0.000555556	-0.000555556	-0.000555556	-0.000555556	-0.000555556	-0.000869565	-0.000869565	-0.000869565	-0.000869565	-0.000869565	-0.000847458	-0.000847458	-0.000847458	-0.000847458	-0.000847458	-0.000689655	-0.000689655	-0.000689655	-0.000689655	-0.000689655
853740	-0.003582353	-0.003582353	-0.003582353	-0.003582353	-0.003582353	-0.027723029	-0.027723029	-0.027723029	-0.027723029	-0.027723029	-0.020489116	-0.020489116	-0.020489116	-0.020489116	-0.020489116	-0.006756757	-0.006756757	-0.006756757	-0.006756757	-0.006756757	-0.004065041	-0.004065041	-0.004065041	-0.004065041	-0.004065041	-0.004065041	-0.004065041	-0.004065041	-0.004065041	-0.004065041	-0.004065041	-0.004065041	-0.004065041	-0.000421348	-0.000421348	-0.000421348	-0.000421348	-0.000421348	-0.000555556	-0.000555556	-0.000555556	-0.000555556	-0.000555556	-0.000869565	-0.000869565	-0.000869565	-0.000869565	-0.000869565	-0.000847458	-0.000847458	-0.000847458	-0.000847458	-0.000847458	-0.000689655	-0.000689655	-0.000689655	-0.000689655	-0.000689655
854856	-0.003582353	-0.003582353	-0.003582353	-0.003582353	-0.003582353	-0.027723029	-0.027723029	-0.027723029	-0.027723029	-0.027723029	-0.020489116	-0.020489116	-0.020489116	-0.020489116	-0.020489116	-0.006756757	-0.006756757	-0.006756757	-0.006756757	-0.006756757	-0.004065041	-0.004065041	-0.004065041	-0.004065041	-0.004065041	-0.004065041	-0.004065041	-0.004065041	-0.004065041	-0.004065041	-0.004065041	-0.004065041	-0.004065041	-0.000421348	-0.000421348	-0.000421348	-0.000421348	-0.000421348	-0.000555556	-0.000555556	-0.000555556	-0.000555556	-0.000555556	-0.000869565	-0.000869565	-0.000869565	-0.000869565	-0.000869565	-0.000847458	-0.000847458	-0.000847458	-0.000847458	-0.000847458	-0.000689655	-0.000689655	-0.000689655	-0.000689655	-0.000689655
855972	-0.003582353	-0.003582353	-0.003582353	-0.003582353	-0.003582353	-0.027723029	-0.027723029	-0.027723029	-0.027723029	-0.027723029	-0.020489116	-0.020489116	-0.020489116	-0.020489116	-0.020489116	-0.006756757	-0.006756757	-0.006756757	-0.006756757	-0.006756757	-0.004065041	-0.004065041	-0.004065041	-0.004065041	-0.004065041	-0.004065041	-0.004065041	-0.004065041	-0.004065041	-0.004065041	-0.004065041	-0.004065041	-0.004065041	-0.000421348	-0.000421348	-0.000421348	-0.000421348	-0.000421348	-0.000555556	-0.000555556	-0.000555556	-0.000555556	-0.000555556	-0.000869565	-0.000869565	-0.000869565	-0.000869565	-0.000869565	-0.000847458	-0.000847458	-0.000847458	-0.000847458	-0.000847458	-0.000689655	-0.000689655	-0.000689655	-0.000689655	-0.000689655
857088	-0.003582353	-0.003582353	-0.003582353	-0.003582353	-0.003582353	-0.027723029	-0.027723029	-0.027723029	-0.027723029	-0.027723029	-0.020489116	-0.020489116	-0.020489116	-0.020489116	-0.020489116	-0.006756757	-0.006756757	-0.006756757	-0.006756757	-0.006756757	-0.004065041	-0.004065041	-0.004065041	-0.004065041	-0.004065041	-0.004065041	-0.004065041	-0.004065041	-0.004065041	-0.004065041	-0.004065041	-0.004065041	-0.004065041	-0.000421348	-0.000421348	-0.000421348	-0.000421348	-0.000421348	-0.000555556	-0.000555556	-0.000555556	-0.000555556	-0.000555556	-0.000869565	-0.000869565	-0.000869565	-0.000869565	-0.000869565	-0.000847458	-0.000847458	-0.000847458	-0.000847458	-0.000847458	-0.000689655	-0.000689655	-0.000689655	-0.000689655	-0.000689655
858204	-0.003582353	-0.003582353	-0.003582353	-0.003582353	-0.003582353	-0.027723029	-0.027723029	-0.027723029	-0.027723029	-0.027723029	-0.020489116	-0.020489116	-0.020489116	-0.020489116	-0.020489116	-0.006756757	-0.006756757	-0.006756757	-0.006756757	-0.006756757	-0.004065041	-0.004065041	-0.004065041	-0.004065041	-0.004065041	-0.004065041	-0.004065041	-0.004065041	-0.004065041	-0.004065041	-0.004065041	-0.004065041	-0.004065041	-0.000421348	-0.000421348	-0.000421348	-0.000421348	-0.000421348	-0.000555556	-0.000555556	-0.000555556	-0.000555556	-0.000555556	-0.000869565	-0.000869565	-0.000869565	-0.000869565	-0.000869565	-0.000847458	-0.000847458	-0.000847458	-0.000847458	-0.000847458	-0.000689655	-0.000689655	-0.000689655	-0.000689655	-0.000689655
859320	-0.003582353	-0.003582353	-0.003582353	-0.003582353	-0.003582353	-0.027723029	-0.027723029	-0.027723029	-0.027723029	-0.027723029	-0.020489116	-0.020489116	-0.020489116	-0.020489116	-0.020489116	-0.006756757	-0.006756757	-0.006756757	-0.006756757	-0.006756757	-0.004065041	-0.004065041	-0.004065041	-0.004065041	-0.004065041	-0.004065041	-0.004065041	-0.004065041	-0.004065041	-0.004065041	-0.004065041	-0.004065041	-0.004065041	-0.000421348	-0.000421348	-0.000421348	-0.000421348	-0.000421348	-0.000555556	-0.000555556	-0.000555556	-0.000555556	-0.000555556	-0.000869565	-0.000869565	-0.000869565	-0.000869565	-0.000869565	-0.000847458	-0.000847458	-0.000847458	-0.000847458	-0.000847458	-0.000689655	-0.000689655	-0.000689655	-0.000689655	-0.000689655
860436	-0.003582353	-0.003582353	-0.003582353	-0.003582353	-0.003582353	-0.027723029	-0.027723029	-0.027723029	-0.027723029	-0.027723029	-0.020489116	-0.020489116	-0.020489116	-0.020489116	-0.020489116	-0.006756757	-0.006756757	-0.006756757	-0.006756757	-0.006756757	-0.004065041	-0.004065041	-0.004065041	-0.004065041	-0.004065041	-0.004065041	-0.004065041	-0.004065041	-0.004065041	-0.004065041	-0.004065041	-0.004065041	-0.004065041	-0.000421348	-0.000421348	-0.000421348	-0.000421348	-0.000421348	-0.000555556	-0.000555556	-0.000555556	-0.000555556	-0.000555556	-0.000869565	-0.000869565	-0.000869565	-0.000869565	-0.000869565	-0.000847458	-0.000847458	-0.000847458	-0.000847458	-0.000847458	-0.000689655	-0.000689655	-0.000689655	-0.000689655	-0.000689655
861552	-0.003582353	-0.003582353	-0.003582353	-0.003582353	-0.003582353	-0.027723029	-0.027723029	-0.027723029	-0.027723029	-0.027723029	-0.020489116	-0.020489116	-0.020489116	-0.020489116	-0.020489116	-0.006756757	-0.006756757	-0.006756757	-0.006756757	-0.006756757	-0.004065041	-0.004065041	-0.004065041	-0.004065041	-0.004065041	-0.004065041	-0.004065041	-0.004065041	-0.004065041	-0.004065041	-0.004065041	-0.004065041	-0.004065041	-0.000421348	-0.000421348	-0.000421348	-0.000421348	-0.000421348	-0.000555556	-0.000555556	-0.000555556	-0.000555556	-0.000555556	-0.000869565	-0.000869565	-0.000869565	-0.000869565	-0.000869565	-0.000847458	-0.000847458	-0.000847458	-0.000847458	-0.000847458	-0.000689655	-0.000689655	-0.000689655	-0.000689655	-0.000689655
862668	-0.003582353	-0.003582353	-0.003582353	-0.003582353	-0.003582353	-0.027723029	-0.027723029	-0.027723029	-0.027723029	-0.027723029	-0.020489116	-0.020489116	-0.020489116	-0.020489116	-0.020489116	-0.006756757	-0.006756757	-0.006756757	-0.006756757	-0.006756757	-0.004065041	-0.004065041	-0.004065041	-0.004065041	-0.004065041	-0.004065041	-0.004065041	-0.004065041	-0.004065041	-0.004065041	-0.004065041	-0.004065041	-0.004065041	-0.000421348	-0.000421348	-0.000421348	-0.000421348	-0.000421348	-0.000555556	-0.000555556	-0.000555556	-0.000555556	-0.000555556	-0.000869565	-0.000869565	-0.000869565	-0.000869565	-0.000869565	-0.000847458	-0.000847458	-0.000847458	-0.000847458	-0.000847458	-0.000689655	-0.000689655	-0.000689655	-0.000689655	-0.000689655
863784	-0.003582353	-0.003582353	-0.003582353	-0.003582353	-0.003582353	-0.027723029	-0.027723029	-0.027723029	-0.027723029	-0.027723029	-0.020489116	-0.020489116	-0.020489116	-0.020489116	-0.020489116	-0.006756757	-0.006756757	-0.006756757	-0.006756757	-0.006756757	-0.004065041	-0.004065041	-0.004065041	-0.004065041	-0.004065041	-0.004065041	-0.004065041	-0.004065041	-0.004065041	-0.004065041	-0.004065041	-0.004065041	-0.004065041	-0.000421348	-0.000421348	-0.000421348	-0.000421348	-0.000421348	-0.000555556	-0.000555556	-0.000555556	-0.000555556	-0.000555556	-0.000869565	-0.000869565	-0.000869565	-0.000869565	-0.000869565	-0.000847458	-0.000847458	-0.000847458	-0.000847458	-0.000847458	-0.000689655	-0.000689655	-0.000689655	-0.000689655	-0.000689655
864900	-0.003582353	-0.003582353	-0.003582353	-0.003582353	-0.003582353	-0.027723029	-0.027723029	-0.027723029	-0.027723029	-0.027723029	-0.020489116	-0.020489116	-0.020489116	-0.020489116	-0.020489116	-0.006756757	-0.006756757	-0.006756757	-0.006756757	-0.006756757	-0.004065041	-0.004065041	-0.004065041	-0.004065041	-0.004065041	-0.004065041	-0.004065041	-0.004065041	-0.004065041	-0.004065041	-0.004065041	-0.004065041	-0.004065041	-0.000421348	-0.000421348	-0.000421348	-0.000421348	-0.000421348	-0.000555556	-0.000555556	-0.000555556	-0.000555556	-0.000555556	-0.000869565	-0.000869565	-0.000869565	-0.000869565	-0.000869565	-0.000847458	-0.000847458	-0.000847458	-0.000847458	-0.000847458	-0.000689655	-0.000689655	-0.000689655	-0.000689655	-0.000689655
866016	-0.003582353	-0.003582353	-0.003582353	-0.003582353	-0.003582353	-0.027723029	-0.027723029	-0.027723029	-0.027723029	-0.027723029	-0.020489116	-0.020489116	-0.020489116	-0.020489116	-0.020489116	-0.006756757	-0.006756757	-0.006756757	-0.006756757	-0.006756757	-0.004065041	-0.004065041	-0.004065041	-0.004065041	-0.004065041	-0.004065041	-0.004065041	-0.004065041	-0.004065041	-0.004065041	-0.004065041	-0.004065041	-0.004065041	-0.000421348	-0.000421348	-0.000421348	-0.000421348	-0.000421348	-0.000555556	-0.000555556	-0.000555556	-0.000555556	-0.000555556	-0.000869565	-0.000869565	-0.000869565	-0.000869565	-0.000869565	-0.000847458	-0.000847458	-0.000847458	-0.000847458	-0.000847458	-0.000689655	-0.000689655	-0.000689655	-0.000689655	-0.000689655
867132	-0.003582353	-0.003582353	-0.003582353	-0.003582353	-0.003582353	-0.027723029	-0.027723029	-0.027723029	-0.027723029	-0.027723029	-0.020489116	-0.020489116	-0.020489116	-0.020489116	-0.020489116	-0.006756757	-0.006756757	-0.006756757	-0.006756757	-0.006756757	-0.004065041	-0.004065041	-0.004065041	-0.004065041	-0.004065041	-0.004065041	-0.004065041	-0.004065041	-0.004065041	-0.004065041	-0.004065041	-0.004065041	-0.004065041	-0.000421348	-0.000421348	-0.000421348	-0.000421348	-0.000421348	-0.000555556	-0.000555556	-0.000555556	-0.000555556	-0.000555556	-0.000869565	-0.000869565	-0.000869565	-0.000869565	-0.000869565	-0.000847458	-0.000847458	-0.000847458	-0.000847458	-0.000847458	-0.000689655	-0.000689655	-0.000689655	-0.000689655	-0.000689655
868248	-0.003582353	-0.003582353	-0.003582353	-0.003582353	-0.003582353	-0.027723029	-0.027723029	-0.027723029	-0.027723029	-0.027723029	-0.020489116	-0.020489116	-0.020489116	-0.020489116	-0.020489116	-0.006756757	-0.006756757	-0.006756757	-0.006756757	-0.006756757	-0.004065041	-0.004065041	-0.004065041	-0.004065041	-0.004065041	-0.004065041	-0.004065041	-0.004065041	-0.004065041	-0.004065041	-0.004065041	-0.004065041	-0.004065041	-0.000421348	-0.000421348	-0.000421348	-0.000421348	-0.000421348	-0.000555556	-0.000555556	-0.000555556	-0.000555556	-0.000555556	-0.000869565	-0.000869565	-0.000869565	-0.000869565	-0.000869565	-0.000847458	-0.000847458	-0.000847458	-0.000847458	-0.000847458	-0.000689655	-0.000689655	-0.000689655	-0.000689655	-0.000689655
869364	-0.003582353	-0.003582353	-0.003582353	-0.003582353	-0.003582353	-0.027723029	-0.027723029	-0.027723029	-0.027723029	-0.027723029	-0.020489116	-0.020489116	-0.020489116	-0.020489116	-0.020489116	-0.006756757	-0.006756757	-0.006756757	-0.006756757	-0.006756757	-0.004065041	-0.004065041	-0.004065041	-0.004065041	-0.004065041	-0.004065041	-0.004065041	-0.004065041	-0.004065041	-0.004065041	-0.004065041	-0.004065041	-0.004065041	-0.000421348	-0.000421348	-0.000421348	-0.000421348	-0.000421348	-0.000555556	-0.000555556	-0.000555556	-0.000555556	-0.000555556	-0.000869565	-0.000869565	-0.000869565	-0.000869565	-0.000869565	-0.000847458	-0.000847458	-0.000847458	-0.000847458	-0.000847458	-0.000689655	-0.000689655	-0.000689655	-0.000689655	-0.000689655
870480	-0.003582353	-0.003582353	-0.003582353	-0.003582353	-0.003582353	-0.027723029	-0.027723029	-0.027723029	-0.027723029	-0.027723029	-0.020489116	-0.020489116	-0.020489116	-0.020489116	-0.020489116	-0.006756757	-0.006756757	-0.006756757	-0.006756757	-0.006756757	-0.004065041	-0.004065041	-0.004065041	-0.004065041	-0.004065041	-0.004065041	-0.004065041	-0.004065041	-0.004065041	-0.004065041	-0.004065041	-0.004065041	-0.004065041	-0.000421348	-0.000421348	-0.000421348	-0.000421348	-0.000421348	-0.000555556	-0.000555556	-0.000555556	-0.000555556	-0.000555556	-0.000869565	-0.000869565	-0.000869565	-0.000869565	-0.000869565	-0.000847458	-0.000847458	-0.000847458	-0.000847458	-0.000847458	-0.000689655	-0.000689655	-0.000689655	-0.000689655	-0.000689655
871596	-0.003582353	-0.003582353	-0.003582353	-0.003582353	-0.003582353	-0.027723029	-0.027723029	-0.027723029	-0.027723029	-0.027723029	-0.020489116	-0.020489116	-0.020489116	-0.020489116	-0.020489116	-0.006756757	-0.006756757	-0.006756757	-0.006756757	-0.006756757	-0.004065041	-0.004065041	-0.004065041	-0.004065041	-0.004065041	-0.004065041	-0.004065041	-0.004065041	-0.004065041	-0.004065041	-0.004065041	-0.004065041	-0.004065041	-0.000421348	-0.000421348	-0.000421348	-0.000421348	-0.000421348	-0.000555556	-0.000555556	-0.000555556	-0.000555556	-0.000555556	-0.000869565	-0.000869565	-0.000869565	-0.000869565	-0.000869565	-0.000847458	-0.000847458	-0.000847458	-0.000847458	-0.000847458	-0.000689655	-0.000689655	-0.000689655	-0.000689655	-0.000689655
872712	-0.003582353	-0.003582353	-0.003582353	-0.003582353	-0.003582353	-0.027723029	-0.027723029	-0.027723029	-0.027723029	-0.027723029	-0.020489116	-0.020489116	-0.020489116	-0.020489116	-0.020489116	-0.006756757	-0.006756757	-0.006756757	-0.006756757	-0.006756757	-0.004065041	-0.004065041	-0.004065041	-0.004065041	-0.004065041	-0.004065041	-0.004065041	-0.004065041	-0.004065041	-0.004065041	-0.004065041	-0.004065041	-0.004065041	-0.000421348	-0.000421348	-0.000421348	-0.000421348	-0.000421348	-0.000555556	-0.000555556	-0.000555556	-0.000555556	-0.000555556	-0.000869565	-0.000869565	-0.000869565	-0.000869565	-0.000869565	-0.000847458	-0.000847458	-0.000847458	-0.000847458	-0.000847458	-0.000689655	-0.000689655	-0.000689655	-0.000689655	-0.000689655
873828	-0.003582353	-0.003582353	-0.003582353	-0.003582353	-0.003582353	-0.027723029	-0.027723029	-0.027723029	-0.027723029	-0.027723029	-0.020489116	-0.020489116	-0.020489116	-0.020489116	-0.020489116	-0.006756757	-0.006756757	-0.006756757	-0.006756757	-0.006756757	-0.004065041	-0.004065041	-0.004065041	-0.004065041	-0.004065041	-0.004065041	-0.004065041	-0.004065041	-0.004065041	-0.004065041	-0.004065041	-0.004065041	-0.004065041	-0.000421348	-0.000421348	-0.000421348	-0.000421348	-0.000421348	-0.000555556	-0.000555556	-0.000555556	-0.000555556	-0.000555556	-0.000869565	-0.000869565	-0.000869565	-0.000869565	-0.000869565	-0.000847458	-0.000847458	-0.000847458	-0.000847458	-0.000847458	-0.000689655	-0.000689655	-0.000689655	-0.000689655	-0.000689655
874944	-0.003582353	-0.003582353	-0.003582353	-0.003582353	-0.003582353	-0.027723029	-0.027723029	-0.027723029	-0.027723029	-0.027723029	-0.020489116	-0.020489116	-0.020489116	-0.020489116	-0.020489116	-0.006756757	-0.006756757	-0.006756757	-0.006756757	-0.006756757	-0.004065041	-0.004065041	-0.004065041	-0.004065041	-0.004065041	-0.004065041	-0.004065041	-0.004065041	-0.004065041	-0.004065041	-0.004065041	-0.004065041	-0.004065041	-0.000421348	-0.000421348	-0.000421348	-0.000421348	-0.000421348	-0.000555556	-0.000555556	-0.000555556	-0.000555556	-0.000555556	-0.000869565	-0.000869565	-0.000869565	-0.000869565	-0.000869565	-0.000847458	-0.000847458	-0.000847458	-0.000847458	-0.000847458	-0.000689655	-0.000689655	-0.000689655	-0.000689655	-0.000689655
876060	-0.003582353	-0.003582353	-0.003582353	-0.003582353	-0.003582353	-0.027723029	-0.027723029	-0.027723029	-0.027723029	-0.027723029	-0.020489116	-0.020489116	-0.020489116	-0.020489116	-0.020489116	-0.006756757	-0.006756757	-0.006756757	-0.006756757	-0.006756757	-0.004065041	-0.004065041	-0.004065041	-0.004065041	-0.004065041	-0.004065041	-0.004065041	-0.004065041	-0.004065041	-0.004065041	-0.004065041	-0.004065041	-0.004065041	-0.000421348	-0.000421348	-0.000421348	-0.000421348	-0.000421348	-0.000555556	-0.000555556	-0.000555556	-0.000555556	-0.000555556	-0.000869565	-0.000869565	-0.000869565	-0.000869565	-0.000869565	-0.000847458	-0.000847458	-0.000847458	-0.000847458	-0.000847458	-0.000689655	-0.000689655	-0.000689655	-0.000689655	-0.000689655
877176	-0.003582353	-0.003582353	-0.003582353	-0.003582353	-0.003582353	-0.027723029	-0.027723029	-0.027723029	-0.027723029	-0.027723029	-0.020489116	-0.020489116	-0.020489116	-0.020489116	-0.020489116	-0.006756757	-0.006756757	-0.006756757	-0.006756757	-0.006756757	-0.004065041	-0.004065041	-0.004065041	-0.004065041	-0.004065041	-0.004065041	-0.004065041	-0.004065041	-0.004065041	-0.004065041	-0.004065041	-0.004065041	-0.004065041	-0.000421348	-0.000421348	-0.000421348	-0.000421348	-0.000421348	-0.000555556	-0.000555556	-0.000555556	-0.000555556	-0.000555556	-0.000869565	-0.000869565	-0.000869565	-0.000869565	-0.000869565	-0.000847458	-0.000847458	-0.000847458	-0.000847458	-0.000847458	-0.000689655	-0.000689655	-0.000689655	-0.000689655	-0.000689655
878292	-0.003582353	-0.003582353	-0.003582353	-0.003582353	-0.003582353	-0.027723029	-0.027723029	-0.027723029	-0.027723029	-0.027723029	-0.020489116	-0.020489116	-0.020489116	-0.020489116	-0.020489116	-0.006756757	-0.006756757	-0.006756757	-0.006756757	-0.006756757	-0.004065041	-0.004065041	-0.004065041	-0.004065041	-0.004065041	-0.004065041	-0.004065041	-0.004065041	-0.004065041	-0.004065041	-0.004065041	-0.004065041	-0.004065041	-0.000421348	-0.000421348	-0.000421348	-0.000421348	-0.000421348	-0.000555556	-0.000555556	-0.000555556	-0.000555556	-0.000555556	-0.000869565	-0.000869565	-0.000869565	-0.000869565	-0.000869565	-0.000847458	-0.000847458	-0.000847458	-0.000847458	-0.000847458	-0.000689655	-0.000689655	-0.000689655	-0.000689655	-0.000689655
879408	-0.003582353	-0.003582353	-0.003582353	-0.003582353	-0.003582353	-0.027723029	-0.027723029	-0.027723029	-0.027723029	-0.027723029	-0.020489116	-0.020489116	-0.020489116	-0.020489116	-0.020489116	-0.006756757	-0.006756757	-0.006756757	-0.006756757	-0.006756757	-0.004065041	-0.004065041	-0.004065041	-0.004065041	-0.004065041	-0.004065041	-0.004065041	-0.004065041	-0.004065041	-0.004065041	-0.004065041	-0.004065041	-0.004065041	-0.000421348	-0.000421348	-0.000421348	-0.000421348	-0.000421348	-0.000555556	-0.000555556	-0.000555556	-0.000555556	-0.000555556	-0.000869565	-0.000869565	-0.000869565	-0.000869565	-0.000869565	-0.000847458	-0.000847458	-0.000847458	-0.000847458	-0.000847458	-0.000689655	-0.000689655	-0.000689655	-0.000689655	-0.000689655
880524	-0.003582353	-0.003582353	-0.003582353	-0.003582353	-0.003582353	-0.027723029	-0.027723029	-0.027723029	-0.027723029	-0.027723029	-0.020489116	-0.020489116	-0.020489116	-0.020489116	-0.020489116	-0.006756757	-0.006756757	-0.006756757	-0.006756757	-0.006756757	-0.004065041	-0.004065041	-0.004065041	-0.004065041	-0.004065041	-0.004065041	-0.004065041	-0.004065041	-0.004065041	-0.004065041	-0.004065041	-0.004065041	-0.004065041	-0.000421348	-0.000421348	-0.000421348	-0.000421348	-0.000421348	-0.000555556	-0.000555556	-0.000555556	-0.000555556	-0.000555556	-0.000869565	-0.000869565	-0.000869565	-0.000869565	-0.000869565	-0.000847458	-0.000847458	-0.000847458	-0.000847458	-0.000847458	-0.000689655	-0.000689655	-0.000689655	-0.000689655	-0.000689655
881640	-0.003582353	-0.003582353	-0.003582353	-0.003582353	-0.003582353	-0.027723029	-0.027723029	-0.027723029	-0.027723029	-0.027723029	-0.020489116	-0.020489116	-0.020489116	-0.020489116	-0.020489116	-0.006756757	-0.006756757	-0.006756757	-0.006756757	-0.006756757	-0.004065041	-0.004065041	-0.004065041	-0.004065041	-0.004065041	-0.004065041	-0.004065041	-0.004065041	-0.004065041	-0.004065041	-0.004065041	-0.004065041	-0.004065041	-0.000421348	-0.000421348	-0.000421348	-0.000421348	-0.000421348	-0.000555556	-0.000555556	-0.000555556	-0.000555556	-0.000555556	-0.000869565	-0.000869565	-0.000869565	-0.000869565	-0.000869565	-0.000847458	-0.000847458	-0.000847458	-0.000847458	-0.000847458	-0.000689655	-0.000689655	-0.000689655	-0.000689655	-0.000689655
882756	-0.003582353	-0.003582353	-0.003582353	-0.003582353	-0.003582353	-0.027723029	-0.027723029	-0.027723029	-0.027723029	-0.027723029	-0.020489116	-0.020489116	-0.020489116	-0.020489116	-0.020489116	-0.006756757	-0.006756757	-0.006756757	-0.006756757	-0.006756757	-0.004065041	-0.004065041	-0.004065041	-0.004065041	-0.004065041	-0.004065041	-0.004065041	-0.004065041	-0.004065041	-0.004065041	-0.004065041	-0.004065041	-0.004065041	-0.000421348	-0.000421348	-0.000421348	-0.000421348	-0.000421348	-0.000555556	-0.000555556	-0.000555556	-0.000555556	-0.000555556	-0.000869565	-0.000869565	-0.000869565	-0.000869565	-0.000869565	-0.000847458	-0.000847458	-0.000847458	-0.000847458	-0.000847458	-0.000689655	-0.000689655	-0.000689655	-0.000689655	-0.000689655
883872	-0.003582353	-0.003582353	-0.003582353	-0.003582353	-0.003582353	-0.027723029	-0.027723029	-0.027723029	-0.027723029	-0.027723029	-0.020489116	-0.020489116	-0.020489116	-0.020489116	-0.020489116	-0.006756757	-0.006756757	-0.006756757	-0.006756757	-0.006756757	-0.004065041	-0.004065041	-0.004065041	-0.004065041	-0.004065041	-0.004065041	-0.004065041	-0.004065041	-0.004065041	-0.004065041	-0.004065041	-0.004065041	-0.004065041	-0.000421348	-0.000421348	-0.000421348	-0.000421348	-0.000421348	-0.000555556	-0.000555556	-0.000555556	-0.000555556	-0.000555556	-0.000869565	-0.000869565	-0.000869565	-0.000869565	-0.000869565	-0.000847458	-0.000847458	-0.000847458	-0.000847458	-0.000847458	-0.000689655	-0.000689655	-0.000689655	-0.000689655	-0.000689655
884988	-0.003582353	-0.003582353	-0.003582353	-0.003582353	-0.003582353	-0.027723029	-0.027723029	-0.027723029	-0.027723029	-0.027723029	-0.020489116	-0.020489116	-0.020489116	-0.020489116	-0.020489116	-0.006756757	-0.006756757	-0.006756757	-0.006756757	-0.006756757	-0.004065041	-0.004065041	-0.004065041	-0.004065041	-0.004065041	-0.004065041	-0.004065041	-0.004065041	-0.004065041	-0.004065041	-0.004065041	-0.004065041	-0.004065041	-0.000421348	-0.000421348	-0.000421348	-0.000421348	-0.000421348	-0.000555556	-0.000555556	-0.000555556	-0.000555556	-0.000555556	-0.000869565	-0.000869565	-0.000869565	-0.000869565	-0.000869565	-0.000847458	-0.000847458	-0.000847458	-0.000847458	-0.000847458	-0.000689655	-0.000689655	-0.000689655	-0.000689655	-0.000689655
886104	-0.003582353	-0.003582353	-0.003582353	-0.003582353	-0.003582353	-0.027723029	-0.027723029	-0.027723029	-0.027723029	-0.027723029	-0.020489116	-0.020489116	-0.020489116	-0.020489116	-0.020489116	-0.006756757	-0.006756757	-0.006756757	-0.006756757	-0.006756757	-0.004065041	-0.004065041	-0.004065041	-0.004065041	-0.004065041	-0.004065041	-0.004065041	-0.004065041	-0.004065041	-0.004065041	-0.004065041	-0.004065041	-0.004065041	-0.000421348	-0.000421348	-0.000421348	-0.000421348	-0.000421348	-0.000555556	-0.000555556	-0.000555556	-0.000555556	-0.000555556	-0.000869565	-0.000869565	-0.000869565	-0.000869565	-0.000869565	-0.000847458	-0.000847458	-0.000847458	-0.000847458	-0.000847458	-0.000689655	-0.000689655	-0.000689655	-0.000689655	-0.000689655
887220	-0.003582353	-0.003582353	-0.003582353	-0.003582353	-0.003582353	-0.027723029	-0.027723029	-0.027723029	-0.027723029	-0.027723029	-0.020489116	-0.020489116	-0.020489116	-0.020489116	-0.020489116	-0.006756757	-0.006756757	-0.006756757	-0.006756757	-0.006756757	-0.004065041	-0.004065041	-0.004065041	-0.004065041	-0.004065041	-0.004065041	-0.004065041	-0.004065041	-0.004065041	-0.004065041	-0.004065041	-0.004065041	-0.004065041	-0.000421348	-0.000421348	-0.000421348	-0.000421348	-0.000421348	-0.000555556	-0.000555556	-0.000555556	-0.000555556	-0.000555556	-0.000869565	-0.000869565	-0.000869565	-0.000869565	-0.000869565	-0.000847458	-0.000847458	-0.000847458	-0.000847458	-0.000847458	-0.000689655	-0.000689655	-0.000689655	-0.000689655	-0.000689655
888336	-0.003582353	-0.003582353	-0.003582353	-0.003582353	-0.003582353	-0.027723029	-0.027723029	-0.027723029	-0.027723029	-0.027723029	-0.020489116	-0.020489116	-0.020489116	-0.020489116	-0.020489116	-0.006756757	-0.006756757	-0.006756757	-0.006756757	-0.006756757	-0.004065041	-0.004065041	-0.004065041	-0.004065041	-0.004065041	-0.004065041	-0.004065041	-0.004065041	-0.004065041	-0.004065041	-0.004065041	-0.004065041	-0.004065041	-0.000421348	-0.000421348	-0.000421348	-0.000421348	-0.000421348	-0.000555556	-0.000555556	-0.000555556	-0.000555556	-0.000555556	-0.000869565	-0.000869565	-0.000869565	-0.000869565	-0.000869565	-0.000847458	-0.000847458	-0.000847458	-0.000847458	-0.000847458	-0.000689655	-0.000689655	-0.000689655	-0.000689655	-0.000689655
889452	-0.003582353	-0.003582353	-0.003582353	-0.003582353	-0.003582353	-0.027723029	-0.027723029	-0.027723029	-0.027723029	-0.027723029	-0.020489116	-0.020489116	-0.020489116	-0.020489116	-0.020489116	-0.006756757	-0.006756757	-0.006756757	-0.006756757	-0.006756757	-0.004065041	-0.004065041	-0.004065041	-0.004065041	-0.004065041	-0.004065041	-0.004065041	-0.004065041	-0.004065041	-0.004065041	-0.004065041	-0.004065041	-0.004065041	-0.000421348	-0.000421348	-0.000421348	-0.000421348	-0.000421348	-0.000555556	-0.000555556	-0.000555556	-0.000555556	-0.000555556	-0.000869565	-0.000869565	-0.000869565	-0.000869565	-0.000869565	-0.000847458	-0.000847458	-0.000847458	-0.000847458	-0.000847458	-0.000689655	-0.000689655	-0.000689655	-0.000689655	-0.000689655
890568	-0.003582353	-0.003582353	-0.003582353	-0.003582353	-0.003582353	-0.027723029	-0.027723029	-0.027723029	-0.027723029	-0.027723029	-0.020489116	-0.020489116	-0.020489116	-0.020489116	-0.020489116	-0.006756757	-0.006756757	-0.006756757	-0.006756757	-0.006756757	-0.004065041	-0.004065041	-0.004065041	-0.004065041	-0.004065041	-0.004065041	-0.004065041	-0.004065041	-0.004065041	-0.004065041	-0.004065041	-0.004065041	-0.004065041	-0.000421348	-0.000421348	-0.000421348	-0.000421348	-0.000421348	-0.000555556	-0.000555556	-0.000555556	-0.000555556	-0.000555556	-0.000869565	-0.000869565	-0.000869565	-0.000869565	-0.000869565	-0.000847458	-0.000847458	-0.000847458	-0.000847458	-0.000847458	-0.000689655	-0.000689655	-0.000689655	-0.000689655	-0.000689655
891684	-0.003582353	-0.003582353	-0.003582353	-0.003582353	-0.003582353	-0.027723029	-0.027723029	-0.027723029	-0.027723029	-0.027723029	-0.020489116	-0.020489116	-0.020489116	-0.020489116	-0.020489116	-0.006756757	-0.006756757	-0.006756757	-0.006756757	-0.006756757	-0.004065041	-0.004065041	-0.004065041	-0.004065041	-0.004065041	-0.004065041	-0.004065041	-0.004065041	-0.004065041	-0.004065041	-0.004065041	-0.004065041	-0.004065041	-0.000421348	-0.000421348	-0.000421348	-0.000421348	-0.000421348	-0.000555556	-0.000555556	-0.000555556	-0.000555556	-0.000555556	-0.000869565	-0.000869565	-0.000869565	-0.000869565	-0.000869565	-0.000847458	-0.000847458	-0.000847458	-0.000847458	-0.000847458	-0.000689655	-0.000689655	-0.000689655	-0.000689655	-0.000689655
892800	-0.003582353	-0.003582353	-0.003582353	-0.003582353	-0.003582353	-0.027723029	-0.027723029	-0.027723029	-0.027723029	-0.027723029	-0.020489116	-0.020489116	-0.020489116	-0.020489116	-0.020489116	-0.006756757	-0.006756757	-0.006756757	-0.006756757	-0.006756757	-0.004065041	-0.004065041	-0.004065041	-0.004065041	-0.004065041	-0.004065041	-0.004065041	-0.004065041	-0.004065041	-0.004065041	-0.004065041	-0.004065041	-0.004065041	-0.000421348	-0.000421348	-0.000421348	-0.000421348	-0.000421348	-0.000555556	-0.000555556	-0.000555556	-0.000555556	-0.000555556	-0.000869565	-0.000869565	-0.000869565	-0.000869565	-0.000869565	-0.000847458	-0.000847458	-0.000847458	-0.000847458	-0.000847458	-0.000689655	-0.000689655	-0.000689655	-0.000689655	-0.000689655
893916	-0.003582353	-0.003582353	-0.003582353	-0.003582353	-0.003582353	-0.027723029	-0.027723029	-0.027723029	-0.027723029	-0.027723029	-0.020489116	-0.020489116	-0.020489116	-0.020489116	-0.020489116	-0.006756757	-0.006756757	-0.006756757	-0.006756757	-0.006756757	-0.004065041	-0.004065041	-0.004065041	-0.004065041	-0.004065041	-0.004065041	-0.004065041	-0.004065041	-0.004065041	-0.004065041	-0.004065041	-0.004065041	-0.004065041	-0.000421348	-0.000421348	-0.000421348	-0.000421348	-0.000421348	-0.000555556	-0.000555556	-0.000555556	-0.000555556	-0.000555556	-0.000869565	-0.000869565	-0.000869565	-0.000869565	-0.000869565	-0.000847458	-0.000847458	-0.000847458	-0.000847458	-0.000847458	-0.000689655	-0.000689655	-0.000689655	-0.000689655	-0.000689655
895032	-0.003582353	-0.003582353	-0.003582353	-0.003582353	-0.003582353	-0.027723029	-0.027723029	-0.027723029	-0.027723029	-0.027723029	-0.020489116	-0.020489116	-0.020489116	-0.020489116	-0.020489116	-0.006756757	-0.006756757	-0.006756757	-0.006756757	-0.006756757	-0.004065041	-0.004065041	-0.004065041	-0.004065041	-0.004065041	-0.004065041	-0.004065041	-0.004065041	-0.004065041	-0.004065041	-0.004065041	-0.004065041	-0.004065041	-0.000421348	-0.000421348	-0.000421348	-0.000421348	-0.000421348	-0.000555556	-0.000555556	-0.000555556	-0.000555556	-0.000555556	-0.000869565	-0.000869565	-0.000869565	-0.000869565	-0.000869565	-0.000847458	-0.000847458	-0.000847458	-0.000847458	-0.000847458	-0.000689655	-0.000689655	-0.000689655	-0.000689655	-0.000689655
896148	-0.003582353	-0.003582353	-0.003582353	-0.003582353	-0.003582353	-0.027723029	-0.027723029	-0.027723029	-0.027723029	-0.027723029	-0.020489116	-0.020489116	-0.020489116	-0.020489116	-0.020489116	-0.006756757	-0.006756757	-0.006756757	-0.006756757	-0.006756757	-0.004065041	-0.004065041	-0.004065041	-0.004065041	-0.004065041	-0.004065041	-0.004065041	-0.004065041	-0.004065041	-0.004065041	-0.004065041	-0.004065041	-0.004065041	-0.000421348	-0.000421348	-0.000421348	-0.000421348	-0.000421348	-0.000555556	-0.000555556	-0.000555556	-0.000555556	-0.000555556	-0.000869565	-0.000869565	-0.000869565	-0.000869565	-0.000869565	-0.000847458	-0.000847458	-0.000847458	-0.000847458	-0.000847458	-0.000689655	-0.000689655	-0.000689655	-0.000689655	-0.000689655
897264	-0.003582353	-0.003582353	-0.003582353	-0.003582353	-0.003582353	-0.027723029	-0.027723029	-0.027723029	-0.027723029	-0.027723029	-0.020489116	-0.020489116	-0.020489116	-0.020489116	-0.020489116	-0.006756757	-0.006756757	-0.006756757	-0.006756757	-0.006756757	-0.004065041	-0.004065041	-0.004065041	-0.004065041	-0.004065041	-0.004065041	-0.004065041	-0.004065041	-0.004065041	-0.004065041	-0.004065041	-0.004065041	-0.004065041	-0.000421348	-0.000421348	-0.000421348	-0.000421348	-0.000421348	-0.000555556	-0.000555556	-0.000555556	-0.000555556	-0.000555556	-0.000869565	-0.000869565	-0.000869565	-0.000869565	-0.000869565	-0.000847458	-0.000847458	-0.000847458	-0.000847458	-0.000847458	-0.000689655	-0.000689655	-0.000689655	-0.000689655	-0.000689655
898380	-0.003582353	-0.003582353	-0.003582353	-0.003582353	-0.003582353	-0.027723029	-0.027723029	-0.027723029	-0.027723029	-0.027723029	-0.020489116	-0.020489116	-0.020489116	-0.020489116	-0.020489116	-0.006756757	-0.006756757	-0.006756757	-0.006756757	-0.006756757	-0.004065041	-0.004065041	-0.004065041	-0.004065041	-0.004065041	-0.004065041	-0.004065041	-0.004065041	-0.004065041	-0.004065041	-0.004065041	-0.004065041	-0.004065041	-0.000421348	-0.000421348	-0.000421348	-0.000421348	-0.000421348	-0.000555556	-0.000555556	-0.000555556	-0.000555556	-0.000555556	-0.000869565	-0.000869565	-0.000869565	-0.000869565	-0.000869565	-0.000847458	-0.000847458	-0.000847458	-0.000847458	-0.000847458	-0.000689655	-0.000689655	-0.000689655	-0.000689655	-0.000689655
899496	-0.003582353	-0.003582353	-0.003582353	-0.003582353	-0.003582353	-0.027723029	-0.027723029	-0.027723029	-0.027723029	-0.027723029	-0.020489116	-0.020489116	-0.020489116	-0.020489116	-0.020489116	-0.006756757	-0.006756757	-0.006756757	-0.006756757	-0.006756757	-0.004065041	-0.004065041	-0.004065041	-0.004065041	-0.004065041	-0.004065041	-0.004065041	-0.004065041	-0.004065041	-0.004065041	-0.004065041	-0.004065041	-0.004065041	-0.000421348	-0.000421348	-0.000421348	-0.000421348	-0.000421348	-0.000555556	-0.000555556	-0.000555556	-0.000555556	-0.000555556	-0.000869565	-0.000869565	-0.000869565	-0.000869565	-0.000869565	-0.000847458	-0.000847458	-0.000847458	-0.000847458	-0.000847458	-0.000689655	-0.000689655	-0.000689655	-0.000689655	-0.000689655
900612	-0.003582353	-0.003582353	-0.003582353	-0.003582353	-0.003582353	-0.027723029	-0.027723029	-0.027723029	-0.027723029	-0.027723029	-0.020489116	-0.020489116	-0.020489116	-0.020489116	-0.020489116	-0.006756757	-0.006756757	-0.006756757	-0.006756757	-0.006756757	-0.004065041	-0.004065041	-0.004065041	-0.004065041	-0.004065041	-0.004065041	-0.004065041	-0.004065041	-0.004065041	-0.004065041	-0.004065041	-0.004065041	-0.004065041	-0.000421348	-0.000421348	-0.000421348	-0.000421348	-0.000421348	-0.000555556	-0.000555556	-0.000555556	-0.000555556	-0.000555556	-0.000869565	-0.000869565	-0.000869565	-0.000869565	-0.000869565	-0.000847458	-0.000847458	-0.000847458	-0.000847458	-0.000847458	-0.000689655	-0.000689655	-0.000689655	-0.000689655	-0.000689655
901728	-0.003582353	-0.003582353	-0.003582353	-0.003582353	-0.003582353	-0.027723029	-0.027723029	-0.027723029	-0.027723029	-0.027723029	-0.020489116	-0.020489116	-0.020489116	-0.020489116	-0.020489116	-0.006756757	-0.006756757	-0.006756757	-0.006756757	-0.006756757	-0.004065041	-0.004065041	-0.004065041	-0.004065041	-0.004065041	-0.004065041	-0.004065041	-0.004065041	-0.004065041	-0.004065041	-0.004065041	-0.004065041	-0.004065041	-0.000421348	-0.000421348	-0.000421348	-0.000421348	-0.000421348	-0.000555556	-0.000555556	-0.000555556	-0.000555556	-0.000555556	-0.000869565	-0.000869565	-0.000869565	-0.000869565	-0.000869565	-0.000847458	-0.000847458	-0.000847458	-0.000847458	-0.000847458	-0.000689655	-0.000689655	-0.000689655	-0.000689655	-0.000689655
902844	-0.003582353	-0.003582353	-0.003582353	-0.003582353	-0.003582353	-0.027723029	-0.027723029	-0.027723029	-0.027723029	-0.027723029	-0.020489116	-0.020489116	-0.020489116	-0.020489116	-0.020489116	-0.006756757	-0.006756757	-0.006756757	-0.006756757	-0.006756757	-0.004065041	-0.004065041	-0.004065041	-0.004065041	-0.004065041	-0.004065041	-0.004065041	-0.004065041	-0.004065041	-0.004065041	-0.004065041	-0.004065041	-0.004065041	-0.000421348	-0.000421348	-0.000421348	-0.000421348	-0.000421348	-0.000555556	-0.000555556	-0.000555556	-0.000555556	-0.000555556	-0.000869565	-0.000869565	-0.000869565	-0.000869565	-0.000869565	-0.000847458	-0.000847458	-0.000847458	-0.000847458	-0.000847458	-0.000689655	-0.000689655	-0.000689655	-0.000689655	-0.000689655
903960	-0.003582353	-0.003582353	-0.003582353	-0.003582353	-0.003582353	-0.027723029	-0.027723029	-0.027723029	-0.027723029	-0.027723029	-0.020489116	-0.020489116	-0.020489116	-0.020489116	-0.020489116	-0.006756757	-0.006756757	-0.006756757	-0.006756757	-0.006756757	-0.004065041	-0.004065041	-0.004065041	-0.004065041	-0.004065041	-0.004065041	-0.004065041	-0.004065041	-0.004065041	-0.004065041	-0.004065041	-0.004065041	-0.004065041	-0.000421348	-0.000421348	-0.000421348	-0.000421348	-0.000421348	-0.000555556	-0.000555556	-0.000555556	-0.000555556	-0.000555556	-0.000869565	-0.000869565	-0.000869565	-0.000869565	-0.000869565	-0.000847458	-0.000847458	-0.000847458	-0.000847458	-0.000847458	-0.000689655	-0.000689655	-0.000689655	-0.000689655	-0.000689655
905076	-0.003582353	-0.003582353	-0.003582353	-0.003582353	-0.003582353	-0.027723029	-0.027723029	-0.027723029	-0.027723029	-0.027723029	-0.020489116	-0.020489116	-0.020489116	-0.020489116	-0.020489116	-0.006756757	-0.006756757	-0.006756757	-0.006756757	-0.006756757	-0.004065041	-0.004065041	-0.004065041	-0.004065041	-0.004065041	-0.004065041	-0.004065041	-0.004065041	-0.004065041	-0.004065041	-0.004065041	-0.004065041	-0.004065041	-0.000421348	-0.000421348	-0.000421348	-0.000421348	-0.000421348	-0.000555556	-0.000555556	-0.000555556	-0.000555556	-0.000555556	-0.000869565	-0.000869565	-0.000869565	-0.000869565	-0.000869565	-0.000847458	-0.000847458	-0.000847458	-0.000847458	-0.000847458	-0.000689655	-0.000689655	-0.000689655	-0.000689655	-0.000689655
906192	-0.003582353	-0.003582353	-0.003582353	-0.003582353	-0.003582353	-0.027723029	-0.027723029	-0.027723029	-0.027723029	-0.027723029	-0.020489116	-0.020489116	-0.020489116	-0.020489116	-0.020489116	-0.006756757	-0.006756757	-0.006756757	-0.006756757	-0.006756757	-0.004065041	-0.004065041	-0.004065041	-0.004065041	-0.004065041	-0.004065041	-0.004065041	-0.004065041	-0.004065041	-0.004065041	-0.004065041	-0.004065041	-0.004065041	-0.000421348	-0.000421348	-0.000421348	-0.000421348	-0.000421348	-0.000555556	-0.000555556	-0.000555556	-0.000555556	-0.000555556	-0.000869565	-0.000869565	-0.000869565	-0.000869565	-0.000869565	-0.000847458	-0.000847458	-0.000847458	-0.000847458	-0.000847458	-0.000689655	-0.000689655	-0.000689655	-0.000689655	-0.000689655
907308	-0.003582353	-0.003582353	-0.003582353	-0.003582353	-0.003582353	-0.027723029	-0.027723029	-0.027723029	-0.027723029	-0.027723029	-0.020489116	-0.020489116	-0.020489116	-0.020489116	-0.020489116	-0.006756757	-0.006756757	-0.006756757	-0.006756757	-0.006756757	-0.004065041	-0.004065041	-0.004065041	-0.004065041	-0.004065041	-0.004065041	-0.004065041	-0.004065041	-0.004065041	-0.004065041	-0.004065041	-0.004065041	-0.004065041	-0.000421348	-0.000421348	-0.000421348	-0.000421348	-0.000421348	-0.000555556	-0.000555556	-0.000555556	-0.000555556	-0.000555556	-0.000869565	-0.000869565	-0.000869565	-0.000869565	-0.000869565	-0.000847458	-0.000847458	-0.000847458	-0.000847458	-0.000847458	-0.000689655	-0.000689655	-0.000689655	-0.000689655	-0.000689655
908424	-0.003582353	-0.003582353	-0.003582353	-0.003582353	-0.003582353	-0.027723029	-0.027723029	-0.027723029	-0.027723029	-0.027723029	-0.020489116	-0.020489116	-0.020489116	-0.020489116	-0.020489116	-0.006756757	-0.006756757	-0.006756757	-0.006756757	-0.006756757	-0.004065041	-0.004065041	-0.004065041	-0.004065041	-0.004065041	-0.004065041	-0.004065041	-0.004065041	-0.004065041	-0.004065041	-0.004065041	-0.004065041	-0.004065041	-0.000421348	-0.000421348	-0.000421348	-0.000421348	-0.000421348	-0.000555556	-0.000555556	-0.000555556	-0.000555556	-0.000555556	-0.000869565	-0.000869565	-0.000869565	-0.000869565	-0.000869565	-0.000847458	-0.000847458	-0.000847458	-0.000847458	-0.000847458	-0.000689655	-0.000689655	-0.000689655	-0.000689655	-0.000689655
909540	-0.003582353	-0.003582353	-0.003582353	-0.003582353	-0.003582353	-0.027723029	-0.027723029	-0.027723029	-0.027723029	-0.027723029	-0.020489116	-0.020489116	-0.020489116	-0.020489116	-0.020489116	-0.006756757	-0.006756757	-0.006756757	-0.006756757	-0.006756757	-0.004065041	-0.004065041	-0.004065041	-0.004065041	-0.004065041	-0.004065041	-0.004065041	-0.004065041	-0.004065041	-0.004065041	-0.004065041	-0.004065041	-0.004065041	-0.000421348	-0.000421348	-0.000421348	-0.000421348	-0.000421348	-0.000555556	-0.000555556	-0.000555556	-0.000555556	-0.000555556	-0.000869565	-0.000869565	-0.000869565	-0.000869565	-0.000869565	-0.000847458	-0.000847458	-0.000847458	-0.000847458	-0.000847458	-0.000689655	-0.000689655	-0.000689655	-0.000689655	-0.000689655
910656	-0.003582353	-0.003582353	-0.003582353	-0.003582353	-0.003582353	-0.027723029	-0.027723029	-0.027723029	-0.027723029	-0.027723029	-0.020489116	-0.020489116	-0.020489116	-0.020489116	-0.020489116	-0.006756757	-0.006756757	-0.006756757	-0.006756757	-0.006756757	-0.004065041	-0.004065041	-0.004065041	-0.004065041	-0.004065041	-0.004065041	-0.004065041	-0.004065041	-0.004065041	-0.004065041	-0.004065041	-0.004065041	-0.004065041	-0.000421348	-0.000421348	-0.000421348	-0.000421348	-0.000421348	-0.000555556	-0.000555556	-0.000555556	-0.000555556	-0.000555556	-0.000869565	-0.000869565	-0.000869565	-0.000869565	-0.000869565	-0.000847458	-0.000847458	-0.000847458	-0.000847458	-0.000847458	-0.000689655	-0.000689655	-0.000689655	-0.000689655	-0.000689655
911772	-0.003582353	-0.003582353	-0.003582353	-0.003582353	-0.003582353	-0.027723029	-0.027723029	-0.027723029	-0.027723029	-0.027723029	-0.020489116	-0.020489116	-0.020489116	-0.020489116	-0.020489116	-0.006756757	-0.006756757	-0.006756757	-0.006756757	-0.006756757	-0.004065041	-0.004065041	-0.004065041	-0.004065041	-0.004065041	-0.004065041	-0.004065041	-0.004065041	-0.004065041	-0.004065041	-0.004065041	-0.004065041	-0.004065041	-0.000421348	-0.000421348	-0.000421348	-0.000421348	-0.000421348	-0.000555556	-0.000555556	-0.000555556	-0.000555556	-0.000555556	-0.000869565	-0.000869565	-0.000869565	-0.000869565	-0.000869565	-0.000847458	-0.000847458	-0.000847458	-0.000847458	-0.000847458	-0.000689655	-0.000689655	-0.000689655	-0.000689655	-0.000689655
912888	-0.003582353	-0.003582353	-0.003582353	-0.003582353	-0.003582353	-0.027723029	-0.027723029	-0.027723029	-0.027723029	-0.027723029	-0.020489116	-0.020489116	-0.020489116	-0.020489116	-0.020489116	-0.006756757	-0.006756757	-0.006756757	-0.006756757	-0.006756757	-0.004065041	-0.004065041	-0.004065041	-0.004065041	-0.004065041	-0.004065041	-0.004065041	-0.004065041	-0.004065041	-0.004065041	-0.004065041	-0.004065041	-0.004065041	-0.000421348	-0.000421348	-0.000421348	-0.000421348	-0.000421348	-0.000555556	-0.000555556	-0.000555556	-0.000555556	-0.000555556	-0.000869565	-0.000869565	-0.000869565	-0.000869565	-0.000869565	-0.000847458	-0.000847458	-0.000847458	-0.000847458	-0.000847458	-0.000689655	-0.000689655	-0.000689655	-0.000689655	-0.000689655
914004	-0.003582353	-0.003582353	-0.003582353	-0.003582353	-0.003582353	-0.027723029	-0.027723029	-0.027723029	-0.027723029	-0.027723029	-0.020489116	-0.020489116	-0.020489116	-0.020489116	-0.020489116	-0.006756757	-0.006756757	-0.006756757	-0.006756757	-0.006756757	-0.004065041	-0.004065041	-0.004065041	-0.004065041	-0.004065041	-0.004065041	-0.004065041	-0.004065041	-0.004065041	-0.004065041	-0.004065041	-0.004065041	-0.004065041	-0.000421348	-0.000421348	-0.000421348	-0.000421348	-0.000421348	-0.000555556	-0.000555556	-0.000555556	-0.000555556	-0.000555556	-0.000869565	-0.000869565	-0.000869565	-0.000869565	-0.000869565	-0.000847458	-0.000847458	-0.000847458	-0.000847458	-0.000847458	-0.000689655	-0.000689655	-0.000689655	-0.000689655	-0.000689655
915120	-0.003582353	-0.003582353	-0.003582353	-0.003582353	-0.003582353	-0.027723029	-0.027723029	-0.027723029	-0.027723029	-0.027723029	-0.020489116	-0.020489116	-0.020489116	-0.020489116	-0.020489116	-0.006756757	-0.006756757	-0.006756757	-0.006756757	-0.006756757	-0.004065041	-0.004065041	-0.004065041	-0.004065041	-0.004065041	-0.004065041	-0.004065041	-0.004065041	-0.004065041	-0.004065041	-0.004065041	-0.004065041	-0.004065041	-0.000421348	-0.000421348	-0.000421348	-0.000421348	-0.000421348	-0.000555556	-0.000555556	-0.000555556	-0.000555556	-0.000555556	-0.000869565	-0.000869565	-0.000869565	-0.000869565	-0.000869565	-0.000847458	-0.000847458	-0.000847458	-0.000847458	-0.000847458	-0.000689655	-0.000689655	-0.000689655	-0.000689655	-0.000689655
916236	-0.003582353	-0.003582353	-0.003582353	-0.003582353	-0.003582353	-0.027723029	-0.027723029	-0.027723029	-0.027723029	-0.027723029	-0.020489116	-0.020489116	-0.020489116	-0.020489116	-0.020489116	-0.006756757	-0.006756757	-0.006756757	-0.006756757	-0.006756757	-0.004065041	-0.004065041	-0.004065041	-0.004065041	-0.004065041	-0.004065041	-0.004065041	-0.004065041	-0.004065041	-0.004065041	-0.004065041	-0.004065041	-0.004065041	-0.000421348	-0.000421348	-0.000421348	-0.000421348	-0.000421348	-0.000555556	-0.000555556	-0.000555556	-0.000555556	-0.000555556	-0.000869565	-0.000869565	-0.000869565	-0.000869565	-0.000869565	-0.000847458	-0.000847458	-0.000847458	-0.000847458	-0.000847458	-0.000689655	-0.000689655	-0.000689655	-0.000689655	-0.000689655
917352	-0.003582353	-0.003582353	-0.003582353	-0.003582353	-0.003582353	-0.027723029	-0.027723029	-0.027723029	-0.027723029	-0.027723029	-0.020489116	-0.020489116	-0.020489116	-0.020489116	-0.020489116	-0.006756757	-0.006756757	-0.006756757	-0.006756757	-0.006756757	-0.004065041	-0.004065041	-0.004065041	-0.004065041	-0.004065041	-0.004065041	-0.004065041	-0.004065041	-0.004065041	-0.004065041	-0.004065041	-0.004065041	-0.004065041	-0.000421348	-0.000421348	-0.000421348	-0.000421348	-0.000421348	-0.000555556	-0.000555556	-0.000555556	-0.000555556	-0.000555556	-0.000869565	-0.000869565	-0.000869565	-0.000869565	-0.000869565	-0.000847458	-0.000847458	-0.000847458	-0.000847458	-0.000847458	-0.000689655	-0.000689655	-0.000689655	-0.000689655	-0.000689655
918468	-0.003582353	-0.003582353	-0.003582353	-0.003582353	-0.003582353	-0.027723029	-0.027723029	-0.027723029	-0.027723029	-0.027723029	-0.020489116	-0.020489116	-0.020489116	-0.020489116	-0.020489116	-0.006756757	-0.006756757	-0.006756757	-0.006756757	-0.006756757	-0.004065041	-0.004065041	-0.004065041	-0.004065041	-0.004065041	-0.004065041	-0.004065041	-0.004065041	-0.004065041	-0.004065041	-0.004065041	-0.004065041	-0.004065041	-0.000421348	-0.000421348	-0.000421348	-0.000421348	-0.000421348	-0.000555556	-0.000555556	-0.000555556	-0.000555556	-0.000555556	-0.000869565	-0.000869565	-0.000869565	-0.000869565	-0.000869565	-0.000847458	-0.000847458	-0.000847458	-0.000847458	-0.000847458	-0.000689655	-0.000689655	-0.000689655	-0.000689655	-0.000689655
919584	-0.003582353	-0.003582353	-0.003582353	-0.003582353	-0.003582353	-0.027723029	-0.027723029	-0.027723029	-0.027723029	-0.027723029	-0.020489116	-0.020489116	-0.020489116	-0.020489116	-0.020489116	-0.006756757	-0.006756757	-0.006756757	-0.006756757	-0.006756757	-0.004065041	-0.004065041	-0.004065041	-0.004065041	-0.004065041	-0.004065041	-0.004065041	-0.004065041	-0.004065041	-0.004065041	-0.004065041	-0.004065041	-0.004065041	-0.000421348	-0.000421348	-0.000421348	-0.000421348	-0.000421348	-0.000555556	-0.000555556	-0.000555556	-0.000555556	-0.000555556	-0.000869565	-0.000869565	-0.000869565	-0.000869565	-0.000869565	-0.000847458	-0.000847458	-0.000847458	-0.000847458	-0.000847458	-0.000689655	-0.000689655	-0.000689655	-0.000689655	-0.000689655
920700	-0.003582353	-0.003582353	-0.003582353	-0.003582353	-0.003582353	-0.027723029	-0.027723029	-0.027723029	-0.027723029	-0.027723029	-0.020489116	-0.020489116	-0.020489116	-0.020489116	-0.020489116	-0.006756757	-0.006756757	-0.006756757	-0.006756757	-0.006756757	-0.004065041	-0.004065041	-0.004065041	-0.004065041	-0.004065041	-0.004065041	-0.004065041	-0.004065041	-0.004065041	-0.004065041	-0.004065041	-0.004065041	-0.004065041	-0.000421348	-0.000421348	-0.000421348	-0.000421348	-0.000421348	-0.000555556	-0.000555556	-0.000555556	-0.000555556	-0.000555556	-0.000869565	-0.000869565	-0.000869565	-0.000869565	-0.000869565	-0.000847458	-0.000847458	-0.000847458	-0.000847458	-0.000847458	-0.000689655	-0.000689655	-0.000689655	-0.000689655	-0.000689655
921816	-0.003582353	-0.003582353	-0.003582353	-0.003582353	-0.003582353	-0.027723029	-0.027723029	-0.027723029	-0.027723029	-0.027723029	-0.020489116	-0.020489116	-0.020489116	-0.020489116	-0.020489116	-0.006756757	-0.006756757	-0.006756757	-0.006756757	-0.006756757	-0.004065041	-0.004065041	-0.004065041	-0.004065041	-0.004065041	-0.004065041	-0.004065041	-0.004065041	-0.004065041	-0.004065041	-0.004065041	-0.004065041	-0.004065041	-0.000421348	-0.000421348	-0.000421348	-0.000421348	-0.000421348	-0.000555556	-0.000555556	-0.000555556	-0.000555556	-0.000555556	-0.000869565	-0.000869565	-0.000869565	-0.000869565	-0.000869565	-0.000847458	-0.000847458	-0.000847458	-0.000847458	-0.000847458	-0.000689655	-0.000689655	-0.000689655	-0.000689655	-0.000689655
922932	-0.003582353	-0.003582353	-0.003582353	-0.003582353	-0.003582353	-0.027723029	-0.027723029	-0.027723029	-0.027723029	-0.027723029	-0.020489116	-0.020489116	-0.020489116	-0.020489116	-0.020489116	-0.006756757	-0.006756757	-0.006756757	-0.006756757	-0.006756757	-0.004065041	-0.004065041	-0.004065041	-0.004065041	-0.004065041	-0.004065041	-0.004065041	-0.004065041	-0.004065041	-0.004065041	-0.004065041	-0.004065041	-0.004065041	-0.000421348	-0.000421348	-0.000421348	-0.000421348	-0.000421348	-0.000555556	-0.000555556	-0.000555556	-0.000555556	-0.000555556	-0.000869565	-0.000869565	-0.000869565	-0.000869565	-0.000869565	-0.000847458	-0.000847458	-0.000847458	-0.000847458	-0.000847458	-0.000689655	-0.000689655	-0.000689655	-0.000689655	-0.000689655
924048	-0.003582353	-0.003582353	-0.003582353	-0.003582353	-0.003582353	-0.027723029	-0.027723029	-0.027723029	-0.027723029	-0.027723029	-0.020489116	-0.020489116	-0.020489116	-0.020489116	-0.020489116	-0.006756757	-0.006756757	-0.006756757	-0.006756757	-0.006756757	-0.004065041	-0.004065041	-0.004065041	-0.004065041	-0.004065041	-0.004065041	-0.004065041	-0.004065041	-0.004065041	-0.004065041	-0.004065041	-0.004065041	-0.004065041	-0.000421348	-0.000421348	-0.000421348	-0.000421348	-0.000421348	-0.000555556	-0.000555556	-0.000555556	-0.000555556	-0.000555556	-0.000869565	-0.000869565	-0.000869565	-0.000869565	-0.000869565	-0.000847458	-0.000847458	-0.000847458	-0.000847458	-0.000847458	-0.000689655	-0.000689655	-0.000689655	-0.000689655	-0.000689655
925164	-0.003582353	-0.003582353	-0.003582353	-0.003582353	-0.003582353	-0.027723029	-0.027723029	-0.027723029	-0.027723029	-0.027723029	-0.020489116	-0.020489116	-0.020489116	-0.020489116	-0.020489116	-0.006756757	-0.006756757	-0.006756757	-0.006756757	-0.006756757	-0.004065041	-0.004065041	-0.004065041	-0.004065041	-0.004065041	-0.004065041	-0.004065041	-0.004065041	-0.004065041	-0.004065041	-0.004065041	-0.004065041	-0.004065041	-0.000421348	-0.000421348	-0.000421348	-0.000421348	-0.000421348	-0.000555556	-0.000555556	-0.000555556	-0.000555556	-0.000555556	-0.000869565	-0.000869565	-0.000869565	-0.000869565	-0.000869565	-0.000847458	-0.000847458	-0.000847458	-0.000847458	-0.000847458	-0.000689655	-0.000689655	-0.000689655	-0.000689655	-0.000689655
926280	-0.003582353	-0.003582353	-0.003582353	-0.003582353	-0.003582353	-0.027723029	-0.027723029	-0.027723029	-0.027723029	-0.027723029	-0.020489116	-0.020489116	-0.020489116	-0.020489116	-0.020489116	-0.006756757	-0.006756757	-0.006756757	-0.006756757	-0.006756757	-0.004065041	-0.004065041	-0.004065041	-0.004065041	-0.004065041	-0.004065041	-0.004065041	-0.004065041	-0.004065041	-0.004065041	-0.004065041	-0.004065041	-0.004065041	-0.000421348	-0.000421348	-0.000421348	-0.000421348	-0.000421348	-0.000555556	-0.000555556	-0.000555556	-0.000555556	-0.000555556	-0.000869565	-0.000869565	-0.000869565	-0.000869565	-0.000869565	-0.000847458	-0.000847458	-0.000847458	-0.000847458	-0.000847458	-0.000689655	-0.000689655	-0.000689655	-0.000689655	-0.000689655
927396	-0.003582353	-0.003582353	-0.003582353	-0.003582353	-0.003582353	-0.027723029	-0.027723029	-0.027723029	-0.027723029	-0.027723029	-0.020489116	-0.020489116	-0.020489116	-0.020489116	-0.020489116	-0.006756757	-0.006756757	-0.006756757	-0.006756757	-0.006756757	-0.004065041	-0.004065041	-0.004065041	-0.004065041	-0.004065041	-0.004065041	-0.004065041	-0.004065041	-0.004065041	-0.004065041	-0.004065041	-0.004065041	-0.004065041	-0.000421348	-0.000421348	-0.000421348	-0.000421348	-0.000421348	-0.000555556	-0.000555556	-0.000555556	-0.000555556	-0.000555556	-0.000869565	-0.000869565	-0.000869565	-0.000869565	-0.000869565	-0.000847458	-0.000847458	-0.000847458	-0.000847458	-0.000847458	-0.000689655	-0.000689655	-0.000689655	-0.000689655	-0.000689655
928512	-0.003582353	-0.003582353	-0.003582353	-0.003582353	-0.003582353	-0.027723029	-0.027723029	-0.027723029	-0.027723029	-0.027723029	-0.020489116	-0.020489116	-0.020489116	-0.020489116	-0.020489116	-0.006756757	-0.006756757	-0.006756757	-0.006756757	-0.006756757	-0.004065041	-0.004065041	-0.004065041	-0.004065041	-0.004065041	-0.004065041	-0.004065041	-0.004065041	-0.004065041	-0.004065041	-0.004065041	-0.004065041	-0.004065041	-0.000421348	-0.000421348	-0.000421348	-0.000421348	-0.000421348	-0.000555556	-0.000555556	-0.000555556	-0.000555556	-0.000555556	-0.000869565	-0.000869565	-0.000869565	-0.000869565	-0.000869565	-0.000847458	-0.000847458	-0.000847458	-0.000847458	-0.000847458	-0.000689655	-0.000689655	-0.000689655	-0.000689655	-0.000689655
929628	-0.003582353	-0.003582353	-0.003582353	-0.003582353	-0.003582353	-0.027723029	-0.027723029	-0.027723029	-0.027723029	-0.027723029	-0.020489116	-0.020489116	-0.020489116	-0.020489116	-0.020489116	-0.006756757	-0.006756757	-0.006756757	-0.006756757	-0.006756757	-0.004065041	-0.004065041	-0.004065041	-0.004065041	-0.004065041	-0.004065041	-0.004065041	-0.004065041	-0.004065041	-0.004065041	-0.004065041	-0.004065041	-0.004065041	-0.000421348	-0.000421348	-0.000421348	-0.000421348	-0.000421348	-0.000555556	-0.000555556	-0.000555556	-0.000555556	-0.000555556	-0.000869565	-0.000869565	-0.000869565	-0.000869565	-0.000869565	-0.000847458	-0.000847458	-0.000847458	-0.000847458	-0.000847458	-0.000689655	-0.000689655	-0.000689655	-0.000689655	-0.000689655
930744	-0.003582353	-0.003582353	-0.003582353	-0.003582353	-0.003582353	-0.027723029	-0.027723029	-0.027723029	-0.027723029	-0.027723029	-0.020489116	-0.020489116	-0.020489116	-0.020489116	-0.020489116	-0.006756757	-0.006756757	-0.006756757	-0.006756757	-0.006756757	-0.004065041	-0.004065041	-0.004065041	-0.004065041	-0.004065041	-0.004065041	-0.004065041	-0.004065041	-0.004065041	-0.004065041	-0.004065041	-0.004065041	-0.004065041	-0.000421348	-0.000421348	-0.000421348	-0.000421348	-0.000421348	-0.000555556	-0.000555556	-0.000555556	-0.000555556	-0.000555556	-0.000869565	-0.000869565	-0.000869565	-0.000869565	-0.000869565	-0.000847458	-0.000847458	-0.000847458	-0.000847458	-0.000847458	-0.000689655	-0.000689655	-0.000689655	-0.000689655	-0.000689655
931860	-0.003582353	-0.003582353	-0.003582353	-0.003582353	-0.003582353	-0.027723029	-0.027723029	-0.027723029	-0.027723029	-0.027723029	-0.020489116	-0.020489116	-0.020489116	-0.020489116	-0.020489116	-0.006756757	-0.006756757	-0.006756757	-0.006756757	-0.006756757	-0.004065041	-0.004065041	-0.004065041	-0.004065041	-0.004065041	-0.004065041	-0.004065041	-0.004065041	-0.004065041	-0.004065041	-0.004065041	-0.004065041	-0.004065041	-0.000421348	-0.000421348	-0.000421348	-0.000421348	-0.000421348	-0.000555556	-0.000555556	-0.000555556	-0.000555556	-0.000555556	-0.000869565	-0.000869565	-0.000869565	-0.000869565	-0.000869565	-0.000847458	-0.000847458	-0.000847458	-0.000847458	-0.000847458	-0.000689655	-0.000689655	-0.000689655	-0.000689655	-0.000689655
932976	-0.003582353	-0.003582353	-0.003582353	-0.003582353	-0.003582353	-0.027723029	-0.027723029	-0.027723029	-0.027723029	-0.027723029	-0.020489116	-0.020489116	-0.020489116	-0.020489116	-0.020489116	-0.006756757	-0.006756757	-0.006756757	-0.006756757	-0.006756757	-0.004065041	-0.004065041	-0.004065041	-0.004065041	-0.004065041	-0.004065041	-0.004065041	-0.004065041	-0.004065041	-0.004065041	-0.004065041	-0.004065041	-0.004065041	-0.000421348	-0.000421348	-0.000421348	-0.000421348	-0.000421348	-0.000555556	-0.000555556	-0.000555556	-0.000555556	-0.000555556	-0.000869565	-0.000869565	-0.000869565	-0.000869565	-0.000869565	-0.000847458	-0.000847458	-0.000847458	-0.000847458	-0.000847458	-0.000689655	-0.000689655	-0.000689655	-0.000689655	-0.000689655
934092	-0.003582353	-0.003582353	-0.003582353	-0.003582353	-0.003582353	-0.027723029	-0.027723029	-0.027723029	-0.027723029	-0.027723029	-0.020489116	-0.020489116	-0.020489116	-0.020489116	-0.020489116	-0.006756757	-0.006756757	-0.006756757	-0.006756757	-0.006756757	-0.004065041	-0.004065041	-0.004065041	-0.004065041	-0.004065041	-0.004065041	-0.004065041	-0.004065041	-0.004065041	-0.004065041	-0.004065041	-0.004065041	-0.004065041	-0.000421348	-0.000421348	-0.000421348	-0.000421348	-0.000421348	-0.000555556	-0.000555556	-0.000555556	-0.000555556	-0.000555556	-0.000869565	-0.000869565	-0.000869565	-0.000869565	-0.000869565	-0.000847458	-0.000847458	-0.000847458	-0.000847458	-0.000847458	-0.000689655	-0.000689655	-0.000689655	-0.000689655	-0.000689655
935208	-0.003582353	-0.003582353	-0.003582353	-0.003582353	-0.003582353	-0.027723029	-0.027723029	-0.027723029	-0.027723029	-0.027723029	-0.020489116	-0.020489116	-0.020489116	-0.020489116	-0.020489116	-0.006756757	-0.006756757	-0.006756757	-0.006756757	-0.006756757	-0.004065041	-0.004065041	-0.004065041	-0.004065041	-0.004065041	-0.004065041	-0.004065041	-0.004065041	-0.004065041	-0.004065041	-0.004065041	-0.004065041	-0.004065041	-0.000421348	-0.000421348	-0.000421348	-0.000421348	-0.000421348	-0.000555556	-0.000555556	-0.000555556	-0.000555556	-0.000555556	-0.000869565	-0.000869565	-0.000869565	-0.000869565	-0.000869565	-0.000847458	-0.000847458	-0.000847458	-0.000847458	-0.000847458	-0.000689655	-0.000689655	-0.000689655	-0.000689655	-0.000689655
936324	-0.003582353	-0.003582353	-0.003582353	-0.003582353	-0.003582353	-0.027723029	-0.027723029	-0.027723029	-0.027723029	-0.027723029	-0.020489116	-0.020489116	-0.020489116	-0.020489116	-0.020489116	-0.006756757	-0.006756757	-0.006756757	-0.006756757	-0.006756757	-0.004065041	-0.004065041	-0.004065041	-0.004065041	-0.004065041	-0.004065041	-0.004065041	-0.004065041	-0.004065041	-0.004065041	-0.004065041	-0.004065041	-0.004065041	-0.000421348	-0.000421348	-0.000421348	-0.000421348	-0.000421348	-0.000555556	-0.000555556	-0.000555556	-0.000555556	-0.000555556	-0.000869565	-0.000869565	-0.000869565	-0.000869565	-0.000869565	-0.000847458	-0.000847458	-0.000847458	-0.000847458	-0.000847458	-0.000689655	-0.000689655	-0.000689655	-0.000689655	-0.000689655
937440	-0.003582353	-0.003582353	-0.003582353	-0.003582353	-0.003582353	-0.027723029	-0.027723029	-0.027723029	-0.027723029	-0.027723029	-0.020489116	-0.020489116	-0.020489116	-0.020489116	-0.020489116	-0.006756757	-0.006756757	-0.006756757	-0.006756757	-0.006756757	-0.004065041	-0.004065041	-0.004065041	-0.004065041	-0.004065041	-0.004065041	-0.004065041	-0.004065041	-0.004065041	-0.004065041	-0.004065041	-0.004065041	-0.004065041	-0.000421348	-0.000421348	-0.000421348	-0.000421348	-0.000421348	-0.000555556	-0.000555556	-0.000555556	-0.000555556	-0.000555556	-0.000869565	-0.000869565	-0.000869565	-0.000869565	-0.000869565	-0.000847458	-0.000847458	-0.000847458	-0.000847458	-0.000847458	-0.000689655	-0.000689655	-0.000689655	-0.000689655	-0.000689655
938556	-0.003582353	-0.003582353	-0.003582353	-0.003582353	-0.003582353	-0.027723029	-0.027723029	-0.027723029	-0.027723029	-0.027723029	-0.020489116	-0.020489116	-0.020489116	-0.020489116	-0.020489116	-0.006756757	-0.006756757	-0.006756757	-0.006756757	-0.006756757	-0.004065041	-0.004065041	-0.004065041	-0.004065041	-0.004065041	-0.004065041	-0.004065041	-0.004065041	-0.004065041	-0.004065041	-0.004065041	-0.004065041	-0.004065041	-0.000421348	-0.000421348	-0.000421348	-0.000421348	-0.000421348	-0.000555556	-0.000555556	-0.000555556	-0.000555556	-0.000555556	-0.000869565	-0.000869565	-0.000869565	-0.000869565	-0.000869565	-0.000847458	-0.000847458	-0.000847458	-0.000847458	-0.000847458	-0.000689655	-0.000689655	-0.000689655	-0.000689655	-0.000689655
939672	-0.003582353	-0.003582353	-0.003582353	-0.003582353	-0.003582353	-0.027723029	-0.027723029	-0.027723029	-0.027723029	-0.027723029	-0.020489116	-0.020489116	-0.020489116	-0.020489116	-0.020489116	-0.006756757	-0.006756757	-0.006756757	-0.006756757	-0.006756757	-0.004065041	-0.004065041	-0.004065041	-0.004065041	-0.004065041	-0.004065041	-0.004065041	-0.004065041	-0.004065041	-0.004065041	-0.004065041	-0.004065041	-0.004065041	-0.000421348	-0.000421348	-0.000421348	-0.000421348	-0.000421348	-0.000555556	-0.000555556	-0.000555556	-0.000555556	-0.000555556	-0.000869565	-0.000869565	-0.000869565	-0.000869565	-0.000869565	-0.000847458	-0.000847458	-0.000847458	-0.000847458	-0.000847458	-0.000689655	-0.000689655	-0.000689655	-0.000689655	-0.000689655
940788	-0.003582353	-0.003582353	-0.003582353	-0.003582353	-0.003582353	-0.027723029	-0.027723029	-0.027723029	-0.027723029	-0.027723029	-0.020489116	-0.020489116	-0.020489116	-0.020489116	-0.020489116	-0.006756757	-0.006756757	-0.006756757	-0.006756757	-0.006756757	-0.004065041	-0.004065041	-0.004065041	-0.004065041	-0.004065041	-0.004065041	-0.004065041	-0.004065041	-0.004065041	-0.004065041	-0.004065041	-0.004065041	-0.004065041	-0.000421348	-0.000421348	-0.000421348	-0.000421348	-0.000421348	-0.000555556	-0.000555556	-0.000555556	-0.000555556	-0.000555556	-0.000869565	-0.000869565	-0.000869565	-0.000869565	-0.000869565	-0.000847458	-0.000847458	-0.000847458	-0.000847458	-0.000847458	-0.000689655	-0.000689655	-0.000689655	-0.000689655	-0.000689655
941904	-0.003582353	-0.003582353	-0.003582353	-0.003582353	-0.003582353	-0.027723029	-0.027723029	-0.027723029	-0.027723029	-0.027723029	-0.020489116	-0.020489116	-0.020489116	-0.020489116	-0.020489116	-0.006756757	-0.006756757	-0.006756757	-0.006756757	-0.006756757	-0.004065041	-0.004065041	-0.004065041	-0.004065041	-0.004065041	-0.004065041	-0.004065041	-0.004065041	-0.004065041	-0.004065041	-0.004065041	-0.004065041	-0.004065041	-0.000421348	-0.000421348	-0.000421348	-0.000421348	-0.000421348	-0.000555556	-0.000555556	-0.000555556	-0.000555556	-0.000555556	-0.000869565	-0.000869565	-0.000869565	-0.000869565	-0.000869565	-0.000847458	-0.000847458	-0.000847458	-0.000847458	-0.000847458	-0.000689655	-0.000689655	-0.000689655	-0.000689655	-0.000689655
943020	-0.003582353	-0.003582353	-0.003582353	-0.003582353	-0.003582353	-0.027723029	-0.027723029	-0.027723029	-0.027723029	-0.027723029	-0.020489116	-0.020489116	-0.020489116	-0.020489116	-0.020489116	-0.006756757	-0.006756757	-0.006756757	-0.006756757	-0.006756757	-0.004065041	-0.004065041	-0.004065041	-0.004065041	-0.004065041	-0.004065041	-0.004065041	-0.004065041	-0.004065041	-0.004065041	-0.004065041	-0.004065041	-0.004065041	-0.000421348	-0.000421348	-0.000421348	-0.000421348	-0.000421348	-0.000555556	-0.000555556	-0.000555556	-0.000555556	-0.000555556	-0.000869565	-0.000869565	-0.000869565	-0.000869565	-0.000869565	-0.000847458	-0.000847458	-0.000847458	-0.000847458	-0.000847458	-0.000689655	-0.000689655	-0.000689655	-0.000689655	-0.000689655
944136	-0.003582353	-0.003582353	-0.003582353	-0.003582353	-0.003582353	-0.027723029	-0.027723029	-0.027723029	-0.027723029	-0.027723029	-0.020489116	-0.020489116	-0.020489116	-0.020489116	-0.020489116	-0.006756757	-0.006756757	-0.006756757	-0.006756757	-0.006756757	-0.004065041	-0.004065041	-0.004065041	-0.004065041	-0.004065041	-0.004065041	-0.004065041	-0.004065041	-0.004065041	-0.004065041	-0.004065041	-0.004065041	-0.004065041	-0.000421348	-0.000421348	-0.000421348	-0.000421348	-0.000421348	-0.000555556	-0.000555556	-0.000555556	-0.000555556	-0.000555556	-0.000869565	-0.000869565	-0.000869565	-0.000869565	-0.000869565	-0.000847458	-0.000847458	-0.000847458	-0.000847458	-0.000847458	-0.000689655	-0.000689655	-0.000689655	-0.000689655	-0.000689655
945252	-0.003582353	-0.003582353	-0.003582353	-0.003582353	-0.003582353	-0.027723029	-0.027723029	-0.027723029	-0.027723029	-0.027723029	-0.020489116	-0.020489116	-0.020489116	-0.020489116	-0.020489116	-0.006756757	-0.006756757	-0.006756757	-0.006756757	-0.006756757	-0.004065041	-0.004065041	-0.004065041	-0.004065041	-0.004065041	-0.004065041	-0.004065041	-0.004065041	-0.004065041	-0.004065041	-0.004065041	-0.004065041	-0.004065041	-0.000421348	-0.000421348	-0.000421348	-0.000421348	-0.000421348	-0.000555556	-0.000555556	-0.000555556	-0.000555556	-0.000555556	-0.000869565	-0.000869565	-0.000869565	-0.000869565	-0.000869565	-0.000847458	-0.000847458	-0.000847458	-0.000847458	-0.000847458	-0.000689655	-0.000689655	-0.000689655	-0.000689655	-0.000689655
946368	-0.003582353	-0.003582353	-0.003582353	-0.003582353	-0.003582353	-0.027723029	-0.027723029	-0.027723029	-0.027723029	-0.027723029	-0.020489116	-0.020489116	-0.020489116	-0.020489116	-0.020489116	-0.006756757	-0.006756757	-0.006756757	-0.006756757	-0.006756757	-0.004065041	-0.004065041	-0.004065041	-0.004065041	-0.004065041	-0.004065041	-0.004065041	-0.004065041	-0.004065041	-0.004065041	-0.004065041	-0.004065041	-0.004065041	-0.000421348	-0.000421348	-0.000421348	-0.000421348	-0.000421348	-0.000555556	-0.000555556	-0.000555556	-0.000555556	-0.000555556	-0.000869565	-0.000869565	-0.000869565	-0.000869565	-0.000869565	-0.000847458	-0.000847458	-0.000847458	-0.000847458	-0.000847458	-0.000689655	-0.000689655	-0.000689655	-0.000689655	-0.000689655
947484	-0.003582353	-0.003582353	-0.003582353	-0.003582353	-0.003582353	-0.027723029	-0.027723029	-0.027723029	-0.027723029	-0.027723029	-0.020489116	-0.020489116	-0.020489116	-0.020489116	-0.020489116	-0.006756757	-0.006756757	-0.006756757	-0.006756757	-0.006756757	-0.004065041	-0.004065041	-0.004065041	-0.004065041	-0.004065041	-0.004065041	-0.004065041	-0.004065041	-0.004065041	-0.004065041	-0.004065041	-0.004065041	-0.004065041	-0.000421348	-0.000421348	-0.000421348	-0.000421348	-0.000421348	-0.000555556	-0.000555556	-0.000555556	-0.000555556	-0.000555556	-0.000869565	-0.000869565	-0.000869565	-0.000869565	-0.000869565	-0.000847458	-0.000847458	-0.000847458	-0.000847458	-0.000847458	-0.000689655	-0.000689655	-0.000689655	-0.000689655	-0.000689655
948600	-0.003582353	-0.003582353	-0.003582353	-0.003582353	-0.003582353	-0.027723029	-0.027723029	-0.027723029	-0.027723029	-0.027723029	-0.020489116	-0.020489116	-0.020489116	-0.020489116	-0.020489116	-0.006756757	-0.006756757	-0.006756757	-0.006756757	-0.006756757	-0.004065041	-0.004065041	-0.004065041	-0.004065041	-0.004065041	-0.004065041	-0.004065041	-0.004065041	-0.004065041	-0.004065041	-0.004065041	-0.004065041	-0.004065041	-0.000421348	-0.000421348	-0.000421348	-0.000421348	-0.000421348	-0.000555556	-0.000555556	-0.000555556	-0.000555556	-0.000555556	-0.000869565	-0.000869565	-0.000869565	-0.000869565	-0.000869565	-0.000847458	-0.000847458	-0.000847458	-0.000847458	-0.000847458	-0.000689655	-0.000689655	-0.000689655	-0.000689655	-0.000689655
949716	-0.003582353	-0.003582353	-0.003582353	-0.003582353	-0.003582353	-0.027723029	-0.027723029	-0.027723029	-0.027723029	-0.027723029	-0.020489116	-0.020489116	-0.020489116	-0.020489116	-0.020489116	-0.006756757	-0.006756757	-0.006756757	-0.006756757	-0.006756757	-0.004065041	-0.004065041	-0.004065041	-0.004065041	-0.004065041	-0.004065041	-0.004065041	-0.004065041	-0.004065041	-0.004065041	-0.004065041	-0.004065041	-0.004065041	-0.000421348	-0.000421348	-0.000421348	-0.000421348	-0.000421348	-0.000555556	-0.000555556	-0.000555556	-0.000555556	-0.000555556	-0.000869565	-0.000869565	-0.000869565	-0.000869565	-0.000869565	-0.000847458	-0.000847458	-0.000847458	-0.000847458	-0.000847458	-0.000689655	-0.000689655	-0.000689655	-0.000689655	-0.000689655
950832	-0.003582353	-0.003582353	-0.003582353	-0.003582353	-0.003582353	-0.027723029	-0.027723029	-0.027723029	-0.027723029	-0.027723029	-0.020489116	-0.020489116	-0.020489116	-0.020489116	-0.020489116	-0.006756757	-0.006756757	-0.006756757	-0.006756757	-0.006756757	-0.004065041	-0.004065041	-0.004065041	-0.004065041	-0.004065041	-0.004065041	-0.004065041	-0.004065041	-0.004065041	-0.004065041	-0.004065041	-0.004065041	-0.004065041	-0.000421348	-0.000421348	-0.000421348	-0.000421348	-0.000421348	-0.000555556	-0.000555556	-0.000555556	-0.000555556	-0.000555556	-0.000869565	-0.000869565	-0.000869565	-0.000869565	-0.000869565	-0.000847458	-0.000847458	-0.000847458	-0.000847458	-0.000847458	-0.000689655	-0.000689655	-0.000689655	-0.000689655	-0.000689655
951948	-0.003582353	-0.003582353	-0.003582353	-0.003582353	-0.003582353	-0.027723029	-0.027723029	-0.027723029	-0.027723029	-0.027723029	-0.020489116	-0.020489116	-0.020489116	-0.020489116	-0.020489116	-0.006756757	-0.006756757	-0.006756757	-0.006756757	-0.006756757	-0.004065041	-0.004065041	-0.004065041	-0.004065041	-0.004065041	-0.004065041	-0.004065041	-0.004065041	-0.004065041	-0.004065041	-0.004065041	-0.004065041	-0.004065041	-0.000421348	-0.000421348	-0.000421348	-0.000421348	-0.000421348	-0.000555556	-0.000555556	-0.000555556	-0.000555556	-0.000555556	-0.000869565	-0.000869565	-0.000869565	-0.000869565	-0.000869565	-0.000847458	-0.000847458	-0.000847458	-0.000847458	-0.000847458	-0.000689655	-0.000689655	-0.000689655	-0.000689655	-0.000689655
953064	-0.003582353	-0.003582353	-0.003582353	-0.003582353	-0.003582353	-0.027723029	-0.027723029	-0.027723029	-0.027723029	-0.027723029	-0.020489116	-0.020489116	-0.020489116	-0.020489116	-0.020489116	-0.006756757	-0.006756757	-0.006756757	-0.006756757	-0.006756757	-0.004065041	-0.004065041	-0.004065041	-0.004065041	-0.004065041	-0.004065041	-0.004065041	-0.004065041	-0.004065041	-0.004065041	-0.004065041	-0.004065041	-0.004065041	-0.000421348	-0.000421348	-0.000421348	-0.000421348	-0.000421348	-0.000555556	-0.000555556	-0.000555556	-0.000555556	-0.000555556	-0.000869565	-0.000869565	-0.000869565	-0.000869565	-0.000869565	-0.000847458	-0.000847458	-0.000847458	-0.000847458	-0.000847458	-0.000689655	-0.000689655	-0.000689655	-0.000689655	-0.000689655
954180	-0.003582353	-0.003582353	-0.003582353	-0.003582353	-0.003582353	-0.027723029	-0.027723029	-0.027723029	-0.027723029	-0.027723029	-0.020489116	-0.020489116	-0.020489116	-0.020489116	-0.020489116	-0.006756757	-0.006756757	-0.006756757	-0.006756757	-0.006756757	-0.004065041	-0.004065041	-0.004065041	-0.004065041	-0.004065041	-0.004065041	-0.004065041	-0.004065041	-0.004065041	-0.004065041	-0.004065041	-0.004065041	-0.004065041	-0.000421348	-0.000421348	-0.000421348	-0.000421348	-0.000421348	-0.000555556	-0.000555556	-0.000555556	-0.000555556	-0.000555556	-0.000869565	-0.000869565	-0.000869565	-0.000869565	-0.000869565	-0.000847458	-0.000847458	-0.000847458	-0.000847458	-0.000847458	-0.000689655	-0.000689655	-0.000689655	-0.000689655	-0.000689655
955296	-0.003582353	-0.003582353	-0.003582353	-0.003582353	-0.003582353	-0.027723029	-0.027723029	-0.027723029	-0.027723029	-0.027723029	-0.020489116	-0.020489116	-0.020489116	-0.020489116	-0.020489116	-0.006756757	-0.006756757	-0.006756757	-0.006756757	-0.006756757	-0.004065041	-0.004065041	-0.004065041	-0.004065041	-0.004065041	-0.004065041	-0.004065041	-0.004065041	-0.004065041	-0.004065041	-0.004065041	-0.004065041	-0.004065041	-0.000421348	-0.000421348	-0.000421348	-0.000421348	-0.000421348	-0.000555556	-0.000555556	-0.000555556	-0.000555556	-0.000555556	-0.000869565	-0.000869565	-0.000869565	-0.000869565	-0.000869565	-0.000847458	-0.000847458	-0.000847458	-0.000847458	-0.000847458	-0.000689655	-0.000689655	-0.000689655	-0.000689655	-0.000689655
956412	-0.003582353	-0.003582353	-0.003582353	-0.003582353	-0.003582353	-0.027723029	-0.027723029	-0.027723029	-0.027723029	-0.027723029	-0.020489116	-0.020489116	-0.020489116	-0.020489116	-0.020489116	-0.006756757	-0.006756757	-0.006756757	-0.006756757	-0.006756757	-0.004065041	-0.004065041	-0.004065041	-0.004065041	-0.004065041	-0.004065041	-0.004065041	-0.004065041	-0.004065041	-0.004065041	-0.004065041	-0.004065041	-0.004065041	-0.000421348	-0.000421348	-0.000421348	-0.000421348	-0.000421348	-0.000555556	-0.000555556	-0.000555556	-0.000555556	-0.000555556	-0.000869565	-0.000869565	-0.000869565	-0.000869565	-0.000869565	-0.000847458	-0.000847458	-0.000847458	-0.000847458	-0.000847458	-0.000689655	-0.000689655	-0.000689655	-0.000689655	-0.000689655
957528	-0.003582353	-0.003582353	-0.003582353	-0.003582353	-0.003582353	-0.027723029	-0.027723029	-0.027723029	-0.027723029	-0.027723029	-0.020489116	-0.020489116	-0.020489116	-0.020489116	-0.020489116	-0.006756757	-0.006756757	-0.006756757	-0.006756757	-0.006756757	-0.004065041	-0.004065041	-0.004065041	-0.004065041	-0.004065041	-0.004065041	-0.004065041	-0.004065041	-0.004065041	-0.004065041	-0.004065041	-0.004065041	-0.004065041	-0.000421348	-0.000421348	-0.000421348	-0.000421348	-0.000421348	-0.000555556	-0.000555556	-0.000555556	-0.000555556	-0.000555556	-0.000869565	-0.000869565	-0.000869565	-0.000869565	-0.000869565	-0.000847458	-0.000847458	-0.000847458	-0.000847458	-0.000847458	-0.000689655	-0.000689655	-0.000689655	-0.000689655	-0.000689655
958644	-0.003582353	-0.003582353	-0.003582353	-0.003582353	-0.003582353	-0.027723029	-0.027723029	-0.027723029	-0.027723029	-0.027723029	-0.020489116	-0.020489116	-0.020489116	-0.020489116	-0.020489116	-0.006756757	-0.006756757	-0.006756757	-0.006756757	-0.006756757	-0.004065041	-0.004065041	-0.004065041	-0.004065041	-0.004065041	-0.004065041	-0.004065041	-0.004065041	-0.004065041	-0.004065041	-0.004065041	-0.004065041	-0.004065041	-0.000421348	-0.000421348	-0.000421348	-0.000421348	-0.000421348	-0.000555556	-0.000555556	-0.000555556	-0.000555556	-0.000555556	-0.000869565	-0.000869565	-0.000869565	-0.000869565	-0.000869565	-0.000847458	-0.000847458	-0.000847458	-0.000847458	-0.000847458	-0.000689655	-0.000689655	-0.000689655	-0.000689655	-0.000689655
959760	-0.003582353	-0.003582353	-0.003582353	-0.003582353	-0.003582353	-0.027723029	-0.027723029	-0.027723029	-0.027723029	-0.027723029	-0.020489116	-0.020489116	-0.020489116	-0.020489116	-0.020489116	-0.006756757	-0.006756757	-0.006756757	-0.006756757	-0.006756757	-0.004065041	-0.004065041	-0.004065041	-0.004065041	-0.004065041	-0.004065041	-0.004065041	-0.004065041	-0.004065041	-0.004065041	-0.004065041	-0.004065041	-0.004065041	-0.000421348	-0.000421348	-0.000421348	-0.000421348	-0.000421348	-0.000555556	-0.000555556	-0.000555556	-0.000555556	-0.000555556	-0.000869565	-0.000869565	-0.000869565	-0.000869565	-0.000869565	-0.000847458	-0.000847458	-0.000847458	-0.000847458	-0.000847458	-0.000689655	-0.000689655	-0.000689655	-0.000689655	-0.000689655
960876	-0.003582353	-0.003582353	-0.003582353	-0.003582353	-0.003582353	-0.027723029	-0.027723029	-0.027723029	-0.027723029	-0.027723029	-0.020489116	-0.020489116	-0.020489116	-0.020489116	-0.020489116	-0.006756757	-0.006756757	-0.006756757	-0.006756757	-0.006756757	-0.004065041	-0.004065041	-0.004065041	-0.004065041	-0.004065041	-0.004065041	-0.004065041	-0.004065041	-0.004065041	-0.004065041	-0.004065041	-0.004065041	-0.004065041	-0.000421348	-0.000421348	-0.000421348	-0.000421348	-0.000421348	-0.000555556	-0.000555556	-0.000555556	-0.000555556	-0.000555556	-0.000869565	-0.000869565	-0.000869565	-0.000869565	-0.000869565	-0.000847458	-0.000847458	-0.000847458	-0.000847458	-0.000847458	-0.000689655	-0.000689655	-0.000689655	-0.000689655	-0.000689655
961992	-0.003582353	-0.003582353	-0.003582353	-0.003582353	-0.003582353	-0.027723029	-0.027723029	-0.027723029	-0.027723029	-0.027723029	-0.020489116	-0.020489116	-0.020489116	-0.020489116	-0.020489116	-0.006756757	-0.006756757	-0.006756757	-0.006756757	-0.006756757	-0.004065041	-0.004065041	-0.004065041	-0.004065041	-0.004065041	-0.004065041	-0.004065041	-0.004065041	-0.004065041	-0.004065041	-0.004065041	-0.004065041	-0.004065041	-0.000421348	-0.000421348	-0.000421348	-0.000421348	-0.000421348	-0.000555556	-0.000555556	-0.000555556	-0.000555556	-0.000555556	-0.000869565	-0.000869565	-0.000869565	-0.000869565	-0.000869565	-0.000847458	-0.000847458	-0.000847458	-0.000847458	-0.000847458	-0.000689655	-0.000689655	-0.000689655	-0.000689655	-0.000689655
963108	-0.003582353	-0.003582353	-0.003582353	-0.003582353	-0.003582353	-0.027723029	-0.027723029	-0.027723029	-0.027723029	-0.027723029	-0.020489116	-0.020489116	-0.020489116	-0.020489116	-0.020489116	-0.006756757	-0.006756757	-0.006756757	-0.006756757	-0.006756757	-0.004065041	-0.004065041	-0.004065041	-0.004065041	-0.004065041	-0.004065041	-0.004065041	-0.004065041	-0.004065041	-0.004065041	-0.004065041	-0.004065041	-0.004065041	-0.000421348	-0.000421348	-0.000421348	-0.000421348	-0.000421348	-0.000555556	-0.000555556	-0.000555556	-0.000555556	-0.000555556	-0.000869565	-0.000869565	-0.000869565	-0.000869565	-0.000869565	-0.000847458	-0.000847458	-0.000847458	-0.000847458	-0.000847458	-0.000689655	-0.000689655	-0.000689655	-0.000689655	-0.000689655
964224	-0.003582353	-0.003582353	-0.003582353	-0.003582353	-0.003582353	-0.027723029	-0.027723029	-0.027723029	-0.027723029	-0.027723029	-0.020489116	-0.020489116	-0.020489116	-0.020489116	-0.020489116	-0.006756757	-0.006756757	-0.006756757	-0.006756757	-0.006756757	-0.004065041	-0.004065041	-0.004065041	-0.004065041	-0.004065041	-0.004065041	-0.004065041	-0.004065041	-0.004065041	-0.004065041	-0.004065041	-0.004065041	-0.004065041	-0.000421348	-0.000421348	-0.000421348	-0.000421348	-0.000421348	-0.000555556	-0.000555556	-0.000555556	-0.000555556	-0.000555556	-0.000869565	-0.000869565	-0.000869565	-0.000869565	-0.000869565	-0.000847458	-0.000847458	-0.000847458	-0.000847458	-0.000847458	-0.000689655	-0.000689655	-0.000689655	-0.000689655	-0.000689655
965340	-0.003582353	-0.003582353	-0.003582353	-0.003582353	-0.003582353	-0.027723029	-0.027723029	-0.027723029	-0.027723029	-0.027723029	-0.020489116	-0.020489116	-0.020489116	-0.020489116	-0.020489116	-0.006756757	-0.006756757	-0.006756757	-0.006756757	-0.006756757	-0.004065041	-0.004065041	-0.004065041	-0.004065041	-0.004065041	-0.004065041	-0.004065041	-0.004065041	-0.004065041	-0.004065041	-0.004065041	-0.004065041	-0.004065041	-0.000421348	-0.000421348	-0.000421348	-0.000421348	-0.000421348	-0.000555556	-0.000555556	-0.000555556	-0.000555556	-0.000555556	-0.000869565	-0.000869565	-0.000869565	-0.000869565	-0.000869565	-0.000847458	-0.000847458	-0.000847458	-0.000847458	-0.000847458	-0.000689655	-0.000689655	-0.000689655	-0.000689655	-0.000689655
966456	-0.003582353	-0.003582353	-0.003582353	-0.003582353	-0.003582353	-0.027723029	-0.027723029	-0.027723029	-0.027723029	-0.027723029	-0.020489116	-0.020489116	-0.020489116	-0.020489116	-0.020489116	-0.006756757	-0.006756757	-0.006756757	-0.006756757	-0.006756757	-0.004065041	-0.004065041	-0.004065041	-0.004065041	-0.004065041	-0.004065041	-0.004065041	-0.004065041	-0.004065041	-0.004065041	-0.004065041	-0.004065041	-0.004065041	-0.000421348	-0.000421348	-0.000421348	-0.000421348	-0.000421348	-0.000555556	-0.000555556	-0.000555556	-0.000555556	-0.000555556	-0.000869565	-0.000869565	-0.000869565	-0.000869565	-0.000869565	-0.000847458	-0.000847458	-0.000847458	-0.000847458	-0.000847458	-0.000689655	-0.000689655	-0.000689655	-0.000689655	-0.000689655
967572	-0.003582353	-0.003582353	-0.003582353	-0.003582353	-0.003582353	-0.027723029	-0.027723029	-0.027723029	-0.027723029	-0.027723029	-0.020489116	-0.020489116	-0.020489116	-0.020489116	-0.020489116	-0.006756757	-0.006756757	-0.006756757	-0.006756757	-0.006756757	-0.004065041	-0.004065041	-0.004065041	-0.004065041	-0.004065041	-0.004065041	-0.004065041	-0.004065041	-0.004065041	-0.004065041	-0.004065041	-0.004065041	-0.004065041	-0.000421348	-0.000421348	-0.000421348	-0.000421348	-0.000421348	-0.000555556	-0.000555556	-0.000555556	-0.000555556	-0.000555556	-0.000869565	-0.000869565	-0.000869565	-0.000869565	-0.000869565	-0.000847458	-0.000847458	-0.000847458	-0.000847458	-0.000847458	-0.000689655	-0.000689655	-0.000689655	-0.000689655	-0.000689655
968688	-0.003582353	-0.003582353	-0.003582353	-0.003582353	-0.003582353	-0.027723029	-0.027723029	-0.027723029	-0.027723029	-0.027723029	-0.020489116	-0.020489116	-0.020489116	-0.020489116	-0.020489116	-0.006756757	-0.006756757	-0.006756757	-0.006756757	-0.006756757	-0.004065041	-0.004065041	-0.004065041	-0.004065041	-0.004065041	-0.004065041	-0.004065041	-0.004065041	-0.004065041	-0.004065041	-0.004065041	-0.004065041	-0.004065041	-0.000421348	-0.000421348	-0.000421348	-0.000421348	-0.000421348	-0.000555556	-0.000555556	-0.000555556	-0.000555556	-0.000555556	-0.000869565	-0.000869565	-0.000869565	-0.000869565	-0.000869565	-0.000847458	-0.000847458	-0.000847458	-0.000847458	-0.000847458	-0.000689655	-0.000689655	-0.000689655	-0.000689655	-0.000689655
969804	-0.003582353	-0.003582353	-0.003582353	-0.003582353	-0.003582353	-0.027723029	-0.027723029	-0.027723029	-0.027723029	-0.027723029	-0.020489116	-0.020489116	-0.020489116	-0.020489116	-0.020489116	-0.006756757	-0.006756757	-0.006756757	-0.006756757	-0.006756757	-0.004065041	-0.004065041	-0.004065041	-0.004065041	-0.004065041	-0.004065041	-0.004065041	-0.004065041	-0.004065041	-0.004065041	-0.004065041	-0.004065041	-0.004065041	-0.000421348	-0.000421348	-0.000421348	-0.000421348	-0.000421348	-0.000555556	-0.000555556	-0.000555556	-0.000555556	-0.000555556	-0.000869565	-0.000869565	-0.000869565	-0.000869565	-0.000869565	-0.000847458	-0.000847458	-0.000847458	-0.000847458	-0.000847458	-0.000689655	-0.000689655	-0.000689655	-0.000689655	-0.000689655
970920	-0.003582353	-0.003582353	-0.003582353	-0.003582353	-0.003582353	-0.027723029	-0.027723029	-0.027723029	-0.027723029	-0.027723029	-0.020489116	-0.020489116	-0.020489116	-0.020489116	-0.020489116	-0.006756757	-0.006756757	-0.006756757	-0.006756757	-0.006756757	-0.004065041	-0.004065041	-0.004065041	-0.004065041	-0.004065041	-0.004065041	-0.004065041	-0.004065041	-0.004065041	-0.004065041	-0.004065041	-0.004065041	-0.004065041	-0.000421348	-0.000421348	-0.000421348	-0.000421348	-0.000421348	-0.000555556	-0.000555556	-0.000555556	-0.000555556	-0.000555556	-0.000869565	-0.000869565	-0.000869565	-0.000869565	-0.000869565	-0.000847458	-0.000847458	-0.000847458	-0.000847458	-0.000847458	-0.000689655	-0.000689655	-0.000689655	-0.000689655	-0.000689655
972036	-0.003582353	-0.003582353	-0.003582353	-0.003582353	-0.003582353	-0.027723029	-0.027723029	-0.027723029	-0.027723029	-0.027723029	-0.020489116	-0.020489116	-0.020489116	-0.020489116	-0.020489116	-0.006756757	-0.006756757	-0.006756757	-0.006756757	-0.006756757	-0.004065041	-0.004065041	-0.004065041	-0.004065041	-0.004065041	-0.004065041	-0.004065041	-0.004065041	-0.004065041	-0.004065041	-0.004065041	-0.004065041	-0.004065041	-0.000421348	-0.000421348	-0.000421348	-0.000421348	-0.000421348	-0.000555556	-0.000555556	-0.000555556	-0.000555556	-0.000555556	-0.000869565	-0.000869565	-0.000869565	-0.000869565	-0.000869565	-0.000847458	-0.000847458	-0.000847458	-0.000847458	-0.000847458	-0.000689655	-0.000689655	-0.000689655	-0.000689655	-0.000689655
973152	-0.003582353	-0.003582353	-0.003582353	-0.003582353	-0.003582353	-0.027723029	-0.027723029	-0.027723029	-0.027723029	-0.027723029	-0.020489116	-0.020489116	-0.020489116	-0.020489116	-0.020489116	-0.006756757	-0.006756757	-0.006756757	-0.006756757	-0.006756757	-0.004065041	-0.004065041	-0.004065041	-0.004065041	-0.004065041	-0.004065041	-0.004065041	-0.004065041	-0.004065041	-0.004065041	-0.004065041	-0.004065041	-0.004065041	-0.000421348	-0.000421348	-0.000421348	-0.000421348	-0.000421348	-0.000555556	-0.000555556	-0.000555556	-0.000555556	-0.000555556	-0.000869565	-0.000869565	-0.000869565	-0.000869565	-0.000869565	-0.000847458	-0.000847458	-0.000847458	-0.000847458	-0.000847458	-0.000689655	-0.000689655	-0.000689655	-0.000689655	-0.000689655
974268	-0.003582353	-0.003582353	-0.003582353	-0.003582353	-0.003582353	-0.027723029	-0.027723029	-0.027723029	-0.027723029	-0.027723029	-0.020489116	-0.020489116	-0.020489116	-0.020489116	-0.020489116	-0.006756757	-0.006756757	-0.006756757	-0.006756757	-0.006756757	-0.004065041	-0.004065041	-0.004065041	-0.004065041	-0.004065041	-0.004065041	-0.004065041	-0.004065041	-0.004065041	-0.004065041	-0.004065041	-0.004065041	-0.004065041	-0.000421348	-0.000421348	-0.000421348	-0.000421348	-0.000421348	-0.000555556	-0.000555556	-0.000555556	-0.000555556	-0.000555556	-0.000869565	-0.000869565	-0.000869565	-0.000869565	-0.000869565	-0.000847458	-0.000847458	-0.000847458	-0.000847458	-0.000847458	-0.000689655	-0.000689655	-0.000689655	-0.000689655	-0.000689655
975384	-0.003582353	-0.003582353	-0.003582353	-0.003582353	-0.003582353	-0.027723029	-0.027723029	-0.027723029	-0.027723029	-0.027723029	-0.020489116	-0.020489116	-0.020489116	-0.020489116	-0.020489116	-0.006756757	-0.006756757	-0.006756757	-0.006756757	-0.006756757	-0.004065041	-0.004065041	-0.004065041	-0.004065041	-0.004065041	-0.004065041	-0.004065041	-0.004065041	-0.004065041	-0.004065041	-0.004065041	-0.004065041	-0.004065041	-0.000421348	-0.000421348	-0.000421348	-0.000421348	-0.000421348	-0.000555556	-0.000555556	-0.000555556	-0.000555556	-0.000555556	-0.000869565	-0.000869565	-0.000869565	-0.000869565	-0.000869565	-0.000847458	-0.000847458	-0.000847458	-0.000847458	-0.000847458	-0.000689655	-0.000689655	-0.000689655	-0.000689655	-0.000689655
976500	-0.003582353	-0.003582353	-0.003582353	-0.003582353	-0.003582353	-0.027723029	-0.027723029	-0.027723029	-0.027723029	-0.027723029	-0.020489116	-0.020489116	-0.020489116	-0.020489116	-0.020489116	-0.006756757	-0.006756757	-0.006756757	-0.006756757	-0.006756757	-0.004065041	-0.004065041	-0.004065041	-0.004065041	-0.004065041	-0.004065041	-0.004065041	-0.004065041	-0.004065041	-0.004065041	-0.004065041	-0.004065041	-0.004065041	-0.000421348	-0.000421348	-0.000421348	-0.000421348	-0.000421348	-0.000555556	-0.000555556	-0.000555556	-0.000555556	-0.000555556	-0.000869565	-0.000869565	-0.000869565	-0.000869565	-0.000869565	-0.000847458	-0.000847458	-0.000847458	-0.000847458	-0.000847458	-0.000689655	-0.000689655	-0.000689655	-0.000689655	-0.000689655
977616	-0.003582353	-0.003582353	-0.003582353	-0.003582353	-0.003582353	-0.027723029	-0.027723029	-0.027723029	-0.027723029	-0.027723029	-0.020489116	-0.020489116	-0.020489116	-0.020489116	-0.020489116	-0.006756757	-0.006756757	-0.006756757	-0.006756757	-0.006756757	-0.004065041	-0.004065041	-0.004065041	-0.004065041	-0.004065041	-0.004065041	-0.004065041	-0.004065041	-0.004065041	-0.004065041	-0.004065041	-0.004065041	-0.004065041	-0.000421348	-0.000421348	-0.000421348	-0.000421348	-0.000421348	-0.000555556	-0.000555556	-0.000555556	-0.000555556	-0.000555556	-0.000869565	-0.000869565	-0.000869565	-0.000869565	-0.000869565	-0.000847458	-0.000847458	-0.000847458	-0.000847458	-0.000847458	-0.000689655	-0.000689655	-0.000689655	-0.000689655	-0.000689655
978732	-0.003582353	-0.003582353	-0.003582353	-0.003582353	-0.003582353	-0.027723029	-0.027723029	-0.027723029	-0.027723029	-0.027723029	-0.020489116	-0.020489116	-0.020489116	-0.020489116	-0.020489116	-0.006756757	-0.006756757	-0.006756757	-0.006756757	-0.006756757	-0.004065041	-0.004065041	-0.004065041	-0.004065041	-0.004065041	-0.004065041	-0.004065041	-0.004065041	-0.004065041	-0.004065041	-0.004065041	-0.004065041	-0.004065041	-0.000421348	-0.000421348	-0.000421348	-0.000421348	-0.000421348	-0.000555556	-0.000555556	-0.000555556	-0.000555556	-0.000555556	-0.000869565	-0.000869565	-0.000869565	-0.000869565	-0.000869565	-0.000847458	-0.000847458	-0.000847458	-0.000847458	-0.000847458	-0.000689655	-0.000689655	-0.000689655	-0.000689655	-0.000689655
979848	-0.003582353	-0.003582353	-0.003582353	-0.003582353	-0.003582353	-0.027723029	-0.027723029	-0.027723029	-0.027723029	-0.027723029	-0.020489116	-0.020489116	-0.020489116	-0.020489116	-0.020489116	-0.006756757	-0.006756757	-0.006756757	-0.006756757	-0.006756757	-0.004065041	-0.004065041	-0.004065041	-0.004065041	-0.004065041	-0.004065041	-0.004065041	-0.004065041	-0.004065041	-0.004065041	-0.004065041	-0.004065041	-0.004065041	-0.000421348	-0.000421348	-0.000421348	-0.000421348	-0.000421348	-0.000555556	-0.000555556	-0.000555556	-0.000555556	-0.000555556	-0.000869565	-0.000869565	-0.000869565	-0.000869565	-0.000869565	-0.000847458	-0.000847458	-0.000847458	-0.000847458	-0.000847458	-0.000689655	-0.000689655	-0.000689655	-0.000689655	-0.000689655
980964	-0.003582353	-0.003582353	-0.003582353	-0.003582353	-0.003582353	-0.027723029	-0.027723029	-0.027723029	-0.027723029	-0.027723029	-0.020489116	-0.020489116	-0.020489116	-0.020489116	-0.020489116	-0.006756757	-0.006756757	-0.006756757	-0.006756757	-0.006756757	-0.004065041	-0.004065041	-0.004065041	-0.004065041	-0.004065041	-0.004065041	-0.004065041	-0.004065041	-0.004065041	-0.004065041	-0.004065041	-0.004065041	-0.004065041	-0.000421348	-0.000421348	-0.000421348	-0.000421348	-0.000421348	-0.000555556	-0.000555556	-0.000555556	-0.000555556	-0.000555556	-0.000869565	-0.000869565	-0.000869565	-0.000869565	-0.000869565	-0.000847458	-0.000847458	-0.000847458	-0.000847458	-0.000847458	-0.000689655	-0.000689655	-0.000689655	-0.000689655	-0.000689655
982080	-0.003582353	-0.003582353	-0.003582353	-0.003582353	-0.003582353	-0.027723029	-0.027723029	-0.027723029	-0.027723029	-0.027723029	-0.020489116	-0.020489116	-0.020489116	-0.020489116	-0.020489116	-0.006756757	-0.006756757	-0.006756757	-0.006756757	-0.006756757	-0.004065041	-0.004065041	-0.004065041	-0.004065041	-0.004065041	-0.004065041	-0.004065041	-0.004065041	-0.004065041	-0.004065041	-0.004065041	-0.004065041	-0.004065041	-0.000421348	-0.000421348	-0.000421348	-0.000421348	-0.000421348	-0.000555556	-0.000555556	-0.000555556	-0.000555556	-0.000555556	-0.000869565	-0.000869565	-0.000869565	-0.000869565	-0.000869565	-0.000847458	-0.000847458	-0.000847458	-0.000847458	-0.000847458	-0.000689655	-0.000689655	-0.000689655	-0.000689655	-0.000689655
983196	-0.003582353	-0.003582353	-0.003582353	-0.003582353	-0.003582353	-0.027723029	-0.027723029	-0.027723029	-0.027723029	-0.027723029	-0.020489116	-0.020489116	-0.020489116	-0.020489116	-0.020489116	-0.006756757	-0.006756757	-0.006756757	-0.006756757	-0.006756757	-0.004065041	-0.004065041	-0.004065041	-0.004065041	-0.004065041	-0.004065041	-0.004065041	-0.004065041	-0.004065041	-0.004065041	-0.004065041	-0.004065041	-0.004065041	-0.000421348	-0.000421348	-0.000421348	-0.000421348	-0.000421348	-0.000555556	-0.000555556	-0.000555556	-0.000555556	-0.000555556	-0.000869565	-0.000869565	-0.000869565	-0.000869565	-0.000869565	-0.000847458	-0.000847458	-0.000847458	-0.000847458	-0.000847458	-0.000689655	-0.000689655	-0.000689655	-0.000689655	-0.000689655
984312	-0.003582353	-0.003582353	-0.003582353	-0.003582353	-0.003582353	-0.027723029	-0.027723029	-0.027723029	-0.027723029	-0.027723029	-0.020489116	-0.020489116	-0.020489116	-0.020489116	-0.020489116	-0.006756757	-0.006756757	-0.006756757	-0.006756757	-0.006756757	-0.004065041	-0.004065041	-0.004065041	-0.004065041	-0.004065041	-0.004065041	-0.004065041	-0.004065041	-0.004065041	-0.004065041	-0.004065041	-0.004065041	-0.004065041	-0.000421348	-0.000421348	-0.000421348	-0.000421348	-0.000421348	-0.000555556	-0.000555556	-0.000555556	-0.000555556	-0.000555556	-0.000869565	-0.000869565	-0.000869565	-0.000869565	-0.000869565	-0.000847458	-0.000847458	-0.000847458	-0.000847458	-0.000847458	-0.000689655	-0.000689655	-0.000689655	-0.000689655	-0.000689655
985428	-0.003582353	-0.003582353	-0.003582353	-0.003582353	-0.003582353	-0.027723029	-0.027723029	-0.027723029	-0.027723029	-0.027723029	-0.020489116	-0.020489116	-0.020489116	-0.020489116	-0.020489116	-0.006756757	-0.006756757	-0.006756757	-0.006756757	-0.006756757	-0.004065041	-0.004065041	-0.004065041	-0.004065041	-0.004065041	-0.004065041	-0.004065041	-0.004065041	-0.004065041	-0.004065041	-0.004065041	-0.004065041	-0.004065041	-0.000421348	-0.000421348	-0.000421348	-0.000421348	-0.000421348	-0.000555556	-0.000555556	-0.000555556	-0.000555556	-0.000555556	-0.000869565	-0.000869565	-0.000869565	-0.000869565	-0.000869565	-0.000847458	-0.000847458	-0.000847458	-0.000847458	-0.000847458	-0.000689655	-0.000689655	-0.000689655	-0.000689655	-0.000689655
986544	-0.003582353	-0.003582353	-0.003582353	-0.003582353	-0.003582353	-0.027723029	-0.027723029	-0.027723029	-0.027723029	-0.027723029	-0.020489116	-0.020489116	-0.020489116	-0.020489116	-0.020489116	-0.006756757	-0.006756757	-0.006756757	-0.006756757	-0.006756757	-0.004065041	-0.004065041	-0.004065041	-0.004065041	-0.004065041	-0.004065041	-0.004065041	-0.004065041	-0.004065041	-0.004065041	-0.004065041	-0.004065041	-0.004065041	-0.000421348	-0.000421348	-0.000421348	-0.000421348	-0.000421348	-0.000555556	-0.000555556	-0.000555556	-0.000555556	-0.000555556	-0.000869565	-0.000869565	-0.000869565	-0.000869565	-0.000869565	-0.000847458	-0.000847458	-0.000847458	-0.000847458	-0.000847458	-0.000689655	-0.000689655	-0.000689655	-0.000689655	-0.000689655
987660	-0.003582353	-0.003582353	-0.003582353	-0.003582353	-0.003582353	-0.027723029	-0.027723029	-0.027723029	-0.027723029	-0.027723029	-0.020489116	-0.020489116	-0.020489116	-0.020489116	-0.020489116	-0.006756757	-0.006756757	-0.006756757	-0.006756757	-0.006756757	-0.004065041	-0.004065041	-0.004065041	-0.004065041	-0.004065041	-0.004065041	-0.004065041	-0.004065041	-0.004065041	-0.004065041	-0.004065041	-0.004065041	-0.004065041	-0.000421348	-0.000421348	-0.000421348	-0.000421348	-0.000421348	-0.000555556	-0.000555556	-0.000555556	-0.000555556	-0.000555556	-0.000869565	-0.000869565	-0.000869565	-0.000869565	-0.000869565	-0.000847458	-0.000847458	-0.000847458	-0.000847458	-0.000847458	-0.000689655	-0.000689655	-0.000689655	-0.000689655	-0.000689655
988776	-0.003582353	-0.003582353	-0.003582353	-0.003582353	-0.003582353	-0.027723029	-0.027723029	-0.027723029	-0.027723029	-0.027723029	-0.020489116	-0.020489116	-0.020489116	-0.020489116	-0.020489116	-0.006756757	-0.006756757	-0.006756757	-0.006756757	-0.006756757	-0.004065041	-0.004065041	-0.004065041	-0.004065041	-0.004065041	-0.004065041	-0.004065041	-0.004065041	-0.004065041	-0.004065041	-0.004065041	-0.004065041	-0.004065041	-0.000421348	-0.000421348	-0.000421348	-0.000421348	-0.000421348	-0.000555556	-0.000555556	-0.000555556	-0.000555556	-0.000555556	-0.000869565	-0.000869565	-0.000869565	-0.000869565	-0.000869565	-0.000847458	-0.000847458	-0.000847458	-0.000847458	-0.000847458	-0.000689655	-0.000689655	-0.000689655	-0.000689655	-0.000689655
989892	-0.003582353	-0.003582353	-0.003582353	-0.003582353	-0.003582353	-0.027723029	-0.027723029	-0.027723029	-0.027723029	-0.027723029	-0.020489116	-0.020489116	-0.020489116	-0.020489116	-0.020489116	-0.006756757	-0.006756757	-0.006756757	-0.006756757	-0.006756757	-0.004065041	-0.004065041	-0.004065041	-0.004065041	-0.004065041	-0.004065041	-0.004065041	-0.004065041	-0.004065041	-0.004065041	-0.004065041	-0.004065041	-0.004065041	-0.000421348	-0.000421348	-0.000421348	-0.000421348	-0.000421348	-0.000555556	-0.000555556	-0.000555556	-0.000555556	-0.000555556	-0.000869565	-0.000869565	-0.000869565	-0.000869565	-0.000869565	-0.000847458	-0.000847458	-0.000847458	-0.000847458	-0.000847458	-0.000689655	-0.000689655	-0.000689655	-0.000689655	-0.000689655
991008	-0.003582353	-0.003582353	-0.003582353	-0.003582353	-0.003582353	-0.027723029	-0.027723029	-0.027723029	-0.027723029	-0.027723029	-0.020489116	-0.020489116	-0.020489116	-0.020489116	-0.020489116	-0.006756757	-0.006756757	-0.006756757	-0.006756757	-0.006756757	-0.004065041	-0.004065041	-0.004065041	-0.004065041	-0.004065041	-0.004065041	-0.004065041	-0.004065041	-0.004065041	-0.004065041	-0.004065041	-0.004065041	-0.004065041	-0.000421348	-0.000421348	-0.000421348	-0.000421348	-0.000421348	-0.000555556	-0.000555556	-0.000555556	-0.000555556	-0.000555556	-0.000869565	-0.000869565	-0.000869565	-0.000869565	-0.000869565	-0.000847458	-0.000847458	-0.000847458	-0.000847458	-0.000847458	-0.000689655	-0.000689655	-0.000689655	-0.000689655	-0.000689655
992124	-0.003582353	-0.003582353	-0.003582353	-0.003582353	-0.003582353	-0.027723029	-0.027723029	-0.027723029	-0.027723029	-0.027723029	-0.020489116	-0.020489116	-0.020489116	-0.020489116	-0.020489116	-0.006756757	-0.006756757	-0.006756757	-0.006756757	-0.006756757	-0.004065041	-0.004065041	-0.004065041	-0.004065041	-0.004065041	-0.004065041	-0.004065041	-0.004065041	-0.004065041	-0.004065041	-0.004065041	-0.004065041	-0.004065041	-0.000421348	-0.000421348	-0.000421348	-0.000421348	-0.000421348	-0.000555556	-0.000555556	-0.000555556	-0.000555556	-0.000555556	-0.000869565	-0.000869565	-0.000869565	-0.000869565	-0.000869565	-0.000847458	-0.000847458	-0.000847458	-0.000847458	-0.000847458	-0.000689655	-0.000689655	-0.000689655	-0.000689655	-0.000689655
993240	-0.003582353	-0.003582353	-0.003582353	-0.003582353	-0.003582353	-0.027723029	-0.027723029	-0.027723029	-0.027723029	-0.027723029	-0.020489116	-0.020489116	-0.020489116	-0.020489116	-0.020489116	-0.006756757	-0.006756757	-0.006756757	-0.006756757	-0.006756757	-0.004065041	-0.004065041	-0.004065041	-0.004065041	-0.004065041	-0.004065041	-0.004065041	-0.004065041	-0.004065041	-0.004065041	-0.004065041	-0.004065041	-0.004065041	-0.000421348	-0.000421348	-0.000421348	-0.000421348	-0.000421348	-0.000555556	-0.000555556	-0.000555556	-0.000555556	-0.000555556	-0.000869565	-0.000869565	-0.000869565	-0.000869565	-0.000869565	-0.000847458	-0.000847458	-0.000847458	-0.000847458	-0.000847458	-0.000689655	-0.000689655	-0.000689655	-0.000689655	-0.000689655
994356	-0.003582353	-0.003582353	-0.003582353	-0.003582353	-0.003582353	-0.027723029	-0.027723029	-0.027723029	-0.027723029	-0.027723029	-0.020489116	-0.020489116	-0.020489116	-0.020489116	-0.020489116	-0.006756757	-0.006756757	-0.006756757	-0.006756757	-0.006756757	-0.004065041	-0.004065041	-0.004065041	-0.004065041	-0.004065041	-0.004065041	-0.004065041	-0.004065041	-0.004065041	-0.004065041	-0.004065041	-0.004065041	-0.004065041	-0.000421348	-0.000421348	-0.000421348	-0.000421348	-0.000421348	-0.000555556	-0.000555556	-0.000555556	-0.000555556	-0.000555556	-0.000869565	-0.000869565	-0.000869565	-0.000869565	-0.000869565	-0.000847458	-0.000847458	-0.000847458	-0.000847458	-0.000847458	-0.000689655	-0.000689655	-0.000689655	-0.000689655	-0.000689655
995472	-0.003582353	-0.003582353	-0.003582353	-0.003582353	-0.003582353	-0.027723029	-0.027723029	-0.027723029	-0.027723029	-0.027723029	-0.020489116	-0.020489116	-0.020489116	-0.020489116	-0.020489116	-0.006756757	-0.006756757	-0.006756757	-0.006756757	-0.006756757	-0.004065041	-0.004065041	-0.004065041	-0.004065041	-0.004065041	-0.004065041	-0.004065041	-0.004065041	-0.004065041	-0.004065041	-0.004065041	-0.004065041	-0.004065041	-0.000421348	-0.000421348	-0.000421348	-0.000421348	-0.000421348	-0.000555556	-0.000555556	-0.000555556	-0.000555556	-0.000555556	-0.000869565	-0.000869565	-0.000869565	-0.000869565	-0.000869565	-0.000847458	-0.000847458	-0.000847458	-0.000847458	-0.000847458	-0.000689655	-0.000689655	-0.000689655	-0.000689655	-0.000689655
996588	-0.003582353	-0.003582353	-0.003582353	-0.003582353	-0.003582353	-0.027723029	-0.027723029	-0.027723029	-0.027723029	-0.027723029	-0.020489116	-0.020489116	-0.020489116	-0.020489116	-0.020489116	-0.006756757	-0.006756757	-0.006756757	-0.006756757	-0.006756757	-0.004065041	-0.004065041	-0.004065041	-0.004065041	-0.004065041	-0.004065041	-0.004065041	-0.004065041	-0.004065041	-0.004065041	-0.004065041	-0.004065041	-0.004065041	-0.000421348	-0.000421348	-0.000421348	-0.000421348	-0.000421348	-0.000555556	-0.000555556	-0.000555556	-0.000555556	-0.000555556	-0.000869565	-0.000869565	-0.000869565	-0.000869565	-0.000869565	-0.000847458	-0.000847458	-0.000847458	-0.000847458	-0.000847458	-0.000689655	-0.000689655	-0.000689655	-0.000689655	-0.000689655
997704	-0.003582353	-0.003582353	-0.003582353	-0.003582353	-0.003582353	-0.027723029	-0.027723029	-0.027723029	-0.027723029	-0.027723029	-0.020489116	-0.020489116	-0.020489116	-0.020489116	-0.020489116	-0.006756757	-0.006756757	-0.006756757	-0.006756757	-0.006756757	-0.004065041	-0.004065041	-0.004065041	-0.004065041	-0.004065041	-0.004065041	-0.004065041	-0.004065041	-0.004065041	-0.004065041	-0.004065041	-0.004065041	-0.004065041	-0.000421348	-0.000421348	-0.000421348	-0.000421348	-0.000421348	-0.000555556	-0.000555556	-0.000555556	-0.000555556	-0.000555556	-0.000869565	-0.000869565	-0.000869565	-0.000869565	-0.000869565	-0.000847458	-0.000847458	-0.000847458	-0.000847458	-0.000847458	-0.000689655	-0.000689655	-0.000689655	-0.000689655	-0.000689655
998820	-0.003582353	-0.003582353	-0.003582353	-0.003582353	-0.003582353	-0.027723029	-0.027723029	-0.027723029	-0.027723029	-0.027723029	-0.020489116	-0.020489116	-0.020489116	-0.020489116	-0.020489116	-0.006756757	-0.006756757	-0.006756757	-0.006756757	-0.006756757	-0.004065041	-0.004065041	-0.004065041	-0.004065041	-0.004065041	-0.004065041	-0.004065041	-0.004065041	-0.004065041	-0.004065041	-0.004065041	-0.004065041	-0.004065041	-0.000421348	-0.000421348	-0.000421348	-0.000421348	-0.000421348	-0.000555556	-0.000555556	-0.000555556	-0.000555556	-0.000555556	-0.000869565	-0.000869565	-0.000869565	-0.000869565	-0.000869565	-0.000847458	-0.000847458	-0.000847458	-0.000847458	-0.000847458	-0.000689655	-0.000689655	-0.000689655	-0.000689655	-0.000689655
999936	-0.003582353	-0.003582353	-0.003582353	-0.003582353	-0.003582353	-0.027723029	-0.027723029	-0.027723029	-0.027723029	-0.027723029	-0.020489116	-0.020489116	-0.020489116	-0.020489116	-0.020489116	-0.006756757	-0.006756757	-0.006756757	-0.006756757	-0.006756757	-0.004065041	-0.004065041	-0.004065041	-0.004065041	-0.004065041	-0.004065041	-0.004065041	-0.004065041	-0.004065041	-0.004065041	-0.004065041	-0.004065041	-0.004065041	-0.000421348	-0.000421348	-0.000421348	-0.000421348	-0.000421348	-0.000555556	-0.000555556	-0.000555556	-0.000555556	-0.000555556	-0.000869565	-0.000869565	-0.000869565	-0.000869565	-0.000869565	-0.000847458	-0.000847458	-0.000847458	-0.000847458	-0.000847458	-0.000689655	-0.000689655	-0.000689655	-0.000689655	-0.000689655
1001052	-0.003582353	-0.003582353	-0.003582353	-0.003582353	-0.003582353	-0.027723029	-0.027723029	-0.027723029	-0.027723029	-0.027723029	-0.020489116	-0.020489116	-0.020489116	-0.020489116	-0.020489116	-0.006756757	-0.006756757	-0.006756757	-0.006756757	-0.006756757	-0.004065041	-0.004065041	-0.004065041	-0.004065041	-0.004065041	-0.004065041	-0.004065041	-0.004065041	-0.004065041	-0.004065041	-0.004065041	-0.004065041	-0.004065041	-0.000421348	-0.000421348	-0.000421348	-0.000421348	-0.000421348	-0.000555556	-0.000555556	-0.000555556	-0.000555556	-0.000555556	-0.000869565	-0.000869565	-0.000869565	-0.000869565	-0.000869565	-0.000847458	-0.000847458	-0.000847458	-0.000847458	-0.000847458	-0.000689655	-0.000689655	-0.000689655	-0.000689655	-0.000689655
1002168	-0.003582353	-0.003582353	-0.003582353	-0.003582353	-0.003582353	-0.027723029	-0.027723029	-0.027723029	-0.027723029	-0.027723029	-0.020489116	-0.020489116	-0.020489116	-0.020489116	-0.020489116	-0.006756757	-0.006756757	-0.006756757	-0.006756757	-0.006756757	-0.004065041	-0.004065041	-0.004065041	-0.004065041	-0.004065041	-0.004065041	-0.004065041	-0.004065041	-0.004065041	-0.004065041	-0.004065041	-0.004065041	-0.004065041	-0.000421348	-0.000421348	-0.000421348	-0.000421348	-0.000421348	-0.000555556	-0.000555556	-0.000555556	-0.000555556	-0.000555556	-0.000869565	-0.000869565	-0.000869565	-0.000869565	-0.000869565	-0.000847458	-0.000847458	-0.000847458	-0.000847458	-0.000847458	-0.000689655	-0.000689655	-0.000689655	-0.000689655	-0.000689655
1003284	-0.003582353	-0.003582353	-0.003582353	-0.003582353	-0.003582353	-0.027723029	-0.027723029	-0.027723029	-0.027723029	-0.027723029	-0.020489116	-0.020489116	-0.020489116	-0.020489116	-0.020489116	-0.006756757	-0.006756757	-0.006756757	-0.006756757	-0.006756757	-0.004065041	-0.004065041	-0.004065041	-0.004065041	-0.004065041	-0.004065041	-0.004065041	-0.004065041	-0.004065041	-0.004065041	-0.004065041	-0.004065041	-0.004065041	-0.000421348	-0.000421348	-0.000421348	-0.000421348	-0.000421348	-0.000555556	-0.000555556	-0.000555556	-0.000555556	-0.000555556	-0.000869565	-0.000869565	-0.000869565	-0.000869565	-0.000869565	-0.000847458	-0.000847458	-0.000847458	-0.000847458	-0.000847458	-0.000689655	-0.000689655	-0.000689655	-0.000689655	-0.000689655
1004400	-0.003582353	-0.003582353	-0.003582353	-0.003582353	-0.003582353	-0.027723029	-0.027723029	-0.027723029	-0.027723029	-0.027723029	-0.020489116	-0.020489116	-0.020489116	-0.020489116	-0.020489116	-0.006756757	-0.006756757	-0.006756757	-0.006756757	-0.006756757	-0.004065041	-0.004065041	-0.004065041	-0.004065041	-0.004065041	-0.004065041	-0.004065041	-0.004065041	-0.004065041	-0.004065041	-0.004065041	-0.004065041	-0.004065041	-0.000421348	-0.000421348	-0.000421348	-0.000421348	-0.000421348	-0.000555556	-0.000555556	-0.000555556	-0.000555556	-0.000555556	-0.000869565	-0.000869565	-0.000869565	-0.000869565	-0.000869565	-0.000847458	-0.000847458	-0.000847458	-0.000847458	-0.000847458	-0.000689655	-0.000689655	-0.000689655	-0.000689655	-0.000689655
1005516	-0.003582353	-0.003582353	-0.003582353	-0.003582353	-0.003582353	-0.027723029	-0.027723029	-0.027723029	-0.027723029	-0.027723029	-0.020489116	-0.020489116	-0.020489116	-0.020489116	-0.020489116	-0.006756757	-0.006756757	-0.006756757	-0.006756757	-0.006756757	-0.004065041	-0.004065041	-0.004065041	-0.004065041	-0.004065041	-0.004065041	-0.004065041	-0.004065041	-0.004065041	-0.004065041	-0.004065041	-0.004065041	-0.004065041	-0.000421348	-0.000421348	-0.000421348	-0.000421348	-0.000421348	-0.000555556	-0.000555556	-0.000555556	-0.000555556	-0.000555556	-0.000869565	-0.000869565	-0.000869565	-0.000869565	-0.000869565	-0.000847458	-0.000847458	-0.000847458	-0.000847458	-0.000847458	-0.000689655	-0.000689655	-0.000689655	-0.000689655	-0.000689655
1006632	-0.003582353	-0.003582353	-0.003582353	-0.003582353	-0.003582353	-0.027723029	-0.027723029	-0.027723029	-0.027723029	-0.027723029	-0.020489116	-0.020489116	-0.020489116	-0.020489116	-0.020489116	-0.006756757	-0.006756757	-0.006756757	-0.006756757	-0.006756757	-0.004065041	-0.004065041	-0.004065041	-0.004065041	-0.004065041	-0.004065041	-0.004065041	-0.004065041	-0.004065041	-0.004065041	-0.004065041	-0.004065041	-0.004065041	-0.000421348	-0.000421348	-0.000421348	-0.000421348	-0.000421348	-0.000555556	-0.000555556	-0.000555556	-0.000555556	-0.000555556	-0.000869565	-0.000869565	-0.000869565	-0.000869565	-0.000869565	-0.000847458	-0.000847458	-0.000847458	-0.000847458	-0.000847458	-0.000689655	-0.000689655	-0.000689655	-0.000689655	-0.000689655
1007748	-0.003582353	-0.003582353	-0.003582353	-0.003582353	-0.003582353	-0.027723029	-0.027723029	-0.027723029	-0.027723029	-0.027723029	-0.020489116	-0.020489116	-0.020489116	-0.020489116	-0.020489116	-0.006756757	-0.006756757	-0.006756757	-0.006756757	-0.006756757	-0.004065041	-0.004065041	-0.004065041	-0.004065041	-0.004065041	-0.004065041	-0.004065041	-0.004065041	-0.004065041	-0.004065041	-0.004065041	-0.004065041	-0.004065041	-0.000421348	-0.000421348	-0.000421348	-0.000421348	-0.000421348	-0.000555556	-0.000555556	-0.000555556	-0.000555556	-0.000555556	-0.000869565	-0.000869565	-0.000869565	-0.000869565	-0.000869565	-0.000847458	-0.000847458	-0.000847458	-0.000847458	-0.000847458	-0.000689655	-0.000689655	-0.000689655	-0.000689655	-0.000689655
1008864	-0.003582353	-0.003582353	-0.003582353	-0.003582353	-0.003582353	-0.027723029	-0.027723029	-0.027723029	-0.027723029	-0.027723029	-0.020489116	-0.020489116	-0.020489116	-0.020489116	-0.020489116	-0.006756757	-0.006756757	-0.006756757	-0.006756757	-0.006756757	-0.004065041	-0.004065041	-0.004065041	-0.004065041	-0.004065041	-0.004065041	-0.004065041	-0.004065041	-0.004065041	-0.004065041	-0.004065041	-0.004065041	-0.004065041	-0.000421348	-0.000421348	-0.000421348	-0.000421348	-0.000421348	-0.000555556	-0.000555556	-0.000555556	-0.000555556	-0.000555556	-0.000869565	-0.000869565	-0.000869565	-0.000869565	-0.000869565	-0.000847458	-0.000847458	-0.000847458	-0.000847458	-0.000847458	-0.000689655	-0.000689655	-0.000689655	-0.000689655	-0.000689655
1009980	-0.003582353	-0.003582353	-0.003582353	-0.003582353	-0.003582353	-0.027723029	-0.027723029	-0.027723029	-0.027723029	-0.027723029	-0.020489116	-0.020489116	-0.020489116	-0.020489116	-0.020489116	-0.006756757	-0.006756757	-0.006756757	-0.006756757	-0.006756757	-0.004065041	-0.004065041	-0.004065041	-0.004065041	-0.004065041	-0.004065041	-0.004065041	-0.004065041	-0.004065041	-0.004065041	-0.004065041	-0.004065041	-0.004065041	-0.000421348	-0.000421348	-0.000421348	-0.000421348	-0.000421348	-0.000555556	-0.000555556	-0.000555556	-0.000555556	-0.000555556	-0.000869565	-0.000869565	-0.000869565	-0.000869565	-0.000869565	-0.000847458	-0.000847458	-0.000847458	-0.000847458	-0.000847458	-0.000689655	-0.000689655	-0.000689655	-0.000689655	-0.000689655
1011096	-0.003582353	-0.003582353	-0.003582353	-0.003582353	-0.003582353	-0.027723029	-0.027723029	-0.027723029	-0.027723029	-0.027723029	-0.020489116	-0.020489116	-0.020489116	-0.020489116	-0.020489116	-0.006756757	-0.006756757	-0.006756757	-0.006756757	-0.006756757	-0.004065041	-0.004065041	-0.004065041	-0.004065041	-0.004065041	-0.004065041	-0.004065041	-0.004065041	-0.004065041	-0.004065041	-0.004065041	-0.004065041	-0.004065041	-0.000421348	-0.000421348	-0.000421348	-0.000421348	-0.000421348	-0.000555556	-0.000555556	-0.000555556	-0.000555556	-0.000555556	-0.000869565	-0.000869565	-0.000869565	-0.000869565	-0.000869565	-0.000847458	-0.000847458	-0.000847458	-0.000847458	-0.000847458	-0.000689655	-0.000689655	-0.000689655	-0.000689655	-0.000689655
1012212	-0.003582353	-0.003582353	-0.003582353	-0.003582353	-0.003582353	-0.027723029	-0.027723029	-0.027723029	-0.027723029	-0.027723029	-0.020489116	-0.020489116	-0.020489116	-0.020489116	-0.020489116	-0.006756757	-0.006756757	-0.006756757	-0.006756757	-0.006756757	-0.004065041	-0.004065041	-0.004065041	-0.004065041	-0.004065041	-0.004065041	-0.004065041	-0.004065041	-0.004065041	-0.004065041	-0.004065041	-0.004065041	-0.004065041	-0.000421348	-0.000421348	-0.000421348	-0.000421348	-0.000421348	-0.000555556	-0.000555556	-0.000555556	-0.000555556	-0.000555556	-0.000869565	-0.000869565	-0.000869565	-0.000869565	-0.000869565	-0.000847458	-0.000847458	-0.000847458	-0.000847458	-0.000847458	-0.000689655	-0.000689655	-0.000689655	-0.000689655	-0.000689655
1013328	-0.003582353	-0.003582353	-0.003582353	-0.003582353	-0.003582353	-0.027723029	-0.027723029	-0.027723029	-0.027723029	-0.027723029	-0.020489116	-0.020489116	-0.020489116	-0.020489116	-0.020489116	-0.006756757	-0.006756757	-0.006756757	-0.006756757	-0.006756757	-0.004065041	-0.004065041	-0.004065041	-0.004065041	-0.004065041	-0.004065041	-0.004065041	-0.004065041	-0.004065041	-0.004065041	-0.004065041	-0.004065041	-0.004065041	-0.000421348	-0.000421348	-0.000421348	-0.000421348	-0.000421348	-0.000555556	-0.000555556	-0.000555556	-0.000555556	-0.000555556	-0.000869565	-0.000869565	-0.000869565	-0.000869565	-0.000869565	-0.000847458	-0.000847458	-0.000847458	-0.000847458	-0.000847458	-0.000689655	-0.000689655	-0.000689655	-0.000689655	-0.000689655
1014444	-0.003582353	-0.003582353	-0.003582353	-0.003582353	-0.003582353	-0.027723029	-0.027723029	-0.027723029	-0.027723029	-0.027723029	-0.020489116	-0.020489116	-0.020489116	-0.020489116	-0.020489116	-0.006756757	-0.006756757	-0.006756757	-0.006756757	-0.006756757	-0.004065041	-0.004065041	-0.004065041	-0.004065041	-0.004065041	-0.004065041	-0.004065041	-0.004065041	-0.004065041	-0.004065041	-0.004065041	-0.004065041	-0.004065041	-0.000421348	-0.000421348	-0.000421348	-0.000421348	-0.000421348	-0.000555556	-0.000555556	-0.000555556	-0.000555556	-0.000555556	-0.000869565	-0.000869565	-0.000869565	-0.000869565	-0.000869565	-0.000847458	-0.000847458	-0.000847458	-0.000847458	-0.000847458	-0.000689655	-0.000689655	-0.000689655	-0.000689655	-0.000689655
1015560	-0.003582353	-0.003582353	-0.003582353	-0.003582353	-0.003582353	-0.027723029	-0.027723029	-0.027723029	-0.027723029	-0.027723029	-0.020489116	-0.020489116	-0.020489116	-0.020489116	-0.020489116	-0.006756757	-0.006756757	-0.006756757	-0.006756757	-0.006756757	-0.004065041	-0.004065041	-0.004065041	-0.004065041	-0.004065041	-0.004065041	-0.004065041	-0.004065041	-0.004065041	-0.004065041	-0.004065041	-0.004065041	-0.004065041	-0.000421348	-0.000421348	-0.000421348	-0.000421348	-0.000421348	-0.000555556	-0.000555556	-0.000555556	-0.000555556	-0.000555556	-0.000869565	-0.000869565	-0.000869565	-0.000869565	-0.000869565	-0.000847458	-0.000847458	-0.000847458	-0.000847458	-0.000847458	-0.000689655	-0.000689655	-0.000689655	-0.000689655	-0.000689655
1016676	-0.003582353	-0.003582353	-0.003582353	-0.003582353	-0.003582353	-0.027723029	-0.027723029	-0.027723029	-0.027723029	-0.027723029	-0.020489116	-0.020489116	-0.020489116	-0.020489116	-0.020489116	-0.006756757	-0.006756757	-0.006756757	-0.006756757	-0.006756757	-0.004065041	-0.004065041	-0.004065041	-0.004065041	-0.004065041	-0.004065041	-0.004065041	-0.004065041	-0.004065041	-0.004065041	-0.004065041	-0.004065041	-0.004065041	-0.000421348	-0.000421348	-0.000421348	-0.000421348	-0.000421348	-0.000555556	-0.000555556	-0.000555556	-0.000555556	-0.000555556	-0.000869565	-0.000869565	-0.000869565	-0.000869565	-0.000869565	-0.000847458	-0.000847458	-0.000847458	-0.000847458	-0.000847458	-0.000689655	-0.000689655	-0.000689655	-0.000689655	-0.000689655
1017792	-0.003582353	-0.003582353	-0.003582353	-0.003582353	-0.003582353	-0.027723029	-0.027723029	-0.027723029	-0.027723029	-0.027723029	-0.020489116	-0.020489116	-0.020489116	-0.020489116	-0.020489116	-0.006756757	-0.006756757	-0.006756757	-0.006756757	-0.006756757	-0.004065041	-0.004065041	-0.004065041	-0.004065041	-0.004065041	-0.004065041	-0.004065041	-0.004065041	-0.004065041	-0.004065041	-0.004065041	-0.004065041	-0.004065041	-0.000421348	-0.000421348	-0.000421348	-0.000421348	-0.000421348	-0.000555556	-0.000555556	-0.000555556	-0.000555556	-0.000555556	-0.000869565	-0.000869565	-0.000869565	-0.000869565	-0.000869565	-0.000847458	-0.000847458	-0.000847458	-0.000847458	-0.000847458	-0.000689655	-0.000689655	-0.000689655	-0.000689655	-0.000689655
1018908	-0.003582353	-0.003582353	-0.003582353	-0.003582353	-0.003582353	-0.027723029	-0.027723029	-0.027723029	-0.027723029	-0.027723029	-0.020489116	-0.020489116	-0.020489116	-0.020489116	-0.020489116	-0.006756757	-0.006756757	-0.006756757	-0.006756757	-0.006756757	-0.004065041	-0.004065041	-0.004065041	-0.004065041	-0.004065041	-0.004065041	-0.004065041	-0.004065041	-0.004065041	-0.004065041	-0.004065041	-0.004065041	-0.004065041	-0.000421348	-0.000421348	-0.000421348	-0.000421348	-0.000421348	-0.000555556	-0.000555556	-0.000555556	-0.000555556	-0.000555556	-0.000869565	-0.000869565	-0.000869565	-0.000869565	-0.000869565	-0.000847458	-0.000847458	-0.000847458	-0.000847458	-0.000847458	-0.000689655	-0.000689655	-0.000689655	-0.000689655	-0.000689655
1020024	-0.003582353	-0.003582353	-0.003582353	-0.003582353	-0.003582353	-0.027723029	-0.027723029	-0.027723029	-0.027723029	-0.027723029	-0.020489116	-0.020489116	-0.020489116	-0.020489116	-0.020489116	-0.006756757	-0.006756757	-0.006756757	-0.006756757	-0.006756757	-0.004065041	-0.004065041	-0.004065041	-0.004065041	-0.004065041	-0.004065041	-0.004065041	-0.004065041	-0.004065041	-0.004065041	-0.004065041	-0.004065041	-0.004065041	-0.000421348	-0.000421348	-0.000421348	-0.000421348	-0.000421348	-0.000555556	-0.000555556	-0.000555556	-0.000555556	-0.000555556	-0.000869565	-0.000869565	-0.000869565	-0.000869565	-0.000869565	-0.000847458	-0.000847458	-0.000847458	-0.000847458	-0.000847458	-0.000689655	-0.000689655	-0.000689655	-0.000689655	-0.000689655
1021140	-0.003582353	-0.003582353	-0.003582353	-0.003582353	-0.003582353	-0.027723029	-0.027723029	-0.027723029	-0.027723029	-0.027723029	-0.020489116	-0.020489116	-0.020489116	-0.020489116	-0.020489116	-0.006756757	-0.006756757	-0.006756757	-0.006756757	-0.006756757	-0.004065041	-0.004065041	-0.004065041	-0.004065041	-0.004065041	-0.004065041	-0.004065041	-0.004065041	-0.004065041	-0.004065041	-0.004065041	-0.004065041	-0.004065041	-0.000421348	-0.000421348	-0.000421348	-0.000421348	-0.000421348	-0.000555556	-0.000555556	-0.000555556	-0.000555556	-0.000555556	-0.000869565	-0.000869565	-0.000869565	-0.000869565	-0.000869565	-0.000847458	-0.000847458	-0.000847458	-0.000847458	-0.000847458	-0.000689655	-0.000689655	-0.000689655	-0.000689655	-0.000689655
1022256	-0.003582353	-0.003582353	-0.003582353	-0.003582353	-0.003582353	-0.027723029	-0.027723029	-0.027723029	-0.027723029	-0.027723029	-0.020489116	-0.020489116	-0.020489116	-0.020489116	-0.020489116	-0.006756757	-0.006756757	-0.006756757	-0.006756757	-0.006756757	-0.004065041	-0.004065041	-0.004065041	-0.004065041	-0.004065041	-0.004065041	-0.004065041	-0.004065041	-0.004065041	-0.004065041	-0.004065041	-0.004065041	-0.004065041	-0.000421348	-0.000421348	-0.000421348	-0.000421348	-0.000421348	-0.000555556	-0.000555556	-0.000555556	-0.000555556	-0.000555556	-0.000869565	-0.000869565	-0.000869565	-0.000869565	-0.000869565	-0.000847458	-0.000847458	-0.000847458	-0.000847458	-0.000847458	-0.000689655	-0.000689655	-0.000689655	-0.000689655	-0.000689655
1023372	-0.003582353	-0.003582353	-0.003582353	-0.003582353	-0.003582353	-0.027723029	-0.027723029	-0.027723029	-0.027723029	-0.027723029	-0.020489116	-0.020489116	-0.020489116	-0.020489116	-0.020489116	-0.006756757	-0.006756757	-0.006756757	-0.006756757	-0.006756757	-0.004065041	-0.004065041	-0.004065041	-0.004065041	-0.004065041	-0.004065041	-0.004065041	-0.004065041	-0.004065041	-0.004065041	-0.004065041	-0.004065041	-0.004065041	-0.000421348	-0.000421348	-0.000421348	-0.000421348	-0.000421348	-0.000555556	-0.000555556	-0.000555556	-0.000555556	-0.000555556	-0.000869565	-0.000869565	-0.000869565	-0.000869565	-0.000869565	-0.000847458	-0.000847458	-0.000847458	-0.000847458	-0.000847458	-0.000689655	-0.000689655	-0.000689655	-0.000689655	-0.000689655
1024488	-0.003582353	-0.003582353	-0.003582353	-0.003582353	-0.003582353	-0.027723029	-0.027723029	-0.027723029	-0.027723029	-0.027723029	-0.020489116	-0.020489116	-0.020489116	-0.020489116	-0.020489116	-0.006756757	-0.006756757	-0.006756757	-0.006756757	-0.006756757	-0.004065041	-0.004065041	-0.004065041	-0.004065041	-0.004065041	-0.004065041	-0.004065041	-0.004065041	-0.004065041	-0.004065041	-0.004065041	-0.004065041	-0.004065041	-0.000421348	-0.000421348	-0.000421348	-0.000421348	-0.000421348	-0.000555556	-0.000555556	-0.000555556	-0.000555556	-0.000555556	-0.000869565	-0.000869565	-0.000869565	-0.000869565	-0.000869565	-0.000847458	-0.000847458	-0.000847458	-0.000847458	-0.000847458	-0.000689655	-0.000689655	-0.000689655	-0.000689655	-0.000689655
1025604	-0.003582353	-0.003582353	-0.003582353	-0.003582353	-0.003582353	-0.027723029	-0.027723029	-0.027723029	-0.027723029	-0.027723029	-0.020489116	-0.020489116	-0.020489116	-0.020489116	-0.020489116	-0.006756757	-0.006756757	-0.006756757	-0.006756757	-0.006756757	-0.004065041	-0.004065041	-0.004065041	-0.004065041	-0.004065041	-0.004065041	-0.004065041	-0.004065041	-0.004065041	-0.004065041	-0.004065041	-0.004065041	-0.004065041	-0.000421348	-0.000421348	-0.000421348	-0.000421348	-0.000421348	-0.000555556	-0.000555556	-0.000555556	-0.000555556	-0.000555556	-0.000869565	-0.000869565	-0.000869565	-0.000869565	-0.000869565	-0.000847458	-0.000847458	-0.000847458	-0.000847458	-0.000847458	-0.000689655	-0.000689655	-0.000689655	-0.000689655	-0.000689655
1026720	-0.003582353	-0.003582353	-0.003582353	-0.003582353	-0.003582353	-0.027723029	-0.027723029	-0.027723029	-0.027723029	-0.027723029	-0.020489116	-0.020489116	-0.020489116	-0.020489116	-0.020489116	-0.006756757	-0.006756757	-0.006756757	-0.006756757	-0.006756757	-0.004065041	-0.004065041	-0.004065041	-0.004065041	-0.004065041	-0.004065041	-0.004065041	-0.004065041	-0.004065041	-0.004065041	-0.004065041	-0.004065041	-0.004065041	-0.000421348	-0.000421348	-0.000421348	-0.000421348	-0.000421348	-0.000555556	-0.000555556	-0.000555556	-0.000555556	-0.000555556	-0.000869565	-0.000869565	-0.000869565	-0.000869565	-0.000869565	-0.000847458	-0.000847458	-0.000847458	-0.000847458	-0.000847458	-0.000689655	-0.000689655	-0.000689655	-0.000689655	-0.000689655
1027836	-0.003582353	-0.003582353	-0.003582353	-0.003582353	-0.003582353	-0.027723029	-0.027723029	-0.027723029	-0.027723029	-0.027723029	-0.020489116	-0.020489116	-0.020489116	-0.020489116	-0.020489116	-0.006756757	-0.006756757	-0.006756757	-0.006756757	-0.006756757	-0.004065041	-0.004065041	-0.004065041	-0.004065041	-0.004065041	-0.004065041	-0.004065041	-0.004065041	-0.004065041	-0.004065041	-0.004065041	-0.004065041	-0.004065041	-0.000421348	-0.000421348	-0.000421348	-0.000421348	-0.000421348	-0.000555556	-0.000555556	-0.000555556	-0.000555556	-0.000555556	-0.000869565	-0.000869565	-0.000869565	-0.000869565	-0.000869565	-0.000847458	-0.000847458	-0.000847458	-0.000847458	-0.000847458	-0.000689655	-0.000689655	-0.000689655	-0.000689655	-0.000689655
1028952	-0.003582353	-0.003582353	-0.003582353	-0.003582353	-0.003582353	-0.027723029	-0.027723029	-0.027723029	-0.027723029	-0.027723029	-0.020489116	-0.020489116	-0.020489116	-0.020489116	-0.020489116	-0.006756757	-0.006756757	-0.006756757	-0.006756757	-0.006756757	-0.004065041	-0.004065041	-0.004065041	-0.004065041	-0.004065041	-0.004065041	-0.004065041	-0.004065041	-0.004065041	-0.004065041	-0.004065041	-0.004065041	-0.004065041	-0.000421348	-0.000421348	-0.000421348	-0.000421348	-0.000421348	-0.000555556	-0.000555556	-0.000555556	-0.000555556	-0.000555556	-0.000869565	-0.000869565	-0.000869565	-0.000869565	-0.000869565	-0.000847458	-0.000847458	-0.000847458	-0.000847458	-0.000847458	-0.000689655	-0.000689655	-0.000689655	-0.000689655	-0.000689655
1030068	-0.003582353	-0.003582353	-0.003582353	-0.003582353	-0.003582353	-0.027723029	-0.027723029	-0.027723029	-0.027723029	-0.027723029	-0.020489116	-0.020489116	-0.020489116	-0.020489116	-0.020489116	-0.006756757	-0.006756757	-0.006756757	-0.006756757	-0.006756757	-0.004065041	-0.004065041	-0.004065041	-0.004065041	-0.004065041	-0.004065041	-0.004065041	-0.004065041	-0.004065041	-0.004065041	-0.004065041	-0.004065041	-0.004065041	-0.000421348	-0.000421348	-0.000421348	-0.000421348	-0.000421348	-0.000555556	-0.000555556	-0.000555556	-0.000555556	-0.000555556	-0.000869565	-0.000869565	-0.000869565	-0.000869565	-0.000869565	-0.000847458	-0.000847458	-0.000847458	-0.000847458	-0.000847458	-0.000689655	-0.000689655	-0.000689655	-0.000689655	-0.000689655
1031184	-0.003582353	-0.003582353	-0.003582353	-0.003582353	-0.003582353	-0.027723029	-0.027723029	-0.027723029	-0.027723029	-0.027723029	-0.020489116	-0.020489116	-0.020489116	-0.020489116	-0.020489116	-0.006756757	-0.006756757	-0.006756757	-0.006756757	-0.006756757	-0.004065041	-0.004065041	-0.004065041	-0.004065041	-0.004065041	-0.004065041	-0.004065041	-0.004065041	-0.004065041	-0.004065041	-0.004065041	-0.004065041	-0.004065041	-0.000421348	-0.000421348	-0.000421348	-0.000421348	-0.000421348	-0.000555556	-0.000555556	-0.000555556	-0.000555556	-0.000555556	-0.000869565	-0.000869565	-0.000869565	-0.000869565	-0.000869565	-0.000847458	-0.000847458	-0.000847458	-0.000847458	-0.000847458	-0.000689655	-0.000689655	-0.000689655	-0.000689655	-0.000689655
1032300	-0.003582353	-0.003582353	-0.003582353	-0.003582353	-0.003582353	-0.027723029	-0.027723029	-0.027723029	-0.027723029	-0.027723029	-0.020489116	-0.020489116	-0.020489116	-0.020489116	-0.020489116	-0.006756757	-0.006756757	-0.006756757	-0.006756757	-0.006756757	-0.004065041	-0.004065041	-0.004065041	-0.004065041	-0.004065041	-0.004065041	-0.004065041	-0.004065041	-0.004065041	-0.004065041	-0.004065041	-0.004065041	-0.004065041	-0.000421348	-0.000421348	-0.000421348	-0.000421348	-0.000421348	-0.000555556	-0.000555556	-0.000555556	-0.000555556	-0.000555556	-0.000869565	-0.000869565	-0.000869565	-0.000869565	-0.000869565	-0.000847458	-0.000847458	-0.000847458	-0.000847458	-0.000847458	-0.000689655	-0.000689655	-0.000689655	-0.000689655	-0.000689655
1033416	-0.003582353	-0.003582353	-0.003582353	-0.003582353	-0.003582353	-0.027723029	-0.027723029	-0.027723029	-0.027723029	-0.027723029	-0.020489116	-0.020489116	-0.020489116	-0.020489116	-0.020489116	-0.006756757	-0.006756757	-0.006756757	-0.006756757	-0.006756757	-0.004065041	-0.004065041	-0.004065041	-0.004065041	-0.004065041	-0.004065041	-0.004065041	-0.004065041	-0.004065041	-0.004065041	-0.004065041	-0.004065041	-0.004065041	-0.000421348	-0.000421348	-0.000421348	-0.000421348	-0.000421348	-0.000555556	-0.000555556	-0.000555556	-0.000555556	-0.000555556	-0.000869565	-0.000869565	-0.000869565	-0.000869565	-0.000869565	-0.000847458	-0.000847458	-0.000847458	-0.000847458	-0.000847458	-0.000689655	-0.000689655	-0.000689655	-0.000689655	-0.000689655
1034532	-0.003582353	-0.003582353	-0.003582353	-0.003582353	-0.003582353	-0.027723029	-0.027723029	-0.027723029	-0.027723029	-0.027723029	-0.020489116	-0.020489116	-0.020489116	-0.020489116	-0.020489116	-0.006756757	-0.006756757	-0.006756757	-0.006756757	-0.006756757	-0.004065041	-0.004065041	-0.004065041	-0.004065041	-0.004065041	-0.004065041	-0.004065041	-0.004065041	-0.004065041	-0.004065041	-0.004065041	-0.004065041	-0.004065041	-0.000421348	-0.000421348	-0.000421348	-0.000421348	-0.000421348	-0.000555556	-0.000555556	-0.000555556	-0.000555556	-0.000555556	-0.000869565	-0.000869565	-0.000869565	-0.000869565	-0.000869565	-0.000847458	-0.000847458	-0.000847458	-0.000847458	-0.000847458	-0.000689655	-0.000689655	-0.000689655	-0.000689655	-0.000689655
1035648	-0.003582353	-0.003582353	-0.003582353	-0.003582353	-0.003582353	-0.027723029	-0.027723029	-0.027723029	-0.027723029	-0.027723029	-0.020489116	-0.020489116	-0.020489116	-0.020489116	-0.020489116	-0.006756757	-0.006756757	-0.006756757	-0.006756757	-0.006756757	-0.004065041	-0.004065041	-0.004065041	-0.004065041	-0.004065041	-0.004065041	-0.004065041	-0.004065041	-0.004065041	-0.004065041	-0.004065041	-0.004065041	-0.004065041	-0.000421348	-0.000421348	-0.000421348	-0.000421348	-0.000421348	-0.000555556	-0.000555556	-0.000555556	-0.000555556	-0.000555556	-0.000869565	-0.000869565	-0.000869565	-0.000869565	-0.000869565	-0.000847458	-0.000847458	-0.000847458	-0.000847458	-0.000847458	-0.000689655	-0.000689655	-0.000689655	-0.000689655	-0.000689655
1036764	-0.003582353	-0.003582353	-0.003582353	-0.003582353	-0.003582353	-0.027723029	-0.027723029	-0.027723029	-0.027723029	-0.027723029	-0.020489116	-0.020489116	-0.020489116	-0.020489116	-0.020489116	-0.006756757	-0.006756757	-0.006756757	-0.006756757	-0.006756757	-0.004065041	-0.004065041	-0.004065041	-0.004065041	-0.004065041	-0.004065041	-0.004065041	-0.004065041	-0.004065041	-0.004065041	-0.004065041	-0.004065041	-0.004065041	-0.000421348	-0.000421348	-0.000421348	-0.000421348	-0.000421348	-0.000555556	-0.000555556	-0.000555556	-0.000555556	-0.000555556	-0.000869565	-0.000869565	-0.000869565	-0.000869565	-0.000869565	-0.000847458	-0.000847458	-0.000847458	-0.000847458	-0.000847458	-0.000689655	-0.000689655	-0.000689655	-0.000689655	-0.000689655
1037880	-0.003582353	-0.003582353	-0.003582353	-0.003582353	-0.003582353	-0.027723029	-0.027723029	-0.027723029	-0.027723029	-0.027723029	-0.020489116	-0.020489116	-0.020489116	-0.020489116	-0.020489116	-0.006756757	-0.006756757	-0.006756757	-0.006756757	-0.006756757	-0.004065041	-0.004065041	-0.004065041	-0.004065041	-0.004065041	-0.004065041	-0.004065041	-0.004065041	-0.004065041	-0.004065041	-0.004065041	-0.004065041	-0.004065041	-0.000421348	-0.000421348	-0.000421348	-0.000421348	-0.000421348	-0.000555556	-0.000555556	-0.000555556	-0.000555556	-0.000555556	-0.000869565	-0.000869565	-0.000869565	-0.000869565	-0.000869565	-0.000847458	-0.000847458	-0.000847458	-0.000847458	-0.000847458	-0.000689655	-0.000689655	-0.000689655	-0.000689655	-0.000689655
1038996	-0.003582353	-0.003582353	-0.003582353	-0.003582353	-0.003582353	-0.027723029	-0.027723029	-0.027723029	-0.027723029	-0.027723029	-0.020489116	-0.020489116	-0.020489116	-0.020489116	-0.020489116	-0.006756757	-0.006756757	-0.006756757	-0.006756757	-0.006756757	-0.004065041	-0.004065041	-0.004065041	-0.004065041	-0.004065041	-0.004065041	-0.004065041	-0.004065041	-0.004065041	-0.004065041	-0.004065041	-0.004065041	-0.004065041	-0.000421348	-0.000421348	-0.000421348	-0.000421348	-0.000421348	-0.000555556	-0.000555556	-0.000555556	-0.000555556	-0.000555556	-0.000869565	-0.000869565	-0.000869565	-0.000869565	-0.000869565	-0.000847458	-0.000847458	-0.000847458	-0.000847458	-0.000847458	-0.000689655	-0.000689655	-0.000689655	-0.000689655	-0.000689655
1040112	-0.003582353	-0.003582353	-0.003582353	-0.003582353	-0.003582353	-0.027723029	-0.027723029	-0.027723029	-0.027723029	-0.027723029	-0.020489116	-0.020489116	-0.020489116	-0.020489116	-0.020489116	-0.006756757	-0.006756757	-0.006756757	-0.006756757	-0.006756757	-0.004065041	-0.004065041	-0.004065041	-0.004065041	-0.004065041	-0.004065041	-0.004065041	-0.004065041	-0.004065041	-0.004065041	-0.004065041	-0.004065041	-0.004065041	-0.000421348	-0.000421348	-0.000421348	-0.000421348	-0.000421348	-0.000555556	-0.000555556	-0.000555556	-0.000555556	-0.000555556	-0.000869565	-0.000869565	-0.000869565	-0.000869565	-0.000869565	-0.000847458	-0.000847458	-0.000847458	-0.000847458	-0.000847458	-0.000689655	-0.000689655	-0.000689655	-0.000689655	-0.000689655
1041228	-0.003582353	-0.003582353	-0.003582353	-0.003582353	-0.003582353	-0.027723029	-0.027723029	-0.027723029	-0.027723029	-0.027723029	-0.020489116	-0.020489116	-0.020489116	-0.020489116	-0.020489116	-0.006756757	-0.006756757	-0.006756757	-0.006756757	-0.006756757	-0.004065041	-0.004065041	-0.004065041	-0.004065041	-0.004065041	-0.004065041	-0.004065041	-0.004065041	-0.004065041	-0.004065041	-0.004065041	-0.004065041	-0.004065041	-0.000421348	-0.000421348	-0.000421348	-0.000421348	-0.000421348	-0.000555556	-0.000555556	-0.000555556	-0.000555556	-0.000555556	-0.000869565	-0.000869565	-0.000869565	-0.000869565	-0.000869565	-0.000847458	-0.000847458	-0.000847458	-0.000847458	-0.000847458	-0.000689655	-0.000689655	-0.000689655	-0.000689655	-0.000689655
1042344	-0.003582353	-0.003582353	-0.003582353	-0.003582353	-0.003582353	-0.027723029	-0.027723029	-0.027723029	-0.027723029	-0.027723029	-0.020489116	-0.020489116	-0.020489116	-0.020489116	-0.020489116	-0.006756757	-0.006756757	-0.006756757	-0.006756757	-0.006756757	-0.004065041	-0.004065041	-0.004065041	-0.004065041	-0.004065041	-0.004065041	-0.004065041	-0.004065041	-0.004065041	-0.004065041	-0.004065041	-0.004065041	-0.004065041	-0.000421348	-0.000421348	-0.000421348	-0.000421348	-0.000421348	-0.000555556	-0.000555556	-0.000555556	-0.000555556	-0.000555556	-0.000869565	-0.000869565	-0.000869565	-0.000869565	-0.000869565	-0.000847458	-0.000847458	-0.000847458	-0.000847458	-0.000847458	-0.000689655	-0.000689655	-0.000689655	-0.000689655	-0.000689655
1043460	-0.003582353	-0.003582353	-0.003582353	-0.003582353	-0.003582353	-0.027723029	-0.027723029	-0.027723029	-0.027723029	-0.027723029	-0.020489116	-0.020489116	-0.020489116	-0.020489116	-0.020489116	-0.006756757	-0.006756757	-0.006756757	-0.006756757	-0.006756757	-0.004065041	-0.004065041	-0.004065041	-0.004065041	-0.004065041	-0.004065041	-0.004065041	-0.004065041	-0.004065041	-0.004065041	-0.004065041	-0.004065041	-0.004065041	-0.000421348	-0.000421348	-0.000421348	-0.000421348	-0.000421348	-0.000555556	-0.000555556	-0.000555556	-0.000555556	-0.000555556	-0.000869565	-0.000869565	-0.000869565	-0.000869565	-0.000869565	-0.000847458	-0.000847458	-0.000847458	-0.000847458	-0.000847458	-0.000689655	-0.000689655	-0.000689655	-0.000689655	-0.000689655
1044576	-0.003582353	-0.003582353	-0.003582353	-0.003582353	-0.003582353	-0.027723029	-0.027723029	-0.027723029	-0.027723029	-0.027723029	-0.020489116	-0.020489116	-0.020489116	-0.020489116	-0.020489116	-0.006756757	-0.006756757	-0.006756757	-0.006756757	-0.006756757	-0.004065041	-0.004065041	-0.004065041	-0.004065041	-0.004065041	-0.004065041	-0.004065041	-0.004065041	-0.004065041	-0.004065041	-0.004065041	-0.004065041	-0.004065041	-0.000421348	-0.000421348	-0.000421348	-0.000421348	-0.000421348	-0.000555556	-0.000555556	-0.000555556	-0.000555556	-0.000555556	-0.000869565	-0.000869565	-0.000869565	-0.000869565	-0.000869565	-0.000847458	-0.000847458	-0.000847458	-0.000847458	-0.000847458	-0.000689655	-0.000689655	-0.000689655	-0.000689655	-0.000689655
1045692	-0.003582353	-0.003582353	-0.003582353	-0.003582353	-0.003582353	-0.027723029	-0.027723029	-0.027723029	-0.027723029	-0.027723029	-0.020489116	-0.020489116	-0.020489116	-0.020489116	-0.020489116	-0.006756757	-0.006756757	-0.006756757	-0.006756757	-0.006756757	-0.004065041	-0.004065041	-0.004065041	-0.004065041	-0.004065041	-0.004065041	-0.004065041	-0.004065041	-0.004065041	-0.004065041	-0.004065041	-0.004065041	-0.004065041	-0.000421348	-0.000421348	-0.000421348	-0.000421348	-0.000421348	-0.000555556	-0.000555556	-0.000555556	-0.000555556	-0.000555556	-0.000869565	-0.000869565	-0.000869565	-0.000869565	-0.000869565	-0.000847458	-0.000847458	-0.000847458	-0.000847458	-0.000847458	-0.000689655	-0.000689655	-0.000689655	-0.000689655	-0.000689655
1046808	-0.003582353	-0.003582353	-0.003582353	-0.003582353	-0.003582353	-0.027723029	-0.027723029	-0.027723029	-0.027723029	-0.027723029	-0.020489116	-0.020489116	-0.020489116	-0.020489116	-0.020489116	-0.006756757	-0.006756757	-0.006756757	-0.006756757	-0.006756757	-0.004065041	-0.004065041	-0.004065041	-0.004065041	-0.004065041	-0.004065041	-0.004065041	-0.004065041	-0.004065041	-0.004065041	-0.004065041	-0.004065041	-0.004065041	-0.000421348	-0.000421348	-0.000421348	-0.000421348	-0.000421348	-0.000555556	-0.000555556	-0.000555556	-0.000555556	-0.000555556	-0.000869565	-0.000869565	-0.000869565	-0.000869565	-0.000869565	-0.000847458	-0.000847458	-0.000847458	-0.000847458	-0.000847458	-0.000689655	-0.000689655	-0.000689655	-0.000689655	-0.000689655
1047924	-0.003582353	-0.003582353	-0.003582353	-0.003582353	-0.003582353	-0.027723029	-0.027723029	-0.027723029	-0.027723029	-0.027723029	-0.020489116	-0.020489116	-0.020489116	-0.020489116	-0.020489116	-0.006756757	-0.006756757	-0.006756757	-0.006756757	-0.006756757	-0.004065041	-0.004065041	-0.004065041	-0.004065041	-0.004065041	-0.004065041	-0.004065041	-0.004065041	-0.004065041	-0.004065041	-0.004065041	-0.004065041	-0.004065041	-0.000421348	-0.000421348	-0.000421348	-0.000421348	-0.000421348	-0.000555556	-0.000555556	-0.000555556	-0.000555556	-0.000555556	-0.000869565	-0.000869565	-0.000869565	-0.000869565	-0.000869565	-0.000847458	-0.000847458	-0.000847458	-0.000847458	-0.000847458	-0.000689655	-0.000689655	-0.000689655	-0.000689655	-0.000689655
1049040	-0.003582353	-0.003582353	-0.003582353	-0.003582353	-0.003582353	-0.027723029	-0.027723029	-0.027723029	-0.027723029	-0.027723029	-0.020489116	-0.020489116	-0.020489116	-0.020489116	-0.020489116	-0.006756757	-0.006756757	-0.006756757	-0.006756757	-0.006756757	-0.004065041	-0.004065041	-0.004065041	-0.004065041	-0.004065041	-0.004065041	-0.004065041	-0.004065041	-0.004065041	-0.004065041	-0.004065041	-0.004065041	-0.004065041	-0.000421348	-0.000421348	-0.000421348	-0.000421348	-0.000421348	-0.000555556	-0.000555556	-0.000555556	-0.000555556	-0.000555556	-0.000869565	-0.000869565	-0.000869565	-0.000869565	-0.000869565	-0.000847458	-0.000847458	-0.000847458	-0.000847458	-0.000847458	-0.000689655	-0.000689655	-0.000689655	-0.000689655	-0.000689655
1050156	-0.003582353	-0.003582353	-0.003582353	-0.003582353	-0.003582353	-0.027723029	-0.027723029	-0.027723029	-0.027723029	-0.027723029	-0.020489116	-0.020489116	-0.020489116	-0.020489116	-0.020489116	-0.006756757	-0.006756757	-0.006756757	-0.006756757	-0.006756757	-0.004065041	-0.004065041	-0.004065041	-0.004065041	-0.004065041	-0.004065041	-0.004065041	-0.004065041	-0.004065041	-0.004065041	-0.004065041	-0.004065041	-0.004065041	-0.000421348	-0.000421348	-0.000421348	-0.000421348	-0.000421348	-0.000555556	-0.000555556	-0.000555556	-0.000555556	-0.000555556	-0.000869565	-0.000869565	-0.000869565	-0.000869565	-0.000869565	-0.000847458	-0.000847458	-0.000847458	-0.000847458	-0.000847458	-0.000689655	-0.000689655	-0.000689655	-0.000689655	-0.000689655
1051272	-0.003582353	-0.003582353	-0.003582353	-0.003582353	-0.003582353	-0.027723029	-0.027723029	-0.027723029	-0.027723029	-0.027723029	-0.020489116	-0.020489116	-0.020489116	-0.020489116	-0.020489116	-0.006756757	-0.006756757	-0.006756757	-0.006756757	-0.006756757	-0.004065041	-0.004065041	-0.004065041	-0.004065041	-0.004065041	-0.004065041	-0.004065041	-0.004065041	-0.004065041	-0.004065041	-0.004065041	-0.004065041	-0.004065041	-0.000421348	-0.000421348	-0.000421348	-0.000421348	-0.000421348	-0.000555556	-0.000555556	-0.000555556	-0.000555556	-0.000555556	-0.000869565	-0.000869565	-0.000869565	-0.000869565	-0.000869565	-0.000847458	-0.000847458	-0.000847458	-0.000847458	-0.000847458	-0.000689655	-0.000689655	-0.000689655	-0.000689655	-0.000689655
1052388	-0.003582353	-0.003582353	-0.003582353	-0.003582353	-0.003582353	-0.027723029	-0.027723029	-0.027723029	-0.027723029	-0.027723029	-0.020489116	-0.020489116	-0.020489116	-0.020489116	-0.020489116	-0.006756757	-0.006756757	-0.006756757	-0.006756757	-0.006756757	-0.004065041	-0.004065041	-0.004065041	-0.004065041	-0.004065041	-0.004065041	-0.004065041	-0.004065041	-0.004065041	-0.004065041	-0.004065041	-0.004065041	-0.004065041	-0.000421348	-0.000421348	-0.000421348	-0.000421348	-0.000421348	-0.000555556	-0.000555556	-0.000555556	-0.000555556	-0.000555556	-0.000869565	-0.000869565	-0.000869565	-0.000869565	-0.000869565	-0.000847458	-0.000847458	-0.000847458	-0.000847458	-0.000847458	-0.000689655	-0.000689655	-0.000689655	-0.000689655	-0.000689655
1053504	-0.003582353	-0.003582353	-0.003582353	-0.003582353	-0.003582353	-0.027723029	-0.027723029	-0.027723029	-0.027723029	-0.027723029	-0.020489116	-0.020489116	-0.020489116	-0.020489116	-0.020489116	-0.006756757	-0.006756757	-0.006756757	-0.006756757	-0.006756757	-0.004065041	-0.004065041	-0.004065041	-0.004065041	-0.004065041	-0.004065041	-0.004065041	-0.004065041	-0.004065041	-0.004065041	-0.004065041	-0.004065041	-0.004065041	-0.000421348	-0.000421348	-0.000421348	-0.000421348	-0.000421348	-0.000555556	-0.000555556	-0.000555556	-0.000555556	-0.000555556	-0.000869565	-0.000869565	-0.000869565	-0.000869565	-0.000869565	-0.000847458	-0.000847458	-0.000847458	-0.000847458	-0.000847458	-0.000689655	-0.000689655	-0.000689655	-0.000689655	-0.000689655
1054620	-0.003582353	-0.003582353	-0.003582353	-0.003582353	-0.003582353	-0.027723029	-0.027723029	-0.027723029	-0.027723029	-0.027723029	-0.020489116	-0.020489116	-0.020489116	-0.020489116	-0.020489116	-0.006756757	-0.006756757	-0.006756757	-0.006756757	-0.006756757	-0.004065041	-0.004065041	-0.004065041	-0.004065041	-0.004065041	-0.004065041	-0.004065041	-0.004065041	-0.004065041	-0.004065041	-0.004065041	-0.004065041	-0.004065041	-0.000421348	-0.000421348	-0.000421348	-0.000421348	-0.000421348	-0.000555556	-0.000555556	-0.000555556	-0.000555556	-0.000555556	-0.000869565	-0.000869565	-0.000869565	-0.000869565	-0.000869565	-0.000847458	-0.000847458	-0.000847458	-0.000847458	-0.000847458	-0.000689655	-0.000689655	-0.000689655	-0.000689655	-0.000689655
1055736	-0.003582353	-0.003582353	-0.003582353	-0.003582353	-0.003582353	-0.027723029	-0.027723029	-0.027723029	-0.027723029	-0.027723029	-0.020489116	-0.020489116	-0.020489116	-0.020489116	-0.020489116	-0.006756757	-0.006756757	-0.006756757	-0.006756757	-0.006756757	-0.004065041	-0.004065041	-0.004065041	-0.004065041	-0.004065041	-0.004065041	-0.004065041	-0.004065041	-0.004065041	-0.004065041	-0.004065041	-0.004065041	-0.004065041	-0.000421348	-0.000421348	-0.000421348	-0.000421348	-0.000421348	-0.000555556	-0.000555556	-0.000555556	-0.000555556	-0.000555556	-0.000869565	-0.000869565	-0.000869565	-0.000869565	-0.000869565	-0.000847458	-0.000847458	-0.000847458	-0.000847458	-0.000847458	-0.000689655	-0.000689655	-0.000689655	-0.000689655	-0.000689655
1056852	-0.003582353	-0.003582353	-0.003582353	-0.003582353	-0.003582353	-0.027723029	-0.027723029	-0.027723029	-0.027723029	-0.027723029	-0.020489116	-0.020489116	-0.020489116	-0.020489116	-0.020489116	-0.006756757	-0.006756757	-0.006756757	-0.006756757	-0.006756757	-0.004065041	-0.004065041	-0.004065041	-0.004065041	-0.004065041	-0.004065041	-0.004065041	-0.004065041	-0.004065041	-0.004065041	-0.004065041	-0.004065041	-0.004065041	-0.000421348	-0.000421348	-0.000421348	-0.000421348	-0.000421348	-0.000555556	-0.000555556	-0.000555556	-0.000555556	-0.000555556	-0.000869565	-0.000869565	-0.000869565	-0.000869565	-0.000869565	-0.000847458	-0.000847458	-0.000847458	-0.000847458	-0.000847458	-0.000689655	-0.000689655	-0.000689655	-0.000689655	-0.000689655
1057968	-0.003582353	-0.003582353	-0.003582353	-0.003582353	-0.003582353	-0.027723029	-0.027723029	-0.027723029	-0.027723029	-0.027723029	-0.020489116	-0.020489116	-0.020489116	-0.020489116	-0.020489116	-0.006756757	-0.006756757	-0.006756757	-0.006756757	-0.006756757	-0.004065041	-0.004065041	-0.004065041	-0.004065041	-0.004065041	-0.004065041	-0.004065041	-0.004065041	-0.004065041	-0.004065041	-0.004065041	-0.004065041	-0.004065041	-0.000421348	-0.000421348	-0.000421348	-0.000421348	-0.000421348	-0.000555556	-0.000555556	-0.000555556	-0.000555556	-0.000555556	-0.000869565	-0.000869565	-0.000869565	-0.000869565	-0.000869565	-0.000847458	-0.000847458	-0.000847458	-0.000847458	-0.000847458	-0.000689655	-0.000689655	-0.000689655	-0.000689655	-0.000689655
1059084	-0.003582353	-0.003582353	-0.003582353	-0.003582353	-0.003582353	-0.027723029	-0.027723029	-0.027723029	-0.027723029	-0.027723029	-0.020489116	-0.020489116	-0.020489116	-0.020489116	-0.020489116	-0.006756757	-0.006756757	-0.006756757	-0.006756757	-0.006756757	-0.004065041	-0.004065041	-0.004065041	-0.004065041	-0.004065041	-0.004065041	-0.004065041	-0.004065041	-0.004065041	-0.004065041	-0.004065041	-0.004065041	-0.004065041	-0.000421348	-0.000421348	-0.000421348	-0.000421348	-0.000421348	-0.000555556	-0.000555556	-0.000555556	-0.000555556	-0.000555556	-0.000869565	-0.000869565	-0.000869565	-0.000869565	-0.000869565	-0.000847458	-0.000847458	-0.000847458	-0.000847458	-0.000847458	-0.000689655	-0.000689655	-0.000689655	-0.000689655	-0.000689655
1060200	-0.003582353	-0.003582353	-0.003582353	-0.003582353	-0.003582353	-0.027723029	-0.027723029	-0.027723029	-0.027723029	-0.027723029	-0.020489116	-0.020489116	-0.020489116	-0.020489116	-0.020489116	-0.006756757	-0.006756757	-0.006756757	-0.006756757	-0.006756757	-0.004065041	-0.004065041	-0.004065041	-0.004065041	-0.004065041	-0.004065041	-0.004065041	-0.004065041	-0.004065041	-0.004065041	-0.004065041	-0.004065041	-0.004065041	-0.000421348	-0.000421348	-0.000421348	-0.000421348	-0.000421348	-0.000555556	-0.000555556	-0.000555556	-0.000555556	-0.000555556	-0.000869565	-0.000869565	-0.000869565	-0.000869565	-0.000869565	-0.000847458	-0.000847458	-0.000847458	-0.000847458	-0.000847458	-0.000689655	-0.000689655	-0.000689655	-0.000689655	-0.000689655
1061316	-0.003582353	-0.003582353	-0.003582353	-0.003582353	-0.003582353	-0.027723029	-0.027723029	-0.027723029	-0.027723029	-0.027723029	-0.020489116	-0.020489116	-0.020489116	-0.020489116	-0.020489116	-0.006756757	-0.006756757	-0.006756757	-0.006756757	-0.006756757	-0.004065041	-0.004065041	-0.004065041	-0.004065041	-0.004065041	-0.004065041	-0.004065041	-0.004065041	-0.004065041	-0.004065041	-0.004065041	-0.004065041	-0.004065041	-0.000421348	-0.000421348	-0.000421348	-0.000421348	-0.000421348	-0.000555556	-0.000555556	-0.000555556	-0.000555556	-0.000555556	-0.000869565	-0.000869565	-0.000869565	-0.000869565	-0.000869565	-0.000847458	-0.000847458	-0.000847458	-0.000847458	-0.000847458	-0.000689655	-0.000689655	-0.000689655	-0.000689655	-0.000689655
1062432	-0.003582353	-0.003582353	-0.003582353	-0.003582353	-0.003582353	-0.027723029	-0.027723029	-0.027723029	-0.027723029	-0.027723029	-0.020489116	-0.020489116	-0.020489116	-0.020489116	-0.020489116	-0.006756757	-0.006756757	-0.006756757	-0.006756757	-0.006756757	-0.004065041	-0.004065041	-0.004065041	-0.004065041	-0.004065041	-0.004065041	-0.004065041	-0.004065041	-0.004065041	-0.004065041	-0.004065041	-0.004065041	-0.004065041	-0.000421348	-0.000421348	-0.000421348	-0.000421348	-0.000421348	-0.000555556	-0.000555556	-0.000555556	-0.000555556	-0.000555556	-0.000869565	-0.000869565	-0.000869565	-0.000869565	-0.000869565	-0.000847458	-0.000847458	-0.000847458	-0.000847458	-0.000847458	-0.000689655	-0.000689655	-0.000689655	-0.000689655	-0.000689655
1063548	-0.003582353	-0.003582353	-0.003582353	-0.003582353	-0.003582353	-0.027723029	-0.027723029	-0.027723029	-0.027723029	-0.027723029	-0.020489116	-0.020489116	-0.020489116	-0.020489116	-0.020489116	-0.006756757	-0.006756757	-0.006756757	-0.006756757	-0.006756757	-0.004065041	-0.004065041	-0.004065041	-0.004065041	-0.004065041	-0.004065041	-0.004065041	-0.004065041	-0.004065041	-0.004065041	-0.004065041	-0.004065041	-0.004065041	-0.000421348	-0.000421348	-0.000421348	-0.000421348	-0.000421348	-0.000555556	-0.000555556	-0.000555556	-0.000555556	-0.000555556	-0.000869565	-0.000869565	-0.000869565	-0.000869565	-0.000869565	-0.000847458	-0.000847458	-0.000847458	-0.000847458	-0.000847458	-0.000689655	-0.000689655	-0.000689655	-0.000689655	-0.000689655
1064664	-0.003582353	-0.003582353	-0.003582353	-0.003582353	-0.003582353	-0.027723029	-0.027723029	-0.027723029	-0.027723029	-0.027723029	-0.020489116	-0.020489116	-0.020489116	-0.020489116	-0.020489116	-0.006756757	-0.006756757	-0.006756757	-0.006756757	-0.006756757	-0.004065041	-0.004065041	-0.004065041	-0.004065041	-0.004065041	-0.004065041	-0.004065041	-0.004065041	-0.004065041	-0.004065041	-0.004065041	-0.004065041	-0.004065041	-0.000421348	-0.000421348	-0.000421348	-0.000421348	-0.000421348	-0.000555556	-0.000555556	-0.000555556	-0.000555556	-0.000555556	-0.000869565	-0.000869565	-0.000869565	-0.000869565	-0.000869565	-0.000847458	-0.000847458	-0.000847458	-0.000847458	-0.000847458	-0.000689655	-0.000689655	-0.000689655	-0.000689655	-0.000689655
1065780	-0.003582353	-0.003582353	-0.003582353	-0.003582353	-0.003582353	-0.027723029	-0.027723029	-0.027723029	-0.027723029	-0.027723029	-0.020489116	-0.020489116	-0.020489116	-0.020489116	-0.020489116	-0.006756757	-0.006756757	-0.006756757	-0.006756757	-0.006756757	-0.004065041	-0.004065041	-0.004065041	-0.004065041	-0.004065041	-0.004065041	-0.004065041	-0.004065041	-0.004065041	-0.004065041	-0.004065041	-0.004065041	-0.004065041	-0.000421348	-0.000421348	-0.000421348	-0.000421348	-0.000421348	-0.000555556	-0.000555556	-0.000555556	-0.000555556	-0.000555556	-0.000869565	-0.000869565	-0.000869565	-0.000869565	-0.000869565	-0.000847458	-0.000847458	-0.000847458	-0.000847458	-0.000847458	-0.000689655	-0.000689655	-0.000689655	-0.000689655	-0.000689655
1066896	-0.003582353	-0.003582353	-0.003582353	-0.003582353	-0.003582353	-0.027723029	-0.027723029	-0.027723029	-0.027723029	-0.027723029	-0.020489116	-0.020489116	-0.020489116	-0.020489116	-0.020489116	-0.006756757	-0.006756757	-0.006756757	-0.006756757	-0.006756757	-0.004065041	-0.004065041	-0.004065041	-0.004065041	-0.004065041	-0.004065041	-0.004065041	-0.004065041	-0.004065041	-0.004065041	-0.004065041	-0.004065041	-0.004065041	-0.000421348	-0.000421348	-0.000421348	-0.000421348	-0.000421348	-0.000555556	-0.000555556	-0.000555556	-0.000555556	-0.000555556	-0.000869565	-0.000869565	-0.000869565	-0.000869565	-0.000869565	-0.000847458	-0.000847458	-0.000847458	-0.000847458	-0.000847458	-0.000689655	-0.000689655	-0.000689655	-0.000689655	-0.000689655
1068012	-0.003582353	-0.003582353	-0.003582353	-0.003582353	-0.003582353	-0.027723029	-0.027723029	-0.027723029	-0.027723029	-0.027723029	-0.020489116	-0.020489116	-0.020489116	-0.020489116	-0.020489116	-0.006756757	-0.006756757	-0.006756757	-0.006756757	-0.006756757	-0.004065041	-0.004065041	-0.004065041	-0.004065041	-0.004065041	-0.004065041	-0.004065041	-0.004065041	-0.004065041	-0.004065041	-0.004065041	-0.004065041	-0.004065041	-0.000421348	-0.000421348	-0.000421348	-0.000421348	-0.000421348	-0.000555556	-0.000555556	-0.000555556	-0.000555556	-0.000555556	-0.000869565	-0.000869565	-0.000869565	-0.000869565	-0.000869565	-0.000847458	-0.000847458	-0.000847458	-0.000847458	-0.000847458	-0.000689655	-0.000689655	-0.000689655	-0.000689655	-0.000689655
1069128	-0.003582353	-0.003582353	-0.003582353	-0.003582353	-0.003582353	-0.027723029	-0.027723029	-0.027723029	-0.027723029	-0.027723029	-0.020489116	-0.020489116	-0.020489116	-0.020489116	-0.020489116	-0.006756757	-0.006756757	-0.006756757	-0.006756757	-0.006756757	-0.004065041	-0.004065041	-0.004065041	-0.004065041	-0.004065041	-0.004065041	-0.004065041	-0.004065041	-0.004065041	-0.004065041	-0.004065041	-0.004065041	-0.004065041	-0.000421348	-0.000421348	-0.000421348	-0.000421348	-0.000421348	-0.000555556	-0.000555556	-0.000555556	-0.000555556	-0.000555556	-0.000869565	-0.000869565	-0.000869565	-0.000869565	-0.000869565	-0.000847458	-0.000847458	-0.000847458	-0.000847458	-0.000847458	-0.000689655	-0.000689655	-0.000689655	-0.000689655	-0.000689655
1070244	-0.003582353	-0.003582353	-0.003582353	-0.003582353	-0.003582353	-0.027723029	-0.027723029	-0.027723029	-0.027723029	-0.027723029	-0.020489116	-0.020489116	-0.020489116	-0.020489116	-0.020489116	-0.006756757	-0.006756757	-0.006756757	-0.006756757	-0.006756757	-0.004065041	-0.004065041	-0.004065041	-0.004065041	-0.004065041	-0.004065041	-0.004065041	-0.004065041	-0.004065041	-0.004065041	-0.004065041	-0.004065041	-0.004065041	-0.000421348	-0.000421348	-0.000421348	-0.000421348	-0.000421348	-0.000555556	-0.000555556	-0.000555556	-0.000555556	-0.000555556	-0.000869565	-0.000869565	-0.000869565	-0.000869565	-0.000869565	-0.000847458	-0.000847458	-0.000847458	-0.000847458	-0.000847458	-0.000689655	-0.000689655	-0.000689655	-0.000689655	-0.000689655
1071360	-0.003582353	-0.003582353	-0.003582353	-0.003582353	-0.003582353	-0.027723029	-0.027723029	-0.027723029	-0.027723029	-0.027723029	-0.020489116	-0.020489116	-0.020489116	-0.020489116	-0.020489116	-0.006756757	-0.006756757	-0.006756757	-0.006756757	-0.006756757	-0.004065041	-0.004065041	-0.004065041	-0.004065041	-0.004065041	-0.004065041	-0.004065041	-0.004065041	-0.004065041	-0.004065041	-0.004065041	-0.004065041	-0.004065041	-0.000421348	-0.000421348	-0.000421348	-0.000421348	-0.000421348	-0.000555556	-0.000555556	-0.000555556	-0.000555556	-0.000555556	-0.000869565	-0.000869565	-0.000869565	-0.000869565	-0.000869565	-0.000847458	-0.000847458	-0.000847458	-0.000847458	-0.000847458	-0.000689655	-0.000689655	-0.000689655	-0.000689655	-0.000689655
1072476	-0.003582353	-0.003582353	-0.003582353	-0.003582353	-0.003582353	-0.027723029	-0.027723029	-0.027723029	-0.027723029	-0.027723029	-0.020489116	-0.020489116	-0.020489116	-0.020489116	-0.020489116	-0.006756757	-0.006756757	-0.006756757	-0.006756757	-0.006756757	-0.004065041	-0.004065041	-0.004065041	-0.004065041	-0.004065041	-0.004065041	-0.004065041	-0.004065041	-0.004065041	-0.004065041	-0.004065041	-0.004065041	-0.004065041	-0.000421348	-0.000421348	-0.000421348	-0.000421348	-0.000421348	-0.000555556	-0.000555556	-0.000555556	-0.000555556	-0.000555556	-0.000869565	-0.000869565	-0.000869565	-0.000869565	-0.000869565	-0.000847458	-0.000847458	-0.000847458	-0.000847458	-0.000847458	-0.000689655	-0.000689655	-0.000689655	-0.000689655	-0.000689655
1073592	-0.003582353	-0.003582353	-0.003582353	-0.003582353	-0.003582353	-0.027723029	-0.027723029	-0.027723029	-0.027723029	-0.027723029	-0.020489116	-0.020489116	-0.020489116	-0.020489116	-0.020489116	-0.006756757	-0.006756757	-0.006756757	-0.006756757	-0.006756757	-0.004065041	-0.004065041	-0.004065041	-0.004065041	-0.004065041	-0.004065041	-0.004065041	-0.004065041	-0.004065041	-0.004065041	-0.004065041	-0.004065041	-0.004065041	-0.000421348	-0.000421348	-0.000421348	-0.000421348	-0.000421348	-0.000555556	-0.000555556	-0.000555556	-0.000555556	-0.000555556	-0.000869565	-0.000869565	-0.000869565	-0.000869565	-0.000869565	-0.000847458	-0.000847458	-0.000847458	-0.000847458	-0.000847458	-0.000689655	-0.000689655	-0.000689655	-0.000689655	-0.000689655
1074708	-0.003582353	-0.003582353	-0.003582353	-0.003582353	-0.003582353	-0.027723029	-0.027723029	-0.027723029	-0.027723029	-0.027723029	-0.020489116	-0.020489116	-0.020489116	-0.020489116	-0.020489116	-0.006756757	-0.006756757	-0.006756757	-0.006756757	-0.006756757	-0.004065041	-0.004065041	-0.004065041	-0.004065041	-0.004065041	-0.004065041	-0.004065041	-0.004065041	-0.004065041	-0.004065041	-0.004065041	-0.004065041	-0.004065041	-0.000421348	-0.000421348	-0.000421348	-0.000421348	-0.000421348	-0.000555556	-0.000555556	-0.000555556	-0.000555556	-0.000555556	-0.000869565	-0.000869565	-0.000869565	-0.000869565	-0.000869565	-0.000847458	-0.000847458	-0.000847458	-0.000847458	-0.000847458	-0.000689655	-0.000689655	-0.000689655	-0.000689655	-0.000689655
1075824	-0.003582353	-0.003582353	-0.003582353	-0.003582353	-0.003582353	-0.027723029	-0.027723029	-0.027723029	-0.027723029	-0.027723029	-0.020489116	-0.020489116	-0.020489116	-0.020489116	-0.020489116	-0.006756757	-0.006756757	-0.006756757	-0.006756757	-0.006756757	-0.004065041	-0.004065041	-0.004065041	-0.004065041	-0.004065041	-0.004065041	-0.004065041	-0.004065041	-0.004065041	-0.004065041	-0.004065041	-0.004065041	-0.004065041	-0.000421348	-0.000421348	-0.000421348	-0.000421348	-0.000421348	-0.000555556	-0.000555556	-0.000555556	-0.000555556	-0.000555556	-0.000869565	-0.000869565	-0.000869565	-0.000869565	-0.000869565	-0.000847458	-0.000847458	-0.000847458	-0.000847458	-0.000847458	-0.000689655	-0.000689655	-0.000689655	-0.000689655	-0.000689655
1076940	-0.003582353	-0.003582353	-0.003582353	-0.003582353	-0.003582353	-0.027723029	-0.027723029	-0.027723029	-0.027723029	-0.027723029	-0.020489116	-0.020489116	-0.020489116	-0.020489116	-0.020489116	-0.006756757	-0.006756757	-0.006756757	-0.006756757	-0.006756757	-0.004065041	-0.004065041	-0.004065041	-0.004065041	-0.004065041	-0.004065041	-0.004065041	-0.004065041	-0.004065041	-0.004065041	-0.004065041	-0.004065041	-0.004065041	-0.000421348	-0.000421348	-0.000421348	-0.000421348	-0.000421348	-0.000555556	-0.000555556	-0.000555556	-0.000555556	-0.000555556	-0.000869565	-0.000869565	-0.000869565	-0.000869565	-0.000869565	-0.000847458	-0.000847458	-0.000847458	-0.000847458	-0.000847458	-0.000689655	-0.000689655	-0.000689655	-0.000689655	-0.000689655
1078056	-0.003582353	-0.003582353	-0.003582353	-0.003582353	-0.003582353	-0.027723029	-0.027723029	-0.027723029	-0.027723029	-0.027723029	-0.020489116	-0.020489116	-0.020489116	-0.020489116	-0.020489116	-0.006756757	-0.006756757	-0.006756757	-0.006756757	-0.006756757	-0.004065041	-0.004065041	-0.004065041	-0.004065041	-0.004065041	-0.004065041	-0.004065041	-0.004065041	-0.004065041	-0.004065041	-0.004065041	-0.004065041	-0.004065041	-0.000421348	-0.000421348	-0.000421348	-0.000421348	-0.000421348	-0.000555556	-0.000555556	-0.000555556	-0.000555556	-0.000555556	-0.000869565	-0.000869565	-0.000869565	-0.000869565	-0.000869565	-0.000847458	-0.000847458	-0.000847458	-0.000847458	-0.000847458	-0.000689655	-0.000689655	-0.000689655	-0.000689655	-0.000689655
1079172	-0.003582353	-0.003582353	-0.003582353	-0.003582353	-0.003582353	-0.027723029	-0.027723029	-0.027723029	-0.027723029	-0.027723029	-0.020489116	-0.020489116	-0.020489116	-0.020489116	-0.020489116	-0.006756757	-0.006756757	-0.006756757	-0.006756757	-0.006756757	-0.004065041	-0.004065041	-0.004065041	-0.004065041	-0.004065041	-0.004065041	-0.004065041	-0.004065041	-0.004065041	-0.004065041	-0.004065041	-0.004065041	-0.004065041	-0.000421348	-0.000421348	-0.000421348	-0.000421348	-0.000421348	-0.000555556	-0.000555556	-0.000555556	-0.000555556	-0.000555556	-0.000869565	-0.000869565	-0.000869565	-0.000869565	-0.000869565	-0.000847458	-0.000847458	-0.000847458	-0.000847458	-0.000847458	-0.000689655	-0.000689655	-0.000689655	-0.000689655	-0.000689655
1080288	-0.003582353	-0.003582353	-0.003582353	-0.003582353	-0.003582353	-0.027723029	-0.027723029	-0.027723029	-0.027723029	-0.027723029	-0.020489116	-0.020489116	-0.020489116	-0.020489116	-0.020489116	-0.006756757	-0.006756757	-0.006756757	-0.006756757	-0.006756757	-0.004065041	-0.004065041	-0.004065041	-0.004065041	-0.004065041	-0.004065041	-0.004065041	-0.004065041	-0.004065041	-0.004065041	-0.004065041	-0.004065041	-0.004065041	-0.000421348	-0.000421348	-0.000421348	-0.000421348	-0.000421348	-0.000555556	-0.000555556	-0.000555556	-0.000555556	-0.000555556	-0.000869565	-0.000869565	-0.000869565	-0.000869565	-0.000869565	-0.000847458	-0.000847458	-0.000847458	-0.000847458	-0.000847458	-0.000689655	-0.000689655	-0.000689655	-0.000689655	-0.000689655
1081404	-0.003582353	-0.003582353	-0.003582353	-0.003582353	-0.003582353	-0.027723029	-0.027723029	-0.027723029	-0.027723029	-0.027723029	-0.020489116	-0.020489116	-0.020489116	-0.020489116	-0.020489116	-0.006756757	-0.006756757	-0.006756757	-0.006756757	-0.006756757	-0.004065041	-0.004065041	-0.004065041	-0.004065041	-0.004065041	-0.004065041	-0.004065041	-0.004065041	-0.004065041	-0.004065041	-0.004065041	-0.004065041	-0.004065041	-0.000421348	-0.000421348	-0.000421348	-0.000421348	-0.000421348	-0.000555556	-0.000555556	-0.000555556	-0.000555556	-0.000555556	-0.000869565	-0.000869565	-0.000869565	-0.000869565	-0.000869565	-0.000847458	-0.000847458	-0.000847458	-0.000847458	-0.000847458	-0.000689655	-0.000689655	-0.000689655	-0.000689655	-0.000689655
1082520	-0.003582353	-0.003582353	-0.003582353	-0.003582353	-0.003582353	-0.027723029	-0.027723029	-0.027723029	-0.027723029	-0.027723029	-0.020489116	-0.020489116	-0.020489116	-0.020489116	-0.020489116	-0.006756757	-0.006756757	-0.006756757	-0.006756757	-0.006756757	-0.004065041	-0.004065041	-0.004065041	-0.004065041	-0.004065041	-0.004065041	-0.004065041	-0.004065041	-0.004065041	-0.004065041	-0.004065041	-0.004065041	-0.004065041	-0.000421348	-0.000421348	-0.000421348	-0.000421348	-0.000421348	-0.000555556	-0.000555556	-0.000555556	-0.000555556	-0.000555556	-0.000869565	-0.000869565	-0.000869565	-0.000869565	-0.000869565	-0.000847458	-0.000847458	-0.000847458	-0.000847458	-0.000847458	-0.000689655	-0.000689655	-0.000689655	-0.000689655	-0.000689655
1083636	-0.003582353	-0.003582353	-0.003582353	-0.003582353	-0.003582353	-0.027723029	-0.027723029	-0.027723029	-0.027723029	-0.027723029	-0.020489116	-0.020489116	-0.020489116	-0.020489116	-0.020489116	-0.006756757	-0.006756757	-0.006756757	-0.006756757	-0.006756757	-0.004065041	-0.004065041	-0.004065041	-0.004065041	-0.004065041	-0.004065041	-0.004065041	-0.004065041	-0.004065041	-0.004065041	-0.004065041	-0.004065041	-0.004065041	-0.000421348	-0.000421348	-0.000421348	-0.000421348	-0.000421348	-0.000555556	-0.000555556	-0.000555556	-0.000555556	-0.000555556	-0.000869565	-0.000869565	-0.000869565	-0.000869565	-0.000869565	-0.000847458	-0.000847458	-0.000847458	-0.000847458	-0.000847458	-0.000689655	-0.000689655	-0.000689655	-0.000689655	-0.000689655
1084752	-0.003582353	-0.003582353	-0.003582353	-0.003582353	-0.003582353	-0.027723029	-0.027723029	-0.027723029	-0.027723029	-0.027723029	-0.020489116	-0.020489116	-0.020489116	-0.020489116	-0.020489116	-0.006756757	-0.006756757	-0.006756757	-0.006756757	-0.006756757	-0.004065041	-0.004065041	-0.004065041	-0.004065041	-0.004065041	-0.004065041	-0.004065041	-0.004065041	-0.004065041	-0.004065041	-0.004065041	-0.004065041	-0.004065041	-0.000421348	-0.000421348	-0.000421348	-0.000421348	-0.000421348	-0.000555556	-0.000555556	-0.000555556	-0.000555556	-0.000555556	-0.000869565	-0.000869565	-0.000869565	-0.000869565	-0.000869565	-0.000847458	-0.000847458	-0.000847458	-0.000847458	-0.000847458	-0.000689655	-0.000689655	-0.000689655	-0.000689655	-0.000689655
1085868	-0.003582353	-0.003582353	-0.003582353	-0.003582353	-0.003582353	-0.027723029	-0.027723029	-0.027723029	-0.027723029	-0.027723029	-0.020489116	-0.020489116	-0.020489116	-0.020489116	-0.020489116	-0.006756757	-0.006756757	-0.006756757	-0.006756757	-0.006756757	-0.004065041	-0.004065041	-0.004065041	-0.004065041	-0.004065041	-0.004065041	-0.004065041	-0.004065041	-0.004065041	-0.004065041	-0.004065041	-0.004065041	-0.004065041	-0.000421348	-0.000421348	-0.000421348	-0.000421348	-0.000421348	-0.000555556	-0.000555556	-0.000555556	-0.000555556	-0.000555556	-0.000869565	-0.000869565	-0.000869565	-0.000869565	-0.000869565	-0.000847458	-0.000847458	-0.000847458	-0.000847458	-0.000847458	-0.000689655	-0.000689655	-0.000689655	-0.000689655	-0.000689655
1086984	-0.003582353	-0.003582353	-0.003582353	-0.003582353	-0.003582353	-0.027723029	-0.027723029	-0.027723029	-0.027723029	-0.027723029	-0.020489116	-0.020489116	-0.020489116	-0.020489116	-0.020489116	-0.006756757	-0.006756757	-0.006756757	-0.006756757	-0.006756757	-0.004065041	-0.004065041	-0.004065041	-0.004065041	-0.004065041	-0.004065041	-0.004065041	-0.004065041	-0.004065041	-0.004065041	-0.004065041	-0.004065041	-0.004065041	-0.000421348	-0.000421348	-0.000421348	-0.000421348	-0.000421348	-0.000555556	-0.000555556	-0.000555556	-0.000555556	-0.000555556	-0.000869565	-0.000869565	-0.000869565	-0.000869565	-0.000869565	-0.000847458	-0.000847458	-0.000847458	-0.000847458	-0.000847458	-0.000689655	-0.000689655	-0.000689655	-0.000689655	-0.000689655
1088100	-0.003582353	-0.003582353	-0.003582353	-0.003582353	-0.003582353	-0.027723029	-0.027723029	-0.027723029	-0.027723029	-0.027723029	-0.020489116	-0.020489116	-0.020489116	-0.020489116	-0.020489116	-0.006756757	-0.006756757	-0.006756757	-0.006756757	-0.006756757	-0.004065041	-0.004065041	-0.004065041	-0.004065041	-0.004065041	-0.004065041	-0.004065041	-0.004065041	-0.004065041	-0.004065041	-0.004065041	-0.004065041	-0.004065041	-0.000421348	-0.000421348	-0.000421348	-0.000421348	-0.000421348	-0.000555556	-0.000555556	-0.000555556	-0.000555556	-0.000555556	-0.000869565	-0.000869565	-0.000869565	-0.000869565	-0.000869565	-0.000847458	-0.000847458	-0.000847458	-0.000847458	-0.000847458	-0.000689655	-0.000689655	-0.000689655	-0.000689655	-0.000689655
1089216	-0.003582353	-0.003582353	-0.003582353	-0.003582353	-0.003582353	-0.027723029	-0.027723029	-0.027723029	-0.027723029	-0.027723029	-0.020489116	-0.020489116	-0.020489116	-0.020489116	-0.020489116	-0.006756757	-0.006756757	-0.006756757	-0.006756757	-0.006756757	-0.004065041	-0.004065041	-0.004065041	-0.004065041	-0.004065041	-0.004065041	-0.004065041	-0.004065041	-0.004065041	-0.004065041	-0.004065041	-0.004065041	-0.004065041	-0.000421348	-0.000421348	-0.000421348	-0.000421348	-0.000421348	-0.000555556	-0.000555556	-0.000555556	-0.000555556	-0.000555556	-0.000869565	-0.000869565	-0.000869565	-0.000869565	-0.000869565	-0.000847458	-0.000847458	-0.000847458	-0.000847458	-0.000847458	-0.000689655	-0.000689655	-0.000689655	-0.000689655	-0.000689655
1090332	-0.003582353	-0.003582353	-0.003582353	-0.003582353	-0.003582353	-0.027723029	-0.027723029	-0.027723029	-0.027723029	-0.027723029	-0.020489116	-0.020489116	-0.020489116	-0.020489116	-0.020489116	-0.006756757	-0.006756757	-0.006756757	-0.006756757	-0.006756757	-0.004065041	-0.004065041	-0.004065041	-0.004065041	-0.004065041	-0.004065041	-0.004065041	-0.004065041	-0.004065041	-0.004065041	-0.004065041	-0.004065041	-0.004065041	-0.000421348	-0.000421348	-0.000421348	-0.000421348	-0.000421348	-0.000555556	-0.000555556	-0.000555556	-0.000555556	-0.000555556	-0.000869565	-0.000869565	-0.000869565	-0.000869565	-0.000869565	-0.000847458	-0.000847458	-0.000847458	-0.000847458	-0.000847458	-0.000689655	-0.000689655	-0.000689655	-0.000689655	-0.000689655
1091448	-0.003582353	-0.003582353	-0.003582353	-0.003582353	-0.003582353	-0.027723029	-0.027723029	-0.027723029	-0.027723029	-0.027723029	-0.020489116	-0.020489116	-0.020489116	-0.020489116	-0.020489116	-0.006756757	-0.006756757	-0.006756757	-0.006756757	-0.006756757	-0.004065041	-0.004065041	-0.004065041	-0.004065041	-0.004065041	-0.004065041	-0.004065041	-0.004065041	-0.004065041	-0.004065041	-0.004065041	-0.004065041	-0.004065041	-0.000421348	-0.000421348	-0.000421348	-0.000421348	-0.000421348	-0.000555556	-0.000555556	-0.000555556	-0.000555556	-0.000555556	-0.000869565	-0.000869565	-0.000869565	-0.000869565	-0.000869565	-0.000847458	-0.000847458	-0.000847458	-0.000847458	-0.000847458	-0.000689655	-0.000689655	-0.000689655	-0.000689655	-0.000689655
1092564	-0.003582353	-0.003582353	-0.003582353	-0.003582353	-0.003582353	-0.027723029	-0.027723029	-0.027723029	-0.027723029	-0.027723029	-0.020489116	-0.020489116	-0.020489116	-0.020489116	-0.020489116	-0.006756757	-0.006756757	-0.006756757	-0.006756757	-0.006756757	-0.004065041	-0.004065041	-0.004065041	-0.004065041	-0.004065041	-0.004065041	-0.004065041	-0.004065041	-0.004065041	-0.004065041	-0.004065041	-0.004065041	-0.004065041	-0.000421348	-0.000421348	-0.000421348	-0.000421348	-0.000421348	-0.000555556	-0.000555556	-0.000555556	-0.000555556	-0.000555556	-0.000869565	-0.000869565	-0.000869565	-0.000869565	-0.000869565	-0.000847458	-0.000847458	-0.000847458	-0.000847458	-0.000847458	-0.000689655	-0.000689655	-0.000689655	-0.000689655	-0.000689655
1093680	-0.003582353	-0.003582353	-0.003582353	-0.003582353	-0.003582353	-0.027723029	-0.027723029	-0.027723029	-0.027723029	-0.027723029	-0.020489116	-0.020489116	-0.020489116	-0.020489116	-0.020489116	-0.006756757	-0.006756757	-0.006756757	-0.006756757	-0.006756757	-0.004065041	-0.004065041	-0.004065041	-0.004065041	-0.004065041	-0.004065041	-0.004065041	-0.004065041	-0.004065041	-0.004065041	-0.004065041	-0.004065041	-0.004065041	-0.000421348	-0.000421348	-0.000421348	-0.000421348	-0.000421348	-0.000555556	-0.000555556	-0.000555556	-0.000555556	-0.000555556	-0.000869565	-0.000869565	-0.000869565	-0.000869565	-0.000869565	-0.000847458	-0.000847458	-0.000847458	-0.000847458	-0.000847458	-0.000689655	-0.000689655	-0.000689655	-0.000689655	-0.000689655
1094796	-0.003582353	-0.003582353	-0.003582353	-0.003582353	-0.003582353	-0.027723029	-0.027723029	-0.027723029	-0.027723029	-0.027723029	-0.020489116	-0.020489116	-0.020489116	-0.020489116	-0.020489116	-0.006756757	-0.006756757	-0.006756757	-0.006756757	-0.006756757	-0.004065041	-0.004065041	-0.004065041	-0.004065041	-0.004065041	-0.004065041	-0.004065041	-0.004065041	-0.004065041	-0.004065041	-0.004065041	-0.004065041	-0.004065041	-0.000421348	-0.000421348	-0.000421348	-0.000421348	-0.000421348	-0.000555556	-0.000555556	-0.000555556	-0.000555556	-0.000555556	-0.000869565	-0.000869565	-0.000869565	-0.000869565	-0.000869565	-0.000847458	-0.000847458	-0.000847458	-0.000847458	-0.000847458	-0.000689655	-0.000689655	-0.000689655	-0.000689655	-0.000689655
1095912	-0.003582353	-0.003582353	-0.003582353	-0.003582353	-0.003582353	-0.027723029	-0.027723029	-0.027723029	-0.027723029	-0.027723029	-0.020489116	-0.020489116	-0.020489116	-0.020489116	-0.020489116	-0.006756757	-0.006756757	-0.006756757	-0.006756757	-0.006756757	-0.004065041	-0.004065041	-0.004065041	-0.004065041	-0.004065041	-0.004065041	-0.004065041	-0.004065041	-0.004065041	-0.004065041	-0.004065041	-0.004065041	-0.004065041	-0.000421348	-0.000421348	-0.000421348	-0.000421348	-0.000421348	-0.000555556	-0.000555556	-0.000555556	-0.000555556	-0.000555556	-0.000869565	-0.000869565	-0.000869565	-0.000869565	-0.000869565	-0.000847458	-0.000847458	-0.000847458	-0.000847458	-0.000847458	-0.000689655	-0.000689655	-0.000689655	-0.000689655	-0.000689655
1097028	-0.003582353	-0.003582353	-0.003582353	-0.003582353	-0.003582353	-0.027723029	-0.027723029	-0.027723029	-0.027723029	-0.027723029	-0.020489116	-0.020489116	-0.020489116	-0.020489116	-0.020489116	-0.006756757	-0.006756757	-0.006756757	-0.006756757	-0.006756757	-0.004065041	-0.004065041	-0.004065041	-0.004065041	-0.004065041	-0.004065041	-0.004065041	-0.004065041	-0.004065041	-0.004065041	-0.004065041	-0.004065041	-0.004065041	-0.000421348	-0.000421348	-0.000421348	-0.000421348	-0.000421348	-0.000555556	-0.000555556	-0.000555556	-0.000555556	-0.000555556	-0.000869565	-0.000869565	-0.000869565	-0.000869565	-0.000869565	-0.000847458	-0.000847458	-0.000847458	-0.000847458	-0.000847458	-0.000689655	-0.000689655	-0.000689655	-0.000689655	-0.000689655
1098144	-0.003582353	-0.003582353	-0.003582353	-0.003582353	-0.003582353	-0.027723029	-0.027723029	-0.027723029	-0.027723029	-0.027723029	-0.020489116	-0.020489116	-0.020489116	-0.020489116	-0.020489116	-0.006756757	-0.006756757	-0.006756757	-0.006756757	-0.006756757	-0.004065041	-0.004065041	-0.004065041	-0.004065041	-0.004065041	-0.004065041	-0.004065041	-0.004065041	-0.004065041	-0.004065041	-0.004065041	-0.004065041	-0.004065041	-0.000421348	-0.000421348	-0.000421348	-0.000421348	-0.000421348	-0.000555556	-0.000555556	-0.000555556	-0.000555556	-0.000555556	-0.000869565	-0.000869565	-0.000869565	-0.000869565	-0.000869565	-0.000847458	-0.000847458	-0.000847458	-0.000847458	-0.000847458	-0.000689655	-0.000689655	-0.000689655	-0.000689655	-0.000689655
1099260	-0.003582353	-0.003582353	-0.003582353	-0.003582353	-0.003582353	-0.027723029	-0.027723029	-0.027723029	-0.027723029	-0.027723029	-0.020489116	-0.020489116	-0.020489116	-0.020489116	-0.020489116	-0.006756757	-0.006756757	-0.006756757	-0.006756757	-0.006756757	-0.004065041	-0.004065041	-0.004065041	-0.004065041	-0.004065041	-0.004065041	-0.004065041	-0.004065041	-0.004065041	-0.004065041	-0.004065041	-0.004065041	-0.004065041	-0.000421348	-0.000421348	-0.000421348	-0.000421348	-0.000421348	-0.000555556	-0.000555556	-0.000555556	-0.000555556	-0.000555556	-0.000869565	-0.000869565	-0.000869565	-0.000869565	-0.000869565	-0.000847458	-0.000847458	-0.000847458	-0.000847458	-0.000847458	-0.000689655	-0.000689655	-0.000689655	-0.000689655	-0.000689655
1100376	-0.003582353	-0.003582353	-0.003582353	-0.003582353	-0.003582353	-0.027723029	-0.027723029	-0.027723029	-0.027723029	-0.027723029	-0.020489116	-0.020489116	-0.020489116	-0.020489116	-0.020489116	-0.006756757	-0.006756757	-0.006756757	-0.006756757	-0.006756757	-0.004065041	-0.004065041	-0.004065041	-0.004065041	-0.004065041	-0.004065041	-0.004065041	-0.004065041	-0.004065041	-0.004065041	-0.004065041	-0.004065041	-0.004065041	-0.000421348	-0.000421348	-0.000421348	-0.000421348	-0.000421348	-0.000555556	-0.000555556	-0.000555556	-0.000555556	-0.000555556	-0.000869565	-0.000869565	-0.000869565	-0.000869565	-0.000869565	-0.000847458	-0.000847458	-0.000847458	-0.000847458	-0.000847458	-0.000689655	-0.000689655	-0.000689655	-0.000689655	-0.000689655
1101492	-0.003582353	-0.003582353	-0.003582353	-0.003582353	-0.003582353	-0.027723029	-0.027723029	-0.027723029	-0.027723029	-0.027723029	-0.020489116	-0.020489116	-0.020489116	-0.020489116	-0.020489116	-0.006756757	-0.006756757	-0.006756757	-0.006756757	-0.006756757	-0.004065041	-0.004065041	-0.004065041	-0.004065041	-0.004065041	-0.004065041	-0.004065041	-0.004065041	-0.004065041	-0.004065041	-0.004065041	-0.004065041	-0.004065041	-0.000421348	-0.000421348	-0.000421348	-0.000421348	-0.000421348	-0.000555556	-0.000555556	-0.000555556	-0.000555556	-0.000555556	-0.000869565	-0.000869565	-0.000869565	-0.000869565	-0.000869565	-0.000847458	-0.000847458	-0.000847458	-0.000847458	-0.000847458	-0.000689655	-0.000689655	-0.000689655	-0.000689655	-0.000689655
1102608	-0.003582353	-0.003582353	-0.003582353	-0.003582353	-0.003582353	-0.027723029	-0.027723029	-0.027723029	-0.027723029	-0.027723029	-0.020489116	-0.020489116	-0.020489116	-0.020489116	-0.020489116	-0.006756757	-0.006756757	-0.006756757	-0.006756757	-0.006756757	-0.004065041	-0.004065041	-0.004065041	-0.004065041	-0.004065041	-0.004065041	-0.004065041	-0.004065041	-0.004065041	-0.004065041	-0.004065041	-0.004065041	-0.004065041	-0.000421348	-0.000421348	-0.000421348	-0.000421348	-0.000421348	-0.000555556	-0.000555556	-0.000555556	-0.000555556	-0.000555556	-0.000869565	-0.000869565	-0.000869565	-0.000869565	-0.000869565	-0.000847458	-0.000847458	-0.000847458	-0.000847458	-0.000847458	-0.000689655	-0.000689655	-0.000689655	-0.000689655	-0.000689655
1103724	-0.003582353	-0.003582353	-0.003582353	-0.003582353	-0.003582353	-0.027723029	-0.027723029	-0.027723029	-0.027723029	-0.027723029	-0.020489116	-0.020489116	-0.020489116	-0.020489116	-0.020489116	-0.006756757	-0.006756757	-0.006756757	-0.006756757	-0.006756757	-0.004065041	-0.004065041	-0.004065041	-0.004065041	-0.004065041	-0.004065041	-0.004065041	-0.004065041	-0.004065041	-0.004065041	-0.004065041	-0.004065041	-0.004065041	-0.000421348	-0.000421348	-0.000421348	-0.000421348	-0.000421348	-0.000555556	-0.000555556	-0.000555556	-0.000555556	-0.000555556	-0.000869565	-0.000869565	-0.000869565	-0.000869565	-0.000869565	-0.000847458	-0.000847458	-0.000847458	-0.000847458	-0.000847458	-0.000689655	-0.000689655	-0.000689655	-0.000689655	-0.000689655
1104840	-0.003582353	-0.003582353	-0.003582353	-0.003582353	-0.003582353	-0.027723029	-0.027723029	-0.027723029	-0.027723029	-0.027723029	-0.020489116	-0.020489116	-0.020489116	-0.020489116	-0.020489116	-0.006756757	-0.006756757	-0.006756757	-0.006756757	-0.006756757	-0.004065041	-0.004065041	-0.004065041	-0.004065041	-0.004065041	-0.004065041	-0.004065041	-0.004065041	-0.004065041	-0.004065041	-0.004065041	-0.004065041	-0.004065041	-0.000421348	-0.000421348	-0.000421348	-0.000421348	-0.000421348	-0.000555556	-0.000555556	-0.000555556	-0.000555556	-0.000555556	-0.000869565	-0.000869565	-0.000869565	-0.000869565	-0.000869565	-0.000847458	-0.000847458	-0.000847458	-0.000847458	-0.000847458	-0.000689655	-0.000689655	-0.000689655	-0.000689655	-0.000689655
1105956	-0.003582353	-0.003582353	-0.003582353	-0.003582353	-0.003582353	-0.027723029	-0.027723029	-0.027723029	-0.027723029	-0.027723029	-0.020489116	-0.020489116	-0.020489116	-0.020489116	-0.020489116	-0.006756757	-0.006756757	-0.006756757	-0.006756757	-0.006756757	-0.004065041	-0.004065041	-0.004065041	-0.004065041	-0.004065041	-0.004065041	-0.004065041	-0.004065041	-0.004065041	-0.004065041	-0.004065041	-0.004065041	-0.004065041	-0.000421348	-0.000421348	-0.000421348	-0.000421348	-0.000421348	-0.000555556	-0.000555556	-0.000555556	-0.000555556	-0.000555556	-0.000869565	-0.000869565	-0.000869565	-0.000869565	-0.000869565	-0.000847458	-0.000847458	-0.000847458	-0.000847458	-0.000847458	-0.000689655	-0.000689655	-0.000689655	-0.000689655	-0.000689655
1107072	-0.003582353	-0.003582353	-0.003582353	-0.003582353	-0.003582353	-0.027723029	-0.027723029	-0.027723029	-0.027723029	-0.027723029	-0.020489116	-0.020489116	-0.020489116	-0.020489116	-0.020489116	-0.006756757	-0.006756757	-0.006756757	-0.006756757	-0.006756757	-0.004065041	-0.004065041	-0.004065041	-0.004065041	-0.004065041	-0.004065041	-0.004065041	-0.004065041	-0.004065041	-0.004065041	-0.004065041	-0.004065041	-0.004065041	-0.000421348	-0.000421348	-0.000421348	-0.000421348	-0.000421348	-0.000555556	-0.000555556	-0.000555556	-0.000555556	-0.000555556	-0.000869565	-0.000869565	-0.000869565	-0.000869565	-0.000869565	-0.000847458	-0.000847458	-0.000847458	-0.000847458	-0.000847458	-0.000689655	-0.000689655	-0.000689655	-0.000689655	-0.000689655
1108188	-0.003582353	-0.003582353	-0.003582353	-0.003582353	-0.003582353	-0.027723029	-0.027723029	-0.027723029	-0.027723029	-0.027723029	-0.020489116	-0.020489116	-0.020489116	-0.020489116	-0.020489116	-0.006756757	-0.006756757	-0.006756757	-0.006756757	-0.006756757	-0.004065041	-0.004065041	-0.004065041	-0.004065041	-0.004065041	-0.004065041	-0.004065041	-0.004065041	-0.004065041	-0.004065041	-0.004065041	-0.004065041	-0.004065041	-0.000421348	-0.000421348	-0.000421348	-0.000421348	-0.000421348	-0.000555556	-0.000555556	-0.000555556	-0.000555556	-0.000555556	-0.000869565	-0.000869565	-0.000869565	-0.000869565	-0.000869565	-0.000847458	-0.000847458	-0.000847458	-0.000847458	-0.000847458	-0.000689655	-0.000689655	-0.000689655	-0.000689655	-0.000689655
1109304	-0.003582353	-0.003582353	-0.003582353	-0.003582353	-0.003582353	-0.027723029	-0.027723029	-0.027723029	-0.027723029	-0.027723029	-0.020489116	-0.020489116	-0.020489116	-0.020489116	-0.020489116	-0.006756757	-0.006756757	-0.006756757	-0.006756757	-0.006756757	-0.004065041	-0.004065041	-0.004065041	-0.004065041	-0.004065041	-0.004065041	-0.004065041	-0.004065041	-0.004065041	-0.004065041	-0.004065041	-0.004065041	-0.004065041	-0.000421348	-0.000421348	-0.000421348	-0.000421348	-0.000421348	-0.000555556	-0.000555556	-0.000555556	-0.000555556	-0.000555556	-0.000869565	-0.000869565	-0.000869565	-0.000869565	-0.000869565	-0.000847458	-0.000847458	-0.000847458	-0.000847458	-0.000847458	-0.000689655	-0.000689655	-0.000689655	-0.000689655	-0.000689655
1110420	-0.003582353	-0.003582353	-0.003582353	-0.003582353	-0.003582353	-0.027723029	-0.027723029	-0.027723029	-0.027723029	-0.027723029	-0.020489116	-0.020489116	-0.020489116	-0.020489116	-0.020489116	-0.006756757	-0.006756757	-0.006756757	-0.006756757	-0.006756757	-0.004065041	-0.004065041	-0.004065041	-0.004065041	-0.004065041	-0.004065041	-0.004065041	-0.004065041	-0.004065041	-0.004065041	-0.004065041	-0.004065041	-0.004065041	-0.000421348	-0.000421348	-0.000421348	-0.000421348	-0.000421348	-0.000555556	-0.000555556	-0.000555556	-0.000555556	-0.000555556	-0.000869565	-0.000869565	-0.000869565	-0.000869565	-0.000869565	-0.000847458	-0.000847458	-0.000847458	-0.000847458	-0.000847458	-0.000689655	-0.000689655	-0.000689655	-0.000689655	-0.000689655
1111536	-0.003582353	-0.003582353	-0.003582353	-0.003582353	-0.003582353	-0.027723029	-0.027723029	-0.027723029	-0.027723029	-0.027723029	-0.020489116	-0.020489116	-0.020489116	-0.020489116	-0.020489116	-0.006756757	-0.006756757	-0.006756757	-0.006756757	-0.006756757	-0.004065041	-0.004065041	-0.004065041	-0.004065041	-0.004065041	-0.004065041	-0.004065041	-0.004065041	-0.004065041	-0.004065041	-0.004065041	-0.004065041	-0.004065041	-0.000421348	-0.000421348	-0.000421348	-0.000421348	-0.000421348	-0.000555556	-0.000555556	-0.000555556	-0.000555556	-0.000555556	-0.000869565	-0.000869565	-0.000869565	-0.000869565	-0.000869565	-0.000847458	-0.000847458	-0.000847458	-0.000847458	-0.000847458	-0.000689655	-0.000689655	-0.000689655	-0.000689655	-0.000689655
1112652	-0.003582353	-0.003582353	-0.003582353	-0.003582353	-0.003582353	-0.027723029	-0.027723029	-0.027723029	-0.027723029	-0.027723029	-0.020489116	-0.020489116	-0.020489116	-0.020489116	-0.020489116	-0.006756757	-0.006756757	-0.006756757	-0.006756757	-0.006756757	-0.004065041	-0.004065041	-0.004065041	-0.004065041	-0.004065041	-0.004065041	-0.004065041	-0.004065041	-0.004065041	-0.004065041	-0.004065041	-0.004065041	-0.004065041	-0.000421348	-0.000421348	-0.000421348	-0.000421348	-0.000421348	-0.000555556	-0.000555556	-0.000555556	-0.000555556	-0.000555556	-0.000869565	-0.000869565	-0.000869565	-0.000869565	-0.000869565	-0.000847458	-0.000847458	-0.000847458	-0.000847458	-0.000847458	-0.000689655	-0.000689655	-0.000689655	-0.000689655	-0.000689655
1113768	-0.003582353	-0.003582353	-0.003582353	-0.003582353	-0.003582353	-0.027723029	-0.027723029	-0.027723029	-0.027723029	-0.027723029	-0.020489116	-0.020489116	-0.020489116	-0.020489116	-0.020489116	-0.006756757	-0.006756757	-0.006756757	-0.006756757	-0.006756757	-0.004065041	-0.004065041	-0.004065041	-0.004065041	-0.004065041	-0.004065041	-0.004065041	-0.004065041	-0.004065041	-0.004065041	-0.004065041	-0.004065041	-0.004065041	-0.000421348	-0.000421348	-0.000421348	-0.000421348	-0.000421348	-0.000555556	-0.000555556	-0.000555556	-0.000555556	-0.000555556	-0.000869565	-0.000869565	-0.000869565	-0.000869565	-0.000869565	-0.000847458	-0.000847458	-0.000847458	-0.000847458	-0.000847458	-0.000689655	-0.000689655	-0.000689655	-0.000689655	-0.000689655
1114884	-0.003582353	-0.003582353	-0.003582353	-0.003582353	-0.003582353	-0.027723029	-0.027723029	-0.027723029	-0.027723029	-0.027723029	-0.020489116	-0.020489116	-0.020489116	-0.020489116	-0.020489116	-0.006756757	-0.006756757	-0.006756757	-0.006756757	-0.006756757	-0.004065041	-0.004065041	-0.004065041	-0.004065041	-0.004065041	-0.004065041	-0.004065041	-0.004065041	-0.004065041	-0.004065041	-0.004065041	-0.004065041	-0.004065041	-0.000421348	-0.000421348	-0.000421348	-0.000421348	-0.000421348	-0.000555556	-0.000555556	-0.000555556	-0.000555556	-0.000555556	-0.000869565	-0.000869565	-0.000869565	-0.000869565	-0.000869565	-0.000847458	-0.000847458	-0.000847458	-0.000847458	-0.000847458	-0.000689655	-0.000689655	-0.000689655	-0.000689655	-0.000689655
1116000	-0.003582353	-0.003582353	-0.003582353	-0.003582353	-0.003582353	-0.027723029	-0.027723029	-0.027723029	-0.027723029	-0.027723029	-0.020489116	-0.020489116	-0.020489116	-0.020489116	-0.020489116	-0.006756757	-0.006756757	-0.006756757	-0.006756757	-0.006756757	-0.004065041	-0.004065041	-0.004065041	-0.004065041	-0.004065041	-0.004065041	-0.004065041	-0.004065041	-0.004065041	-0.004065041	-0.004065041	-0.004065041	-0.004065041	-0.000421348	-0.000421348	-0.000421348	-0.000421348	-0.000421348	-0.000555556	-0.000555556	-0.000555556	-0.000555556	-0.000555556	-0.000869565	-0.000869565	-0.000869565	-0.000869565	-0.000869565	-0.000847458	-0.000847458	-0.000847458	-0.000847458	-0.000847458	-0.000689655	-0.000689655	-0.000689655	-0.000689655	-0.000689655
1117116	-0.003582353	-0.003582353	-0.003582353	-0.003582353	-0.003582353	-0.027723029	-0.027723029	-0.027723029	-0.027723029	-0.027723029	-0.020489116	-0.020489116	-0.020489116	-0.020489116	-0.020489116	-0.006756757	-0.006756757	-0.006756757	-0.006756757	-0.006756757	-0.004065041	-0.004065041	-0.004065041	-0.004065041	-0.004065041	-0.004065041	-0.004065041	-0.004065041	-0.004065041	-0.004065041	-0.004065041	-0.004065041	-0.004065041	-0.000421348	-0.000421348	-0.000421348	-0.000421348	-0.000421348	-0.000555556	-0.000555556	-0.000555556	-0.000555556	-0.000555556	-0.000869565	-0.000869565	-0.000869565	-0.000869565	-0.000869565	-0.000847458	-0.000847458	-0.000847458	-0.000847458	-0.000847458	-0.000689655	-0.000689655	-0.000689655	-0.000689655	-0.000689655
1118232	-0.003582353	-0.003582353	-0.003582353	-0.003582353	-0.003582353	-0.027723029	-0.027723029	-0.027723029	-0.027723029	-0.027723029	-0.020489116	-0.020489116	-0.020489116	-0.020489116	-0.020489116	-0.006756757	-0.006756757	-0.006756757	-0.006756757	-0.006756757	-0.004065041	-0.004065041	-0.004065041	-0.004065041	-0.004065041	-0.004065041	-0.004065041	-0.004065041	-0.004065041	-0.004065041	-0.004065041	-0.004065041	-0.004065041	-0.000421348	-0.000421348	-0.000421348	-0.000421348	-0.000421348	-0.000555556	-0.000555556	-0.000555556	-0.000555556	-0.000555556	-0.000869565	-0.000869565	-0.000869565	-0.000869565	-0.000869565	-0.000847458	-0.000847458	-0.000847458	-0.000847458	-0.000847458	-0.000689655	-0.000689655	-0.000689655	-0.000689655	-0.000689655
1119348	-0.003582353	-0.003582353	-0.003582353	-0.003582353	-0.003582353	-0.027723029	-0.027723029	-0.027723029	-0.027723029	-0.027723029	-0.020489116	-0.020489116	-0.020489116	-0.020489116	-0.020489116	-0.006756757	-0.006756757	-0.006756757	-0.006756757	-0.006756757	-0.004065041	-0.004065041	-0.004065041	-0.004065041	-0.004065041	-0.004065041	-0.004065041	-0.004065041	-0.004065041	-0.004065041	-0.004065041	-0.004065041	-0.004065041	-0.000421348	-0.000421348	-0.000421348	-0.000421348	-0.000421348	-0.000555556	-0.000555556	-0.000555556	-0.000555556	-0.000555556	-0.000869565	-0.000869565	-0.000869565	-0.000869565	-0.000869565	-0.000847458	-0.000847458	-0.000847458	-0.000847458	-0.000847458	-0.000689655	-0.000689655	-0.000689655	-0.000689655	-0.000689655
1120464	-0.003582353	-0.003582353	-0.003582353	-0.003582353	-0.003582353	-0.027723029	-0.027723029	-0.027723029	-0.027723029	-0.027723029	-0.020489116	-0.020489116	-0.020489116	-0.020489116	-0.020489116	-0.006756757	-0.006756757	-0.006756757	-0.006756757	-0.006756757	-0.004065041	-0.004065041	-0.004065041	-0.004065041	-0.004065041	-0.004065041	-0.004065041	-0.004065041	-0.004065041	-0.004065041	-0.004065041	-0.004065041	-0.004065041	-0.000421348	-0.000421348	-0.000421348	-0.000421348	-0.000421348	-0.000555556	-0.000555556	-0.000555556	-0.000555556	-0.000555556	-0.000869565	-0.000869565	-0.000869565	-0.000869565	-0.000869565	-0.000847458	-0.000847458	-0.000847458	-0.000847458	-0.000847458	-0.000689655	-0.000689655	-0.000689655	-0.000689655	-0.000689655
1121580	-0.003582353	-0.003582353	-0.003582353	-0.003582353	-0.003582353	-0.027723029	-0.027723029	-0.027723029	-0.027723029	-0.027723029	-0.020489116	-0.020489116	-0.020489116	-0.020489116	-0.020489116	-0.006756757	-0.006756757	-0.006756757	-0.006756757	-0.006756757	-0.004065041	-0.004065041	-0.004065041	-0.004065041	-0.004065041	-0.004065041	-0.004065041	-0.004065041	-0.004065041	-0.004065041	-0.004065041	-0.004065041	-0.004065041	-0.000421348	-0.000421348	-0.000421348	-0.000421348	-0.000421348	-0.000555556	-0.000555556	-0.000555556	-0.000555556	-0.000555556	-0.000869565	-0.000869565	-0.000869565	-0.000869565	-0.000869565	-0.000847458	-0.000847458	-0.000847458	-0.000847458	-0.000847458	-0.000689655	-0.000689655	-0.000689655	-0.000689655	-0.000689655
1122696	-0.003582353	-0.003582353	-0.003582353	-0.003582353	-0.003582353	-0.027723029	-0.027723029	-0.027723029	-0.027723029	-0.027723029	-0.020489116	-0.020489116	-0.020489116	-0.020489116	-0.020489116	-0.006756757	-0.006756757	-0.006756757	-0.006756757	-0.006756757	-0.004065041	-0.004065041	-0.004065041	-0.004065041	-0.004065041	-0.004065041	-0.004065041	-0.004065041	-0.004065041	-0.004065041	-0.004065041	-0.004065041	-0.004065041	-0.000421348	-0.000421348	-0.000421348	-0.000421348	-0.000421348	-0.000555556	-0.000555556	-0.000555556	-0.000555556	-0.000555556	-0.000869565	-0.000869565	-0.000869565	-0.000869565	-0.000869565	-0.000847458	-0.000847458	-0.000847458	-0.000847458	-0.000847458	-0.000689655	-0.000689655	-0.000689655	-0.000689655	-0.000689655
1123812	-0.003582353	-0.003582353	-0.003582353	-0.003582353	-0.003582353	-0.027723029	-0.027723029	-0.027723029	-0.027723029	-0.027723029	-0.020489116	-0.020489116	-0.020489116	-0.020489116	-0.020489116	-0.006756757	-0.006756757	-0.006756757	-0.006756757	-0.006756757	-0.004065041	-0.004065041	-0.004065041	-0.004065041	-0.004065041	-0.004065041	-0.004065041	-0.004065041	-0.004065041	-0.004065041	-0.004065041	-0.004065041	-0.004065041	-0.000421348	-0.000421348	-0.000421348	-0.000421348	-0.000421348	-0.000555556	-0.000555556	-0.000555556	-0.000555556	-0.000555556	-0.000869565	-0.000869565	-0.000869565	-0.000869565	-0.000869565	-0.000847458	-0.000847458	-0.000847458	-0.000847458	-0.000847458	-0.000689655	-0.000689655	-0.000689655	-0.000689655	-0.000689655
1124928	-0.003582353	-0.003582353	-0.003582353	-0.003582353	-0.003582353	-0.027723029	-0.027723029	-0.027723029	-0.027723029	-0.027723029	-0.020489116	-0.020489116	-0.020489116	-0.020489116	-0.020489116	-0.006756757	-0.006756757	-0.006756757	-0.006756757	-0.006756757	-0.004065041	-0.004065041	-0.004065041	-0.004065041	-0.004065041	-0.004065041	-0.004065041	-0.004065041	-0.004065041	-0.004065041	-0.004065041	-0.004065041	-0.004065041	-0.000421348	-0.000421348	-0.000421348	-0.000421348	-0.000421348	-0.000555556	-0.000555556	-0.000555556	-0.000555556	-0.000555556	-0.000869565	-0.000869565	-0.000869565	-0.000869565	-0.000869565	-0.000847458	-0.000847458	-0.000847458	-0.000847458	-0.000847458	-0.000689655	-0.000689655	-0.000689655	-0.000689655	-0.000689655
1126044	-0.003582353	-0.003582353	-0.003582353	-0.003582353	-0.003582353	-0.027723029	-0.027723029	-0.027723029	-0.027723029	-0.027723029	-0.020489116	-0.020489116	-0.020489116	-0.020489116	-0.020489116	-0.006756757	-0.006756757	-0.006756757	-0.006756757	-0.006756757	-0.004065041	-0.004065041	-0.004065041	-0.004065041	-0.004065041	-0.004065041	-0.004065041	-0.004065041	-0.004065041	-0.004065041	-0.004065041	-0.004065041	-0.004065041	-0.000421348	-0.000421348	-0.000421348	-0.000421348	-0.000421348	-0.000555556	-0.000555556	-0.000555556	-0.000555556	-0.000555556	-0.000869565	-0.000869565	-0.000869565	-0.000869565	-0.000869565	-0.000847458	-0.000847458	-0.000847458	-0.000847458	-0.000847458	-0.000689655	-0.000689655	-0.000689655	-0.000689655	-0.000689655
1127160	-0.003582353	-0.003582353	-0.003582353	-0.003582353	-0.003582353	-0.027723029	-0.027723029	-0.027723029	-0.027723029	-0.027723029	-0.020489116	-0.020489116	-0.020489116	-0.020489116	-0.020489116	-0.006756757	-0.006756757	-0.006756757	-0.006756757	-0.006756757	-0.004065041	-0.004065041	-0.004065041	-0.004065041	-0.004065041	-0.004065041	-0.004065041	-0.004065041	-0.004065041	-0.004065041	-0.004065041	-0.004065041	-0.004065041	-0.000421348	-0.000421348	-0.000421348	-0.000421348	-0.000421348	-0.000555556	-0.000555556	-0.000555556	-0.000555556	-0.000555556	-0.000869565	-0.000869565	-0.000869565	-0.000869565	-0.000869565	-0.000847458	-0.000847458	-0.000847458	-0.000847458	-0.000847458	-0.000689655	-0.000689655	-0.000689655	-0.000689655	-0.000689655
1128276	-0.003582353	-0.003582353	-0.003582353	-0.003582353	-0.003582353	-0.027723029	-0.027723029	-0.027723029	-0.027723029	-0.027723029	-0.020489116	-0.020489116	-0.020489116	-0.020489116	-0.020489116	-0.006756757	-0.006756757	-0.006756757	-0.006756757	-0.006756757	-0.004065041	-0.004065041	-0.004065041	-0.004065041	-0.004065041	-0.004065041	-0.004065041	-0.004065041	-0.004065041	-0.004065041	-0.004065041	-0.004065041	-0.004065041	-0.000421348	-0.000421348	-0.000421348	-0.000421348	-0.000421348	-0.000555556	-0.000555556	-0.000555556	-0.000555556	-0.000555556	-0.000869565	-0.000869565	-0.000869565	-0.000869565	-0.000869565	-0.000847458	-0.000847458	-0.000847458	-0.000847458	-0.000847458	-0.000689655	-0.000689655	-0.000689655	-0.000689655	-0.000689655
1129392	-0.003582353	-0.003582353	-0.003582353	-0.003582353	-0.003582353	-0.027723029	-0.027723029	-0.027723029	-0.027723029	-0.027723029	-0.020489116	-0.020489116	-0.020489116	-0.020489116	-0.020489116	-0.006756757	-0.006756757	-0.006756757	-0.006756757	-0.006756757	-0.004065041	-0.004065041	-0.004065041	-0.004065041	-0.004065041	-0.004065041	-0.004065041	-0.004065041	-0.004065041	-0.004065041	-0.004065041	-0.004065041	-0.004065041	-0.000421348	-0.000421348	-0.000421348	-0.000421348	-0.000421348	-0.000555556	-0.000555556	-0.000555556	-0.000555556	-0.000555556	-0.000869565	-0.000869565	-0.000869565	-0.000869565	-0.000869565	-0.000847458	-0.000847458	-0.000847458	-0.000847458	-0.000847458	-0.000689655	-0.000689655	-0.000689655	-0.000689655	-0.000689655
1130508	-0.003582353	-0.003582353	-0.003582353	-0.003582353	-0.003582353	-0.027723029	-0.027723029	-0.027723029	-0.027723029	-0.027723029	-0.020489116	-0.020489116	-0.020489116	-0.020489116	-0.020489116	-0.006756757	-0.006756757	-0.006756757	-0.006756757	-0.006756757	-0.004065041	-0.004065041	-0.004065041	-0.004065041	-0.004065041	-0.004065041	-0.004065041	-0.004065041	-0.004065041	-0.004065041	-0.004065041	-0.004065041	-0.004065041	-0.000421348	-0.000421348	-0.000421348	-0.000421348	-0.000421348	-0.000555556	-0.000555556	-0.000555556	-0.000555556	-0.000555556	-0.000869565	-0.000869565	-0.000869565	-0.000869565	-0.000869565	-0.000847458	-0.000847458	-0.000847458	-0.000847458	-0.000847458	-0.000689655	-0.000689655	-0.000689655	-0.000689655	-0.000689655
1131624	-0.003582353	-0.003582353	-0.003582353	-0.003582353	-0.003582353	-0.027723029	-0.027723029	-0.027723029	-0.027723029	-0.027723029	-0.020489116	-0.020489116	-0.020489116	-0.020489116	-0.020489116	-0.006756757	-0.006756757	-0.006756757	-0.006756757	-0.006756757	-0.004065041	-0.004065041	-0.004065041	-0.004065041	-0.004065041	-0.004065041	-0.004065041	-0.004065041	-0.004065041	-0.004065041	-0.004065041	-0.004065041	-0.004065041	-0.000421348	-0.000421348	-0.000421348	-0.000421348	-0.000421348	-0.000555556	-0.000555556	-0.000555556	-0.000555556	-0.000555556	-0.000869565	-0.000869565	-0.000869565	-0.000869565	-0.000869565	-0.000847458	-0.000847458	-0.000847458	-0.000847458	-0.000847458	-0.000689655	-0.000689655	-0.000689655	-0.000689655	-0.000689655
1132740	-0.003582353	-0.003582353	-0.003582353	-0.003582353	-0.003582353	-0.027723029	-0.027723029	-0.027723029	-0.027723029	-0.027723029	-0.020489116	-0.020489116	-0.020489116	-0.020489116	-0.020489116	-0.006756757	-0.006756757	-0.006756757	-0.006756757	-0.006756757	-0.004065041	-0.004065041	-0.004065041	-0.004065041	-0.004065041	-0.004065041	-0.004065041	-0.004065041	-0.004065041	-0.004065041	-0.004065041	-0.004065041	-0.004065041	-0.000421348	-0.000421348	-0.000421348	-0.000421348	-0.000421348	-0.000555556	-0.000555556	-0.000555556	-0.000555556	-0.000555556	-0.000869565	-0.000869565	-0.000869565	-0.000869565	-0.000869565	-0.000847458	-0.000847458	-0.000847458	-0.000847458	-0.000847458	-0.000689655	-0.000689655	-0.000689655	-0.000689655	-0.000689655
1133856	-0.003582353	-0.003582353	-0.003582353	-0.003582353	-0.003582353	-0.027723029	-0.027723029	-0.027723029	-0.027723029	-0.027723029	-0.020489116	-0.020489116	-0.020489116	-0.020489116	-0.020489116	-0.006756757	-0.006756757	-0.006756757	-0.006756757	-0.006756757	-0.004065041	-0.004065041	-0.004065041	-0.004065041	-0.004065041	-0.004065041	-0.004065041	-0.004065041	-0.004065041	-0.004065041	-0.004065041	-0.004065041	-0.004065041	-0.000421348	-0.000421348	-0.000421348	-0.000421348	-0.000421348	-0.000555556	-0.000555556	-0.000555556	-0.000555556	-0.000555556	-0.000869565	-0.000869565	-0.000869565	-0.000869565	-0.000869565	-0.000847458	-0.000847458	-0.000847458	-0.000847458	-0.000847458	-0.000689655	-0.000689655	-0.000689655	-0.000689655	-0.000689655
1134972	-0.003582353	-0.003582353	-0.003582353	-0.003582353	-0.003582353	-0.027723029	-0.027723029	-0.027723029	-0.027723029	-0.027723029	-0.020489116	-0.020489116	-0.020489116	-0.020489116	-0.020489116	-0.006756757	-0.006756757	-0.006756757	-0.006756757	-0.006756757	-0.004065041	-0.004065041	-0.004065041	-0.004065041	-0.004065041	-0.004065041	-0.004065041	-0.004065041	-0.004065041	-0.004065041	-0.004065041	-0.004065041	-0.004065041	-0.000421348	-0.000421348	-0.000421348	-0.000421348	-0.000421348	-0.000555556	-0.000555556	-0.000555556	-0.000555556	-0.000555556	-0.000869565	-0.000869565	-0.000869565	-0.000869565	-0.000869565	-0.000847458	-0.000847458	-0.000847458	-0.000847458	-0.000847458	-0.000689655	-0.000689655	-0.000689655	-0.000689655	-0.000689655
1136088	-0.003582353	-0.003582353	-0.003582353	-0.003582353	-0.003582353	-0.027723029	-0.027723029	-0.027723029	-0.027723029	-0.027723029	-0.020489116	-0.020489116	-0.020489116	-0.020489116	-0.020489116	-0.006756757	-0.006756757	-0.006756757	-0.006756757	-0.006756757	-0.004065041	-0.004065041	-0.004065041	-0.004065041	-0.004065041	-0.004065041	-0.004065041	-0.004065041	-0.004065041	-0.004065041	-0.004065041	-0.004065041	-0.004065041	-0.000421348	-0.000421348	-0.000421348	-0.000421348	-0.000421348	-0.000555556	-0.000555556	-0.000555556	-0.000555556	-0.000555556	-0.000869565	-0.000869565	-0.000869565	-0.000869565	-0.000869565	-0.000847458	-0.000847458	-0.000847458	-0.000847458	-0.000847458	-0.000689655	-0.000689655	-0.000689655	-0.000689655	-0.000689655
1137204	-0.003582353	-0.003582353	-0.003582353	-0.003582353	-0.003582353	-0.027723029	-0.027723029	-0.027723029	-0.027723029	-0.027723029	-0.020489116	-0.020489116	-0.020489116	-0.020489116	-0.020489116	-0.006756757	-0.006756757	-0.006756757	-0.006756757	-0.006756757	-0.004065041	-0.004065041	-0.004065041	-0.004065041	-0.004065041	-0.004065041	-0.004065041	-0.004065041	-0.004065041	-0.004065041	-0.004065041	-0.004065041	-0.004065041	-0.000421348	-0.000421348	-0.000421348	-0.000421348	-0.000421348	-0.000555556	-0.000555556	-0.000555556	-0.000555556	-0.000555556	-0.000869565	-0.000869565	-0.000869565	-0.000869565	-0.000869565	-0.000847458	-0.000847458	-0.000847458	-0.000847458	-0.000847458	-0.000689655	-0.000689655	-0.000689655	-0.000689655	-0.000689655
1138320	-0.003582353	-0.003582353	-0.003582353	-0.003582353	-0.003582353	-0.027723029	-0.027723029	-0.027723029	-0.027723029	-0.027723029	-0.020489116	-0.020489116	-0.020489116	-0.020489116	-0.020489116	-0.006756757	-0.006756757	-0.006756757	-0.006756757	-0.006756757	-0.004065041	-0.004065041	-0.004065041	-0.004065041	-0.004065041	-0.004065041	-0.004065041	-0.004065041	-0.004065041	-0.004065041	-0.004065041	-0.004065041	-0.004065041	-0.000421348	-0.000421348	-0.000421348	-0.000421348	-0.000421348	-0.000555556	-0.000555556	-0.000555556	-0.000555556	-0.000555556	-0.000869565	-0.000869565	-0.000869565	-0.000869565	-0.000869565	-0.000847458	-0.000847458	-0.000847458	-0.000847458	-0.000847458	-0.000689655	-0.000689655	-0.000689655	-0.000689655	-0.000689655
1139436	-0.003582353	-0.003582353	-0.003582353	-0.003582353	-0.003582353	-0.027723029	-0.027723029	-0.027723029	-0.027723029	-0.027723029	-0.020489116	-0.020489116	-0.020489116	-0.020489116	-0.020489116	-0.006756757	-0.006756757	-0.006756757	-0.006756757	-0.006756757	-0.004065041	-0.004065041	-0.004065041	-0.004065041	-0.004065041	-0.004065041	-0.004065041	-0.004065041	-0.004065041	-0.004065041	-0.004065041	-0.004065041	-0.004065041	-0.000421348	-0.000421348	-0.000421348	-0.000421348	-0.000421348	-0.000555556	-0.000555556	-0.000555556	-0.000555556	-0.000555556	-0.000869565	-0.000869565	-0.000869565	-0.000869565	-0.000869565	-0.000847458	-0.000847458	-0.000847458	-0.000847458	-0.000847458	-0.000689655	-0.000689655	-0.000689655	-0.000689655	-0.000689655
1140552	-0.003582353	-0.003582353	-0.003582353	-0.003582353	-0.003582353	-0.027723029	-0.027723029	-0.027723029	-0.027723029	-0.027723029	-0.020489116	-0.020489116	-0.020489116	-0.020489116	-0.020489116	-0.006756757	-0.006756757	-0.006756757	-0.006756757	-0.006756757	-0.004065041	-0.004065041	-0.004065041	-0.004065041	-0.004065041	-0.004065041	-0.004065041	-0.004065041	-0.004065041	-0.004065041	-0.004065041	-0.004065041	-0.004065041	-0.000421348	-0.000421348	-0.000421348	-0.000421348	-0.000421348	-0.000555556	-0.000555556	-0.000555556	-0.000555556	-0.000555556	-0.000869565	-0.000869565	-0.000869565	-0.000869565	-0.000869565	-0.000847458	-0.000847458	-0.000847458	-0.000847458	-0.000847458	-0.000689655	-0.000689655	-0.000689655	-0.000689655	-0.000689655
1141668	-0.003582353	-0.003582353	-0.003582353	-0.003582353	-0.003582353	-0.027723029	-0.027723029	-0.027723029	-0.027723029	-0.027723029	-0.020489116	-0.020489116	-0.020489116	-0.020489116	-0.020489116	-0.006756757	-0.006756757	-0.006756757	-0.006756757	-0.006756757	-0.004065041	-0.004065041	-0.004065041	-0.004065041	-0.004065041	-0.004065041	-0.004065041	-0.004065041	-0.004065041	-0.004065041	-0.004065041	-0.004065041	-0.004065041	-0.000421348	-0.000421348	-0.000421348	-0.000421348	-0.000421348	-0.000555556	-0.000555556	-0.000555556	-0.000555556	-0.000555556	-0.000869565	-0.000869565	-0.000869565	-0.000869565	-0.000869565	-0.000847458	-0.000847458	-0.000847458	-0.000847458	-0.000847458	-0.000689655	-0.000689655	-0.000689655	-0.000689655	-0.000689655
1142784	-0.003582353	-0.003582353	-0.003582353	-0.003582353	-0.003582353	-0.027723029	-0.027723029	-0.027723029	-0.027723029	-0.027723029	-0.020489116	-0.020489116	-0.020489116	-0.020489116	-0.020489116	-0.006756757	-0.006756757	-0.006756757	-0.006756757	-0.006756757	-0.004065041	-0.004065041	-0.004065041	-0.004065041	-0.004065041	-0.004065041	-0.004065041	-0.004065041	-0.004065041	-0.004065041	-0.004065041	-0.004065041	-0.004065041	-0.000421348	-0.000421348	-0.000421348	-0.000421348	-0.000421348	-0.000555556	-0.000555556	-0.000555556	-0.000555556	-0.000555556	-0.000869565	-0.000869565	-0.000869565	-0.000869565	-0.000869565	-0.000847458	-0.000847458	-0.000847458	-0.000847458	-0.000847458	-0.000689655	-0.000689655	-0.000689655	-0.000689655	-0.000689655
1143900	-0.003582353	-0.003582353	-0.003582353	-0.003582353	-0.003582353	-0.027723029	-0.027723029	-0.027723029	-0.027723029	-0.027723029	-0.020489116	-0.020489116	-0.020489116	-0.020489116	-0.020489116	-0.006756757	-0.006756757	-0.006756757	-0.006756757	-0.006756757	-0.004065041	-0.004065041	-0.004065041	-0.004065041	-0.004065041	-0.004065041	-0.004065041	-0.004065041	-0.004065041	-0.004065041	-0.004065041	-0.004065041	-0.004065041	-0.000421348	-0.000421348	-0.000421348	-0.000421348	-0.000421348	-0.000555556	-0.000555556	-0.000555556	-0.000555556	-0.000555556	-0.000869565	-0.000869565	-0.000869565	-0.000869565	-0.000869565	-0.000847458	-0.000847458	-0.000847458	-0.000847458	-0.000847458	-0.000689655	-0.000689655	-0.000689655	-0.000689655	-0.000689655
1145016	-0.003582353	-0.003582353	-0.003582353	-0.003582353	-0.003582353	-0.027723029	-0.027723029	-0.027723029	-0.027723029	-0.027723029	-0.020489116	-0.020489116	-0.020489116	-0.020489116	-0.020489116	-0.006756757	-0.006756757	-0.006756757	-0.006756757	-0.006756757	-0.004065041	-0.004065041	-0.004065041	-0.004065041	-0.004065041	-0.004065041	-0.004065041	-0.004065041	-0.004065041	-0.004065041	-0.004065041	-0.004065041	-0.004065041	-0.000421348	-0.000421348	-0.000421348	-0.000421348	-0.000421348	-0.000555556	-0.000555556	-0.000555556	-0.000555556	-0.000555556	-0.000869565	-0.000869565	-0.000869565	-0.000869565	-0.000869565	-0.000847458	-0.000847458	-0.000847458	-0.000847458	-0.000847458	-0.000689655	-0.000689655	-0.000689655	-0.000689655	-0.000689655
1146132	-0.003582353	-0.003582353	-0.003582353	-0.003582353	-0.003582353	-0.027723029	-0.027723029	-0.027723029	-0.027723029	-0.027723029	-0.020489116	-0.020489116	-0.020489116	-0.020489116	-0.020489116	-0.006756757	-0.006756757	-0.006756757	-0.006756757	-0.006756757	-0.004065041	-0.004065041	-0.004065041	-0.004065041	-0.004065041	-0.004065041	-0.004065041	-0.004065041	-0.004065041	-0.004065041	-0.004065041	-0.004065041	-0.004065041	-0.000421348	-0.000421348	-0.000421348	-0.000421348	-0.000421348	-0.000555556	-0.000555556	-0.000555556	-0.000555556	-0.000555556	-0.000869565	-0.000869565	-0.000869565	-0.000869565	-0.000869565	-0.000847458	-0.000847458	-0.000847458	-0.000847458	-0.000847458	-0.000689655	-0.000689655	-0.000689655	-0.000689655	-0.000689655
1147248	-0.003582353	-0.003582353	-0.003582353	-0.003582353	-0.003582353	-0.027723029	-0.027723029	-0.027723029	-0.027723029	-0.027723029	-0.020489116	-0.020489116	-0.020489116	-0.020489116	-0.020489116	-0.006756757	-0.006756757	-0.006756757	-0.006756757	-0.006756757	-0.004065041	-0.004065041	-0.004065041	-0.004065041	-0.004065041	-0.004065041	-0.004065041	-0.004065041	-0.004065041	-0.004065041	-0.004065041	-0.004065041	-0.004065041	-0.000421348	-0.000421348	-0.000421348	-0.000421348	-0.000421348	-0.000555556	-0.000555556	-0.000555556	-0.000555556	-0.000555556	-0.000869565	-0.000869565	-0.000869565	-0.000869565	-0.000869565	-0.000847458	-0.000847458	-0.000847458	-0.000847458	-0.000847458	-0.000689655	-0.000689655	-0.000689655	-0.000689655	-0.000689655
1148364	-0.003582353	-0.003582353	-0.003582353	-0.003582353	-0.003582353	-0.027723029	-0.027723029	-0.027723029	-0.027723029	-0.027723029	-0.020489116	-0.020489116	-0.020489116	-0.020489116	-0.020489116	-0.006756757	-0.006756757	-0.006756757	-0.006756757	-0.006756757	-0.004065041	-0.004065041	-0.004065041	-0.004065041	-0.004065041	-0.004065041	-0.004065041	-0.004065041	-0.004065041	-0.004065041	-0.004065041	-0.004065041	-0.004065041	-0.000421348	-0.000421348	-0.000421348	-0.000421348	-0.000421348	-0.000555556	-0.000555556	-0.000555556	-0.000555556	-0.000555556	-0.000869565	-0.000869565	-0.000869565	-0.000869565	-0.000869565	-0.000847458	-0.000847458	-0.000847458	-0.000847458	-0.000847458	-0.000689655	-0.000689655	-0.000689655	-0.000689655	-0.000689655
1149480	-0.003582353	-0.003582353	-0.003582353	-0.003582353	-0.003582353	-0.027723029	-0.027723029	-0.027723029	-0.027723029	-0.027723029	-0.020489116	-0.020489116	-0.020489116	-0.020489116	-0.020489116	-0.006756757	-0.006756757	-0.006756757	-0.006756757	-0.006756757	-0.004065041	-0.004065041	-0.004065041	-0.004065041	-0.004065041	-0.004065041	-0.004065041	-0.004065041	-0.004065041	-0.004065041	-0.004065041	-0.004065041	-0.004065041	-0.000421348	-0.000421348	-0.000421348	-0.000421348	-0.000421348	-0.000555556	-0.000555556	-0.000555556	-0.000555556	-0.000555556	-0.000869565	-0.000869565	-0.000869565	-0.000869565	-0.000869565	-0.000847458	-0.000847458	-0.000847458	-0.000847458	-0.000847458	-0.000689655	-0.000689655	-0.000689655	-0.000689655	-0.000689655
1150596	-0.003582353	-0.003582353	-0.003582353	-0.003582353	-0.003582353	-0.027723029	-0.027723029	-0.027723029	-0.027723029	-0.027723029	-0.020489116	-0.020489116	-0.020489116	-0.020489116	-0.020489116	-0.006756757	-0.006756757	-0.006756757	-0.006756757	-0.006756757	-0.004065041	-0.004065041	-0.004065041	-0.004065041	-0.004065041	-0.004065041	-0.004065041	-0.004065041	-0.004065041	-0.004065041	-0.004065041	-0.004065041	-0.004065041	-0.000421348	-0.000421348	-0.000421348	-0.000421348	-0.000421348	-0.000555556	-0.000555556	-0.000555556	-0.000555556	-0.000555556	-0.000869565	-0.000869565	-0.000869565	-0.000869565	-0.000869565	-0.000847458	-0.000847458	-0.000847458	-0.000847458	-0.000847458	-0.000689655	-0.000689655	-0.000689655	-0.000689655	-0.000689655
1151712	-0.003582353	-0.003582353	-0.003582353	-0.003582353	-0.003582353	-0.027723029	-0.027723029	-0.027723029	-0.027723029	-0.027723029	-0.020489116	-0.020489116	-0.020489116	-0.020489116	-0.020489116	-0.006756757	-0.006756757	-0.006756757	-0.006756757	-0.006756757	-0.004065041	-0.004065041	-0.004065041	-0.004065041	-0.004065041	-0.004065041	-0.004065041	-0.004065041	-0.004065041	-0.004065041	-0.004065041	-0.004065041	-0.004065041	-0.000421348	-0.000421348	-0.000421348	-0.000421348	-0.000421348	-0.000555556	-0.000555556	-0.000555556	-0.000555556	-0.000555556	-0.000869565	-0.000869565	-0.000869565	-0.000869565	-0.000869565	-0.000847458	-0.000847458	-0.000847458	-0.000847458	-0.000847458	-0.000689655	-0.000689655	-0.000689655	-0.000689655	-0.000689655
1152828	-0.003582353	-0.003582353	-0.003582353	-0.003582353	-0.003582353	-0.027723029	-0.027723029	-0.027723029	-0.027723029	-0.027723029	-0.020489116	-0.020489116	-0.020489116	-0.020489116	-0.020489116	-0.006756757	-0.006756757	-0.006756757	-0.006756757	-0.006756757	-0.004065041	-0.004065041	-0.004065041	-0.004065041	-0.004065041	-0.004065041	-0.004065041	-0.004065041	-0.004065041	-0.004065041	-0.004065041	-0.004065041	-0.004065041	-0.000421348	-0.000421348	-0.000421348	-0.000421348	-0.000421348	-0.000555556	-0.000555556	-0.000555556	-0.000555556	-0.000555556	-0.000869565	-0.000869565	-0.000869565	-0.000869565	-0.000869565	-0.000847458	-0.000847458	-0.000847458	-0.000847458	-0.000847458	-0.000689655	-0.000689655	-0.000689655	-0.000689655	-0.000689655
1153944	-0.003582353	-0.003582353	-0.003582353	-0.003582353	-0.003582353	-0.027723029	-0.027723029	-0.027723029	-0.027723029	-0.027723029	-0.020489116	-0.020489116	-0.020489116	-0.020489116	-0.020489116	-0.006756757	-0.006756757	-0.006756757	-0.006756757	-0.006756757	-0.004065041	-0.004065041	-0.004065041	-0.004065041	-0.004065041	-0.004065041	-0.004065041	-0.004065041	-0.004065041	-0.004065041	-0.004065041	-0.004065041	-0.004065041	-0.000421348	-0.000421348	-0.000421348	-0.000421348	-0.000421348	-0.000555556	-0.000555556	-0.000555556	-0.000555556	-0.000555556	-0.000869565	-0.000869565	-0.000869565	-0.000869565	-0.000869565	-0.000847458	-0.000847458	-0.000847458	-0.000847458	-0.000847458	-0.000689655	-0.000689655	-0.000689655	-0.000689655	-0.000689655
1155060	-0.003582353	-0.003582353	-0.003582353	-0.003582353	-0.003582353	-0.027723029	-0.027723029	-0.027723029	-0.027723029	-0.027723029	-0.020489116	-0.020489116	-0.020489116	-0.020489116	-0.020489116	-0.006756757	-0.006756757	-0.006756757	-0.006756757	-0.006756757	-0.004065041	-0.004065041	-0.004065041	-0.004065041	-0.004065041	-0.004065041	-0.004065041	-0.004065041	-0.004065041	-0.004065041	-0.004065041	-0.004065041	-0.004065041	-0.000421348	-0.000421348	-0.000421348	-0.000421348	-0.000421348	-0.000555556	-0.000555556	-0.000555556	-0.000555556	-0.000555556	-0.000869565	-0.000869565	-0.000869565	-0.000869565	-0.000869565	-0.000847458	-0.000847458	-0.000847458	-0.000847458	-0.000847458	-0.000689655	-0.000689655	-0.000689655	-0.000689655	-0.000689655
1156176	-0.003582353	-0.003582353	-0.003582353	-0.003582353	-0.003582353	-0.027723029	-0.027723029	-0.027723029	-0.027723029	-0.027723029	-0.020489116	-0.020489116	-0.020489116	-0.020489116	-0.020489116	-0.006756757	-0.006756757	-0.006756757	-0.006756757	-0.006756757	-0.004065041	-0.004065041	-0.004065041	-0.004065041	-0.004065041	-0.004065041	-0.004065041	-0.004065041	-0.004065041	-0.004065041	-0.004065041	-0.004065041	-0.004065041	-0.000421348	-0.000421348	-0.000421348	-0.000421348	-0.000421348	-0.000555556	-0.000555556	-0.000555556	-0.000555556	-0.000555556	-0.000869565	-0.000869565	-0.000869565	-0.000869565	-0.000869565	-0.000847458	-0.000847458	-0.000847458	-0.000847458	-0.000847458	-0.000689655	-0.000689655	-0.000689655	-0.000689655	-0.000689655
1157292	-0.003582353	-0.003582353	-0.003582353	-0.003582353	-0.003582353	-0.027723029	-0.027723029	-0.027723029	-0.027723029	-0.027723029	-0.020489116	-0.020489116	-0.020489116	-0.020489116	-0.020489116	-0.006756757	-0.006756757	-0.006756757	-0.006756757	-0.006756757	-0.004065041	-0.004065041	-0.004065041	-0.004065041	-0.004065041	-0.004065041	-0.004065041	-0.004065041	-0.004065041	-0.004065041	-0.004065041	-0.004065041	-0.004065041	-0.000421348	-0.000421348	-0.000421348	-0.000421348	-0.000421348	-0.000555556	-0.000555556	-0.000555556	-0.000555556	-0.000555556	-0.000869565	-0.000869565	-0.000869565	-0.000869565	-0.000869565	-0.000847458	-0.000847458	-0.000847458	-0.000847458	-0.000847458	-0.000689655	-0.000689655	-0.000689655	-0.000689655	-0.000689655
1158408	-0.003582353	-0.003582353	-0.003582353	-0.003582353	-0.003582353	-0.027723029	-0.027723029	-0.027723029	-0.027723029	-0.027723029	-0.020489116	-0.020489116	-0.020489116	-0.020489116	-0.020489116	-0.006756757	-0.006756757	-0.006756757	-0.006756757	-0.006756757	-0.004065041	-0.004065041	-0.004065041	-0.004065041	-0.004065041	-0.004065041	-0.004065041	-0.004065041	-0.004065041	-0.004065041	-0.004065041	-0.004065041	-0.004065041	-0.000421348	-0.000421348	-0.000421348	-0.000421348	-0.000421348	-0.000555556	-0.000555556	-0.000555556	-0.000555556	-0.000555556	-0.000869565	-0.000869565	-0.000869565	-0.000869565	-0.000869565	-0.000847458	-0.000847458	-0.000847458	-0.000847458	-0.000847458	-0.000689655	-0.000689655	-0.000689655	-0.000689655	-0.000689655
1159524	-0.003582353	-0.003582353	-0.003582353	-0.003582353	-0.003582353	-0.027723029	-0.027723029	-0.027723029	-0.027723029	-0.027723029	-0.020489116	-0.020489116	-0.020489116	-0.020489116	-0.020489116	-0.006756757	-0.006756757	-0.006756757	-0.006756757	-0.006756757	-0.004065041	-0.004065041	-0.004065041	-0.004065041	-0.004065041	-0.004065041	-0.004065041	-0.004065041	-0.004065041	-0.004065041	-0.004065041	-0.004065041	-0.004065041	-0.000421348	-0.000421348	-0.000421348	-0.000421348	-0.000421348	-0.000555556	-0.000555556	-0.000555556	-0.000555556	-0.000555556	-0.000869565	-0.000869565	-0.000869565	-0.000869565	-0.000869565	-0.000847458	-0.000847458	-0.000847458	-0.000847458	-0.000847458	-0.000689655	-0.000689655	-0.000689655	-0.000689655	-0.000689655
1160640	-0.003582353	-0.003582353	-0.003582353	-0.003582353	-0.003582353	-0.027723029	-0.027723029	-0.027723029	-0.027723029	-0.027723029	-0.020489116	-0.020489116	-0.020489116	-0.020489116	-0.020489116	-0.006756757	-0.006756757	-0.006756757	-0.006756757	-0.006756757	-0.004065041	-0.004065041	-0.004065041	-0.004065041	-0.004065041	-0.004065041	-0.004065041	-0.004065041	-0.004065041	-0.004065041	-0.004065041	-0.004065041	-0.004065041	-0.000421348	-0.000421348	-0.000421348	-0.000421348	-0.000421348	-0.000555556	-0.000555556	-0.000555556	-0.000555556	-0.000555556	-0.000869565	-0.000869565	-0.000869565	-0.000869565	-0.000869565	-0.000847458	-0.000847458	-0.000847458	-0.000847458	-0.000847458	-0.000689655	-0.000689655	-0.000689655	-0.000689655	-0.000689655
1161756	-0.003582353	-0.003582353	-0.003582353	-0.003582353	-0.003582353	-0.027723029	-0.027723029	-0.027723029	-0.027723029	-0.027723029	-0.020489116	-0.020489116	-0.020489116	-0.020489116	-0.020489116	-0.006756757	-0.006756757	-0.006756757	-0.006756757	-0.006756757	-0.004065041	-0.004065041	-0.004065041	-0.004065041	-0.004065041	-0.004065041	-0.004065041	-0.004065041	-0.004065041	-0.004065041	-0.004065041	-0.004065041	-0.004065041	-0.000421348	-0.000421348	-0.000421348	-0.000421348	-0.000421348	-0.000555556	-0.000555556	-0.000555556	-0.000555556	-0.000555556	-0.000869565	-0.000869565	-0.000869565	-0.000869565	-0.000869565	-0.000847458	-0.000847458	-0.000847458	-0.000847458	-0.000847458	-0.000689655	-0.000689655	-0.000689655	-0.000689655	-0.000689655
1162872	-0.003582353	-0.003582353	-0.003582353	-0.003582353	-0.003582353	-0.027723029	-0.027723029	-0.027723029	-0.027723029	-0.027723029	-0.020489116	-0.020489116	-0.020489116	-0.020489116	-0.020489116	-0.006756757	-0.006756757	-0.006756757	-0.006756757	-0.006756757	-0.004065041	-0.004065041	-0.004065041	-0.004065041	-0.004065041	-0.004065041	-0.004065041	-0.004065041	-0.004065041	-0.004065041	-0.004065041	-0.004065041	-0.004065041	-0.000421348	-0.000421348	-0.000421348	-0.000421348	-0.000421348	-0.000555556	-0.000555556	-0.000555556	-0.000555556	-0.000555556	-0.000869565	-0.000869565	-0.000869565	-0.000869565	-0.000869565	-0.000847458	-0.000847458	-0.000847458	-0.000847458	-0.000847458	-0.000689655	-0.000689655	-0.000689655	-0.000689655	-0.000689655
1163988	-0.003582353	-0.003582353	-0.003582353	-0.003582353	-0.003582353	-0.027723029	-0.027723029	-0.027723029	-0.027723029	-0.027723029	-0.020489116	-0.020489116	-0.020489116	-0.020489116	-0.020489116	-0.006756757	-0.006756757	-0.006756757	-0.006756757	-0.006756757	-0.004065041	-0.004065041	-0.004065041	-0.004065041	-0.004065041	-0.004065041	-0.004065041	-0.004065041	-0.004065041	-0.004065041	-0.004065041	-0.004065041	-0.004065041	-0.000421348	-0.000421348	-0.000421348	-0.000421348	-0.000421348	-0.000555556	-0.000555556	-0.000555556	-0.000555556	-0.000555556	-0.000869565	-0.000869565	-0.000869565	-0.000869565	-0.000869565	-0.000847458	-0.000847458	-0.000847458	-0.000847458	-0.000847458	-0.000689655	-0.000689655	-0.000689655	-0.000689655	-0.000689655
1165104	-0.003582353	-0.003582353	-0.003582353	-0.003582353	-0.003582353	-0.027723029	-0.027723029	-0.027723029	-0.027723029	-0.027723029	-0.020489116	-0.020489116	-0.020489116	-0.020489116	-0.020489116	-0.006756757	-0.006756757	-0.006756757	-0.006756757	-0.006756757	-0.004065041	-0.004065041	-0.004065041	-0.004065041	-0.004065041	-0.004065041	-0.004065041	-0.004065041	-0.004065041	-0.004065041	-0.004065041	-0.004065041	-0.004065041	-0.000421348	-0.000421348	-0.000421348	-0.000421348	-0.000421348	-0.000555556	-0.000555556	-0.000555556	-0.000555556	-0.000555556	-0.000869565	-0.000869565	-0.000869565	-0.000869565	-0.000869565	-0.000847458	-0.000847458	-0.000847458	-0.000847458	-0.000847458	-0.000689655	-0.000689655	-0.000689655	-0.000689655	-0.000689655
1166220	-0.003582353	-0.003582353	-0.003582353	-0.003582353	-0.003582353	-0.027723029	-0.027723029	-0.027723029	-0.027723029	-0.027723029	-0.020489116	-0.020489116	-0.020489116	-0.020489116	-0.020489116	-0.006756757	-0.006756757	-0.006756757	-0.006756757	-0.006756757	-0.004065041	-0.004065041	-0.004065041	-0.004065041	-0.004065041	-0.004065041	-0.004065041	-0.004065041	-0.004065041	-0.004065041	-0.004065041	-0.004065041	-0.004065041	-0.000421348	-0.000421348	-0.000421348	-0.000421348	-0.000421348	-0.000555556	-0.000555556	-0.000555556	-0.000555556	-0.000555556	-0.000869565	-0.000869565	-0.000869565	-0.000869565	-0.000869565	-0.000847458	-0.000847458	-0.000847458	-0.000847458	-0.000847458	-0.000689655	-0.000689655	-0.000689655	-0.000689655	-0.000689655
1167336	-0.003582353	-0.003582353	-0.003582353	-0.003582353	-0.003582353	-0.027723029	-0.027723029	-0.027723029	-0.027723029	-0.027723029	-0.020489116	-0.020489116	-0.020489116	-0.020489116	-0.020489116	-0.006756757	-0.006756757	-0.006756757	-0.006756757	-0.006756757	-0.004065041	-0.004065041	-0.004065041	-0.004065041	-0.004065041	-0.004065041	-0.004065041	-0.004065041	-0.004065041	-0.004065041	-0.004065041	-0.004065041	-0.004065041	-0.000421348	-0.000421348	-0.000421348	-0.000421348	-0.000421348	-0.000555556	-0.000555556	-0.000555556	-0.000555556	-0.000555556	-0.000869565	-0.000869565	-0.000869565	-0.000869565	-0.000869565	-0.000847458	-0.000847458	-0.000847458	-0.000847458	-0.000847458	-0.000689655	-0.000689655	-0.000689655	-0.000689655	-0.000689655
1168452	-0.003582353	-0.003582353	-0.003582353	-0.003582353	-0.003582353	-0.027723029	-0.027723029	-0.027723029	-0.027723029	-0.027723029	-0.020489116	-0.020489116	-0.020489116	-0.020489116	-0.020489116	-0.006756757	-0.006756757	-0.006756757	-0.006756757	-0.006756757	-0.004065041	-0.004065041	-0.004065041	-0.004065041	-0.004065041	-0.004065041	-0.004065041	-0.004065041	-0.004065041	-0.004065041	-0.004065041	-0.004065041	-0.004065041	-0.000421348	-0.000421348	-0.000421348	-0.000421348	-0.000421348	-0.000555556	-0.000555556	-0.000555556	-0.000555556	-0.000555556	-0.000869565	-0.000869565	-0.000869565	-0.000869565	-0.000869565	-0.000847458	-0.000847458	-0.000847458	-0.000847458	-0.000847458	-0.000689655	-0.000689655	-0.000689655	-0.000689655	-0.000689655
1169568	-0.003582353	-0.003582353	-0.003582353	-0.003582353	-0.003582353	-0.027723029	-0.027723029	-0.027723029	-0.027723029	-0.027723029	-0.020489116	-0.020489116	-0.020489116	-0.020489116	-0.020489116	-0.006756757	-0.006756757	-0.006756757	-0.006756757	-0.006756757	-0.004065041	-0.004065041	-0.004065041	-0.004065041	-0.004065041	-0.004065041	-0.004065041	-0.004065041	-0.004065041	-0.004065041	-0.004065041	-0.004065041	-0.004065041	-0.000421348	-0.000421348	-0.000421348	-0.000421348	-0.000421348	-0.000555556	-0.000555556	-0.000555556	-0.000555556	-0.000555556	-0.000869565	-0.000869565	-0.000869565	-0.000869565	-0.000869565	-0.000847458	-0.000847458	-0.000847458	-0.000847458	-0.000847458	-0.000689655	-0.000689655	-0.000689655	-0.000689655	-0.000689655
1170684	-0.003582353	-0.003582353	-0.003582353	-0.003582353	-0.003582353	-0.027723029	-0.027723029	-0.027723029	-0.027723029	-0.027723029	-0.020489116	-0.020489116	-0.020489116	-0.020489116	-0.020489116	-0.006756757	-0.006756757	-0.006756757	-0.006756757	-0.006756757	-0.004065041	-0.004065041	-0.004065041	-0.004065041	-0.004065041	-0.004065041	-0.004065041	-0.004065041	-0.004065041	-0.004065041	-0.004065041	-0.004065041	-0.004065041	-0.000421348	-0.000421348	-0.000421348	-0.000421348	-0.000421348	-0.000555556	-0.000555556	-0.000555556	-0.000555556	-0.000555556	-0.000869565	-0.000869565	-0.000869565	-0.000869565	-0.000869565	-0.000847458	-0.000847458	-0.000847458	-0.000847458	-0.000847458	-0.000689655	-0.000689655	-0.000689655	-0.000689655	-0.000689655
1171800	-0.003582353	-0.003582353	-0.003582353	-0.003582353	-0.003582353	-0.027723029	-0.027723029	-0.027723029	-0.027723029	-0.027723029	-0.020489116	-0.020489116	-0.020489116	-0.020489116	-0.020489116	-0.006756757	-0.006756757	-0.006756757	-0.006756757	-0.006756757	-0.004065041	-0.004065041	-0.004065041	-0.004065041	-0.004065041	-0.004065041	-0.004065041	-0.004065041	-0.004065041	-0.004065041	-0.004065041	-0.004065041	-0.004065041	-0.000421348	-0.000421348	-0.000421348	-0.000421348	-0.000421348	-0.000555556	-0.000555556	-0.000555556	-0.000555556	-0.000555556	-0.000869565	-0.000869565	-0.000869565	-0.000869565	-0.000869565	-0.000847458	-0.000847458	-0.000847458	-0.000847458	-0.000847458	-0.000689655	-0.000689655	-0.000689655	-0.000689655	-0.000689655
1172916	-0.003582353	-0.003582353	-0.003582353	-0.003582353	-0.003582353	-0.027723029	-0.027723029	-0.027723029	-0.027723029	-0.027723029	-0.020489116	-0.020489116	-0.020489116	-0.020489116	-0.020489116	-0.006756757	-0.006756757	-0.006756757	-0.006756757	-0.006756757	-0.004065041	-0.004065041	-0.004065041	-0.004065041	-0.004065041	-0.004065041	-0.004065041	-0.004065041	-0.004065041	-0.004065041	-0.004065041	-0.004065041	-0.004065041	-0.000421348	-0.000421348	-0.000421348	-0.000421348	-0.000421348	-0.000555556	-0.000555556	-0.000555556	-0.000555556	-0.000555556	-0.000869565	-0.000869565	-0.000869565	-0.000869565	-0.000869565	-0.000847458	-0.000847458	-0.000847458	-0.000847458	-0.000847458	-0.000689655	-0.000689655	-0.000689655	-0.000689655	-0.000689655
1174032	-0.003582353	-0.003582353	-0.003582353	-0.003582353	-0.003582353	-0.027723029	-0.027723029	-0.027723029	-0.027723029	-0.027723029	-0.020489116	-0.020489116	-0.020489116	-0.020489116	-0.020489116	-0.006756757	-0.006756757	-0.006756757	-0.006756757	-0.006756757	-0.004065041	-0.004065041	-0.004065041	-0.004065041	-0.004065041	-0.004065041	-0.004065041	-0.004065041	-0.004065041	-0.004065041	-0.004065041	-0.004065041	-0.004065041	-0.000421348	-0.000421348	-0.000421348	-0.000421348	-0.000421348	-0.000555556	-0.000555556	-0.000555556	-0.000555556	-0.000555556	-0.000869565	-0.000869565	-0.000869565	-0.000869565	-0.000869565	-0.000847458	-0.000847458	-0.000847458	-0.000847458	-0.000847458	-0.000689655	-0.000689655	-0.000689655	-0.000689655	-0.000689655
1175148	-0.003582353	-0.003582353	-0.003582353	-0.003582353	-0.003582353	-0.027723029	-0.027723029	-0.027723029	-0.027723029	-0.027723029	-0.020489116	-0.020489116	-0.020489116	-0.020489116	-0.020489116	-0.006756757	-0.006756757	-0.006756757	-0.006756757	-0.006756757	-0.004065041	-0.004065041	-0.004065041	-0.004065041	-0.004065041	-0.004065041	-0.004065041	-0.004065041	-0.004065041	-0.004065041	-0.004065041	-0.004065041	-0.004065041	-0.000421348	-0.000421348	-0.000421348	-0.000421348	-0.000421348	-0.000555556	-0.000555556	-0.000555556	-0.000555556	-0.000555556	-0.000869565	-0.000869565	-0.000869565	-0.000869565	-0.000869565	-0.000847458	-0.000847458	-0.000847458	-0.000847458	-0.000847458	-0.000689655	-0.000689655	-0.000689655	-0.000689655	-0.000689655
1176264	-0.003582353	-0.003582353	-0.003582353	-0.003582353	-0.003582353	-0.027723029	-0.027723029	-0.027723029	-0.027723029	-0.027723029	-0.020489116	-0.020489116	-0.020489116	-0.020489116	-0.020489116	-0.006756757	-0.006756757	-0.006756757	-0.006756757	-0.006756757	-0.004065041	-0.004065041	-0.004065041	-0.004065041	-0.004065041	-0.004065041	-0.004065041	-0.004065041	-0.004065041	-0.004065041	-0.004065041	-0.004065041	-0.004065041	-0.000421348	-0.000421348	-0.000421348	-0.000421348	-0.000421348	-0.000555556	-0.000555556	-0.000555556	-0.000555556	-0.000555556	-0.000869565	-0.000869565	-0.000869565	-0.000869565	-0.000869565	-0.000847458	-0.000847458	-0.000847458	-0.000847458	-0.000847458	-0.000689655	-0.000689655	-0.000689655	-0.000689655	-0.000689655
1177380	-0.003582353	-0.003582353	-0.003582353	-0.003582353	-0.003582353	-0.027723029	-0.027723029	-0.027723029	-0.027723029	-0.027723029	-0.020489116	-0.020489116	-0.020489116	-0.020489116	-0.020489116	-0.006756757	-0.006756757	-0.006756757	-0.006756757	-0.006756757	-0.004065041	-0.004065041	-0.004065041	-0.004065041	-0.004065041	-0.004065041	-0.004065041	-0.004065041	-0.004065041	-0.004065041	-0.004065041	-0.004065041	-0.004065041	-0.000421348	-0.000421348	-0.000421348	-0.000421348	-0.000421348	-0.000555556	-0.000555556	-0.000555556	-0.000555556	-0.000555556	-0.000869565	-0.000869565	-0.000869565	-0.000869565	-0.000869565	-0.000847458	-0.000847458	-0.000847458	-0.000847458	-0.000847458	-0.000689655	-0.000689655	-0.000689655	-0.000689655	-0.000689655
1178496	-0.003582353	-0.003582353	-0.003582353	-0.003582353	-0.003582353	-0.027723029	-0.027723029	-0.027723029	-0.027723029	-0.027723029	-0.020489116	-0.020489116	-0.020489116	-0.020489116	-0.020489116	-0.006756757	-0.006756757	-0.006756757	-0.006756757	-0.006756757	-0.004065041	-0.004065041	-0.004065041	-0.004065041	-0.004065041	-0.004065041	-0.004065041	-0.004065041	-0.004065041	-0.004065041	-0.004065041	-0.004065041	-0.004065041	-0.000421348	-0.000421348	-0.000421348	-0.000421348	-0.000421348	-0.000555556	-0.000555556	-0.000555556	-0.000555556	-0.000555556	-0.000869565	-0.000869565	-0.000869565	-0.000869565	-0.000869565	-0.000847458	-0.000847458	-0.000847458	-0.000847458	-0.000847458	-0.000689655	-0.000689655	-0.000689655	-0.000689655	-0.000689655
1179612	-0.003582353	-0.003582353	-0.003582353	-0.003582353	-0.003582353	-0.027723029	-0.027723029	-0.027723029	-0.027723029	-0.027723029	-0.020489116	-0.020489116	-0.020489116	-0.020489116	-0.020489116	-0.006756757	-0.006756757	-0.006756757	-0.006756757	-0.006756757	-0.004065041	-0.004065041	-0.004065041	-0.004065041	-0.004065041	-0.004065041	-0.004065041	-0.004065041	-0.004065041	-0.004065041	-0.004065041	-0.004065041	-0.004065041	-0.000421348	-0.000421348	-0.000421348	-0.000421348	-0.000421348	-0.000555556	-0.000555556	-0.000555556	-0.000555556	-0.000555556	-0.000869565	-0.000869565	-0.000869565	-0.000869565	-0.000869565	-0.000847458	-0.000847458	-0.000847458	-0.000847458	-0.000847458	-0.000689655	-0.000689655	-0.000689655	-0.000689655	-0.000689655
1180728	-0.003582353	-0.003582353	-0.003582353	-0.003582353	-0.003582353	-0.027723029	-0.027723029	-0.027723029	-0.027723029	-0.027723029	-0.020489116	-0.020489116	-0.020489116	-0.020489116	-0.020489116	-0.006756757	-0.006756757	-0.006756757	-0.006756757	-0.006756757	-0.004065041	-0.004065041	-0.004065041	-0.004065041	-0.004065041	-0.004065041	-0.004065041	-0.004065041	-0.004065041	-0.004065041	-0.004065041	-0.004065041	-0.004065041	-0.000421348	-0.000421348	-0.000421348	-0.000421348	-0.000421348	-0.000555556	-0.000555556	-0.000555556	-0.000555556	-0.000555556	-0.000869565	-0.000869565	-0.000869565	-0.000869565	-0.000869565	-0.000847458	-0.000847458	-0.000847458	-0.000847458	-0.000847458	-0.000689655	-0.000689655	-0.000689655	-0.000689655	-0.000689655
1181844	-0.003582353	-0.003582353	-0.003582353	-0.003582353	-0.003582353	-0.027723029	-0.027723029	-0.027723029	-0.027723029	-0.027723029	-0.020489116	-0.020489116	-0.020489116	-0.020489116	-0.020489116	-0.006756757	-0.006756757	-0.006756757	-0.006756757	-0.006756757	-0.004065041	-0.004065041	-0.004065041	-0.004065041	-0.004065041	-0.004065041	-0.004065041	-0.004065041	-0.004065041	-0.004065041	-0.004065041	-0.004065041	-0.004065041	-0.000421348	-0.000421348	-0.000421348	-0.000421348	-0.000421348	-0.000555556	-0.000555556	-0.000555556	-0.000555556	-0.000555556	-0.000869565	-0.000869565	-0.000869565	-0.000869565	-0.000869565	-0.000847458	-0.000847458	-0.000847458	-0.000847458	-0.000847458	-0.000689655	-0.000689655	-0.000689655	-0.000689655	-0.000689655
1182960	-0.003582353	-0.003582353	-0.003582353	-0.003582353	-0.003582353	-0.027723029	-0.027723029	-0.027723029	-0.027723029	-0.027723029	-0.020489116	-0.020489116	-0.020489116	-0.020489116	-0.020489116	-0.006756757	-0.006756757	-0.006756757	-0.006756757	-0.006756757	-0.004065041	-0.004065041	-0.004065041	-0.004065041	-0.004065041	-0.004065041	-0.004065041	-0.004065041	-0.004065041	-0.004065041	-0.004065041	-0.004065041	-0.004065041	-0.000421348	-0.000421348	-0.000421348	-0.000421348	-0.000421348	-0.000555556	-0.000555556	-0.000555556	-0.000555556	-0.000555556	-0.000869565	-0.000869565	-0.000869565	-0.000869565	-0.000869565	-0.000847458	-0.000847458	-0.000847458	-0.000847458	-0.000847458	-0.000689655	-0.000689655	-0.000689655	-0.000689655	-0.000689655
1184076	-0.003582353	-0.003582353	-0.003582353	-0.003582353	-0.003582353	-0.027723029	-0.027723029	-0.027723029	-0.027723029	-0.027723029	-0.020489116	-0.020489116	-0.020489116	-0.020489116	-0.020489116	-0.006756757	-0.006756757	-0.006756757	-0.006756757	-0.006756757	-0.004065041	-0.004065041	-0.004065041	-0.004065041	-0.004065041	-0.004065041	-0.004065041	-0.004065041	-0.004065041	-0.004065041	-0.004065041	-0.004065041	-0.004065041	-0.000421348	-0.000421348	-0.000421348	-0.000421348	-0.000421348	-0.000555556	-0.000555556	-0.000555556	-0.000555556	-0.000555556	-0.000869565	-0.000869565	-0.000869565	-0.000869565	-0.000869565	-0.000847458	-0.000847458	-0.000847458	-0.000847458	-0.000847458	-0.000689655	-0.000689655	-0.000689655	-0.000689655	-0.000689655
1185192	-0.003582353	-0.003582353	-0.003582353	-0.003582353	-0.003582353	-0.027723029	-0.027723029	-0.027723029	-0.027723029	-0.027723029	-0.020489116	-0.020489116	-0.020489116	-0.020489116	-0.020489116	-0.006756757	-0.006756757	-0.006756757	-0.006756757	-0.006756757	-0.004065041	-0.004065041	-0.004065041	-0.004065041	-0.004065041	-0.004065041	-0.004065041	-0.004065041	-0.004065041	-0.004065041	-0.004065041	-0.004065041	-0.004065041	-0.000421348	-0.000421348	-0.000421348	-0.000421348	-0.000421348	-0.000555556	-0.000555556	-0.000555556	-0.000555556	-0.000555556	-0.000869565	-0.000869565	-0.000869565	-0.000869565	-0.000869565	-0.000847458	-0.000847458	-0.000847458	-0.000847458	-0.000847458	-0.000689655	-0.000689655	-0.000689655	-0.000689655	-0.000689655
1186308	-0.003582353	-0.003582353	-0.003582353	-0.003582353	-0.003582353	-0.027723029	-0.027723029	-0.027723029	-0.027723029	-0.027723029	-0.020489116	-0.020489116	-0.020489116	-0.020489116	-0.020489116	-0.006756757	-0.006756757	-0.006756757	-0.006756757	-0.006756757	-0.004065041	-0.004065041	-0.004065041	-0.004065041	-0.004065041	-0.004065041	-0.004065041	-0.004065041	-0.004065041	-0.004065041	-0.004065041	-0.004065041	-0.004065041	-0.000421348	-0.000421348	-0.000421348	-0.000421348	-0.000421348	-0.000555556	-0.000555556	-0.000555556	-0.000555556	-0.000555556	-0.000869565	-0.000869565	-0.000869565	-0.000869565	-0.000869565	-0.000847458	-0.000847458	-0.000847458	-0.000847458	-0.000847458	-0.000689655	-0.000689655	-0.000689655	-0.000689655	-0.000689655
1187424	-0.003582353	-0.003582353	-0.003582353	-0.003582353	-0.003582353	-0.027723029	-0.027723029	-0.027723029	-0.027723029	-0.027723029	-0.020489116	-0.020489116	-0.020489116	-0.020489116	-0.020489116	-0.006756757	-0.006756757	-0.006756757	-0.006756757	-0.006756757	-0.004065041	-0.004065041	-0.004065041	-0.004065041	-0.004065041	-0.004065041	-0.004065041	-0.004065041	-0.004065041	-0.004065041	-0.004065041	-0.004065041	-0.004065041	-0.000421348	-0.000421348	-0.000421348	-0.000421348	-0.000421348	-0.000555556	-0.000555556	-0.000555556	-0.000555556	-0.000555556	-0.000869565	-0.000869565	-0.000869565	-0.000869565	-0.000869565	-0.000847458	-0.000847458	-0.000847458	-0.000847458	-0.000847458	-0.000689655	-0.000689655	-0.000689655	-0.000689655	-0.000689655
1188540	-0.003582353	-0.003582353	-0.003582353	-0.003582353	-0.003582353	-0.027723029	-0.027723029	-0.027723029	-0.027723029	-0.027723029	-0.020489116	-0.020489116	-0.020489116	-0.020489116	-0.020489116	-0.006756757	-0.006756757	-0.006756757	-0.006756757	-0.006756757	-0.004065041	-0.004065041	-0.004065041	-0.004065041	-0.004065041	-0.004065041	-0.004065041	-0.004065041	-0.004065041	-0.004065041	-0.004065041	-0.004065041	-0.004065041	-0.000421348	-0.000421348	-0.000421348	-0.000421348	-0.000421348	-0.000555556	-0.000555556	-0.000555556	-0.000555556	-0.000555556	-0.000869565	-0.000869565	-0.000869565	-0.000869565	-0.000869565	-0.000847458	-0.000847458	-0.000847458	-0.000847458	-0.000847458	-0.000689655	-0.000689655	-0.000689655	-0.000689655	-0.000689655
1189656	-0.003582353	-0.003582353	-0.003582353	-0.003582353	-0.003582353	-0.027723029	-0.027723029	-0.027723029	-0.027723029	-0.027723029	-0.020489116	-0.020489116	-0.020489116	-0.020489116	-0.020489116	-0.006756757	-0.006756757	-0.006756757	-0.006756757	-0.006756757	-0.004065041	-0.004065041	-0.004065041	-0.004065041	-0.004065041	-0.004065041	-0.004065041	-0.004065041	-0.004065041	-0.004065041	-0.004065041	-0.004065041	-0.004065041	-0.000421348	-0.000421348	-0.000421348	-0.000421348	-0.000421348	-0.000555556	-0.000555556	-0.000555556	-0.000555556	-0.000555556	-0.000869565	-0.000869565	-0.000869565	-0.000869565	-0.000869565	-0.000847458	-0.000847458	-0.000847458	-0.000847458	-0.000847458	-0.000689655	-0.000689655	-0.000689655	-0.000689655	-0.000689655
1190772	-0.003582353	-0.003582353	-0.003582353	-0.003582353	-0.003582353	-0.027723029	-0.027723029	-0.027723029	-0.027723029	-0.027723029	-0.020489116	-0.020489116	-0.020489116	-0.020489116	-0.020489116	-0.006756757	-0.006756757	-0.006756757	-0.006756757	-0.006756757	-0.004065041	-0.004065041	-0.004065041	-0.004065041	-0.004065041	-0.004065041	-0.004065041	-0.004065041	-0.004065041	-0.004065041	-0.004065041	-0.004065041	-0.004065041	-0.000421348	-0.000421348	-0.000421348	-0.000421348	-0.000421348	-0.000555556	-0.000555556	-0.000555556	-0.000555556	-0.000555556	-0.000869565	-0.000869565	-0.000869565	-0.000869565	-0.000869565	-0.000847458	-0.000847458	-0.000847458	-0.000847458	-0.000847458	-0.000689655	-0.000689655	-0.000689655	-0.000689655	-0.000689655
1191888	-0.003582353	-0.003582353	-0.003582353	-0.003582353	-0.003582353	-0.027723029	-0.027723029	-0.027723029	-0.027723029	-0.027723029	-0.020489116	-0.020489116	-0.020489116	-0.020489116	-0.020489116	-0.006756757	-0.006756757	-0.006756757	-0.006756757	-0.006756757	-0.004065041	-0.004065041	-0.004065041	-0.004065041	-0.004065041	-0.004065041	-0.004065041	-0.004065041	-0.004065041	-0.004065041	-0.004065041	-0.004065041	-0.004065041	-0.000421348	-0.000421348	-0.000421348	-0.000421348	-0.000421348	-0.000555556	-0.000555556	-0.000555556	-0.000555556	-0.000555556	-0.000869565	-0.000869565	-0.000869565	-0.000869565	-0.000869565	-0.000847458	-0.000847458	-0.000847458	-0.000847458	-0.000847458	-0.000689655	-0.000689655	-0.000689655	-0.000689655	-0.000689655
1193004	-0.003582353	-0.003582353	-0.003582353	-0.003582353	-0.003582353	-0.027723029	-0.027723029	-0.027723029	-0.027723029	-0.027723029	-0.020489116	-0.020489116	-0.020489116	-0.020489116	-0.020489116	-0.006756757	-0.006756757	-0.006756757	-0.006756757	-0.006756757	-0.004065041	-0.004065041	-0.004065041	-0.004065041	-0.004065041	-0.004065041	-0.004065041	-0.004065041	-0.004065041	-0.004065041	-0.004065041	-0.004065041	-0.004065041	-0.000421348	-0.000421348	-0.000421348	-0.000421348	-0.000421348	-0.000555556	-0.000555556	-0.000555556	-0.000555556	-0.000555556	-0.000869565	-0.000869565	-0.000869565	-0.000869565	-0.000869565	-0.000847458	-0.000847458	-0.000847458	-0.000847458	-0.000847458	-0.000689655	-0.000689655	-0.000689655	-0.000689655	-0.000689655
1194120	-0.003582353	-0.003582353	-0.003582353	-0.003582353	-0.003582353	-0.027723029	-0.027723029	-0.027723029	-0.027723029	-0.027723029	-0.020489116	-0.020489116	-0.020489116	-0.020489116	-0.020489116	-0.006756757	-0.006756757	-0.006756757	-0.006756757	-0.006756757	-0.004065041	-0.004065041	-0.004065041	-0.004065041	-0.004065041	-0.004065041	-0.004065041	-0.004065041	-0.004065041	-0.004065041	-0.004065041	-0.004065041	-0.004065041	-0.000421348	-0.000421348	-0.000421348	-0.000421348	-0.000421348	-0.000555556	-0.000555556	-0.000555556	-0.000555556	-0.000555556	-0.000869565	-0.000869565	-0.000869565	-0.000869565	-0.000869565	-0.000847458	-0.000847458	-0.000847458	-0.000847458	-0.000847458	-0.000689655	-0.000689655	-0.000689655	-0.000689655	-0.000689655
1195236	-0.003582353	-0.003582353	-0.003582353	-0.003582353	-0.003582353	-0.027723029	-0.027723029	-0.027723029	-0.027723029	-0.027723029	-0.020489116	-0.020489116	-0.020489116	-0.020489116	-0.020489116	-0.006756757	-0.006756757	-0.006756757	-0.006756757	-0.006756757	-0.004065041	-0.004065041	-0.004065041	-0.004065041	-0.004065041	-0.004065041	-0.004065041	-0.004065041	-0.004065041	-0.004065041	-0.004065041	-0.004065041	-0.004065041	-0.000421348	-0.000421348	-0.000421348	-0.000421348	-0.000421348	-0.000555556	-0.000555556	-0.000555556	-0.000555556	-0.000555556	-0.000869565	-0.000869565	-0.000869565	-0.000869565	-0.000869565	-0.000847458	-0.000847458	-0.000847458	-0.000847458	-0.000847458	-0.000689655	-0.000689655	-0.000689655	-0.000689655	-0.000689655
1196352	-0.003582353	-0.003582353	-0.003582353	-0.003582353	-0.003582353	-0.027723029	-0.027723029	-0.027723029	-0.027723029	-0.027723029	-0.020489116	-0.020489116	-0.020489116	-0.020489116	-0.020489116	-0.006756757	-0.006756757	-0.006756757	-0.006756757	-0.006756757	-0.004065041	-0.004065041	-0.004065041	-0.004065041	-0.004065041	-0.004065041	-0.004065041	-0.004065041	-0.004065041	-0.004065041	-0.004065041	-0.004065041	-0.004065041	-0.000421348	-0.000421348	-0.000421348	-0.000421348	-0.000421348	-0.000555556	-0.000555556	-0.000555556	-0.000555556	-0.000555556	-0.000869565	-0.000869565	-0.000869565	-0.000869565	-0.000869565	-0.000847458	-0.000847458	-0.000847458	-0.000847458	-0.000847458	-0.000689655	-0.000689655	-0.000689655	-0.000689655	-0.000689655
1197468	-0.003582353	-0.003582353	-0.003582353	-0.003582353	-0.003582353	-0.027723029	-0.027723029	-0.027723029	-0.027723029	-0.027723029	-0.020489116	-0.020489116	-0.020489116	-0.020489116	-0.020489116	-0.006756757	-0.006756757	-0.006756757	-0.006756757	-0.006756757	-0.004065041	-0.004065041	-0.004065041	-0.004065041	-0.004065041	-0.004065041	-0.004065041	-0.004065041	-0.004065041	-0.004065041	-0.004065041	-0.004065041	-0.004065041	-0.000421348	-0.000421348	-0.000421348	-0.000421348	-0.000421348	-0.000555556	-0.000555556	-0.000555556	-0.000555556	-0.000555556	-0.000869565	-0.000869565	-0.000869565	-0.000869565	-0.000869565	-0.000847458	-0.000847458	-0.000847458	-0.000847458	-0.000847458	-0.000689655	-0.000689655	-0.000689655	-0.000689655	-0.000689655
1198584	-0.003582353	-0.003582353	-0.003582353	-0.003582353	-0.003582353	-0.027723029	-0.027723029	-0.027723029	-0.027723029	-0.027723029	-0.020489116	-0.020489116	-0.020489116	-0.020489116	-0.020489116	-0.006756757	-0.006756757	-0.006756757	-0.006756757	-0.006756757	-0.004065041	-0.004065041	-0.004065041	-0.004065041	-0.004065041	-0.004065041	-0.004065041	-0.004065041	-0.004065041	-0.004065041	-0.004065041	-0.004065041	-0.004065041	-0.000421348	-0.000421348	-0.000421348	-0.000421348	-0.000421348	-0.000555556	-0.000555556	-0.000555556	-0.000555556	-0.000555556	-0.000869565	-0.000869565	-0.000869565	-0.000869565	-0.000869565	-0.000847458	-0.000847458	-0.000847458	-0.000847458	-0.000847458	-0.000689655	-0.000689655	-0.000689655	-0.000689655	-0.000689655
1199700	-0.003582353	-0.003582353	-0.003582353	-0.003582353	-0.003582353	-0.027723029	-0.027723029	-0.027723029	-0.027723029	-0.027723029	-0.020489116	-0.020489116	-0.020489116	-0.020489116	-0.020489116	-0.006756757	-0.006756757	-0.006756757	-0.006756757	-0.006756757	-0.004065041	-0.004065041	-0.004065041	-0.004065041	-0.004065041	-0.004065041	-0.004065041	-0.004065041	-0.004065041	-0.004065041	-0.004065041	-0.004065041	-0.004065041	-0.000421348	-0.000421348	-0.000421348	-0.000421348	-0.000421348	-0.000555556	-0.000555556	-0.000555556	-0.000555556	-0.000555556	-0.000869565	-0.000869565	-0.000869565	-0.000869565	-0.000869565	-0.000847458	-0.000847458	-0.000847458	-0.000847458	-0.000847458	-0.000689655	-0.000689655	-0.000689655	-0.000689655	-0.000689655
1200816	-0.003582353	-0.003582353	-0.003582353	-0.003582353	-0.003582353	-0.027723029	-0.027723029	-0.027723029	-0.027723029	-0.027723029	-0.020489116	-0.020489116	-0.020489116	-0.020489116	-0.020489116	-0.006756757	-0.006756757	-0.006756757	-0.006756757	-0.006756757	-0.004065041	-0.004065041	-0.004065041	-0.004065041	-0.004065041	-0.004065041	-0.004065041	-0.004065041	-0.004065041	-0.004065041	-0.004065041	-0.004065041	-0.004065041	-0.000421348	-0.000421348	-0.000421348	-0.000421348	-0.000421348	-0.000555556	-0.000555556	-0.000555556	-0.000555556	-0.000555556	-0.000869565	-0.000869565	-0.000869565	-0.000869565	-0.000869565	-0.000847458	-0.000847458	-0.000847458	-0.000847458	-0.000847458	-0.000689655	-0.000689655	-0.000689655	-0.000689655	-0.000689655
1201932	-0.003582353	-0.003582353	-0.003582353	-0.003582353	-0.003582353	-0.027723029	-0.027723029	-0.027723029	-0.027723029	-0.027723029	-0.020489116	-0.020489116	-0.020489116	-0.020489116	-0.020489116	-0.006756757	-0.006756757	-0.006756757	-0.006756757	-0.006756757	-0.004065041	-0.004065041	-0.004065041	-0.004065041	-0.004065041	-0.004065041	-0.004065041	-0.004065041	-0.004065041	-0.004065041	-0.004065041	-0.004065041	-0.004065041	-0.000421348	-0.000421348	-0.000421348	-0.000421348	-0.000421348	-0.000555556	-0.000555556	-0.000555556	-0.000555556	-0.000555556	-0.000869565	-0.000869565	-0.000869565	-0.000869565	-0.000869565	-0.000847458	-0.000847458	-0.000847458	-0.000847458	-0.000847458	-0.000689655	-0.000689655	-0.000689655	-0.000689655	-0.000689655
1203048	-0.003582353	-0.003582353	-0.003582353	-0.003582353	-0.003582353	-0.027723029	-0.027723029	-0.027723029	-0.027723029	-0.027723029	-0.020489116	-0.020489116	-0.020489116	-0.020489116	-0.020489116	-0.006756757	-0.006756757	-0.006756757	-0.006756757	-0.006756757	-0.004065041	-0.004065041	-0.004065041	-0.004065041	-0.004065041	-0.004065041	-0.004065041	-0.004065041	-0.004065041	-0.004065041	-0.004065041	-0.004065041	-0.004065041	-0.000421348	-0.000421348	-0.000421348	-0.000421348	-0.000421348	-0.000555556	-0.000555556	-0.000555556	-0.000555556	-0.000555556	-0.000869565	-0.000869565	-0.000869565	-0.000869565	-0.000869565	-0.000847458	-0.000847458	-0.000847458	-0.000847458	-0.000847458	-0.000689655	-0.000689655	-0.000689655	-0.000689655	-0.000689655
1204164	-0.003582353	-0.003582353	-0.003582353	-0.003582353	-0.003582353	-0.027723029	-0.027723029	-0.027723029	-0.027723029	-0.027723029	-0.020489116	-0.020489116	-0.020489116	-0.020489116	-0.020489116	-0.006756757	-0.006756757	-0.006756757	-0.006756757	-0.006756757	-0.004065041	-0.004065041	-0.004065041	-0.004065041	-0.004065041	-0.004065041	-0.004065041	-0.004065041	-0.004065041	-0.004065041	-0.004065041	-0.004065041	-0.004065041	-0.000421348	-0.000421348	-0.000421348	-0.000421348	-0.000421348	-0.000555556	-0.000555556	-0.000555556	-0.000555556	-0.000555556	-0.000869565	-0.000869565	-0.000869565	-0.000869565	-0.000869565	-0.000847458	-0.000847458	-0.000847458	-0.000847458	-0.000847458	-0.000689655	-0.000689655	-0.000689655	-0.000689655	-0.000689655
1205280	-0.003582353	-0.003582353	-0.003582353	-0.003582353	-0.003582353	-0.027723029	-0.027723029	-0.027723029	-0.027723029	-0.027723029	-0.020489116	-0.020489116	-0.020489116	-0.020489116	-0.020489116	-0.006756757	-0.006756757	-0.006756757	-0.006756757	-0.006756757	-0.004065041	-0.004065041	-0.004065041	-0.004065041	-0.004065041	-0.004065041	-0.004065041	-0.004065041	-0.004065041	-0.004065041	-0.004065041	-0.004065041	-0.004065041	-0.000421348	-0.000421348	-0.000421348	-0.000421348	-0.000421348	-0.000555556	-0.000555556	-0.000555556	-0.000555556	-0.000555556	-0.000869565	-0.000869565	-0.000869565	-0.000869565	-0.000869565	-0.000847458	-0.000847458	-0.000847458	-0.000847458	-0.000847458	-0.000689655	-0.000689655	-0.000689655	-0.000689655	-0.000689655
1206396	-0.003582353	-0.003582353	-0.003582353	-0.003582353	-0.003582353	-0.027723029	-0.027723029	-0.027723029	-0.027723029	-0.027723029	-0.020489116	-0.020489116	-0.020489116	-0.020489116	-0.020489116	-0.006756757	-0.006756757	-0.006756757	-0.006756757	-0.006756757	-0.004065041	-0.004065041	-0.004065041	-0.004065041	-0.004065041	-0.004065041	-0.004065041	-0.004065041	-0.004065041	-0.004065041	-0.004065041	-0.004065041	-0.004065041	-0.000421348	-0.000421348	-0.000421348	-0.000421348	-0.000421348	-0.000555556	-0.000555556	-0.000555556	-0.000555556	-0.000555556	-0.000869565	-0.000869565	-0.000869565	-0.000869565	-0.000869565	-0.000847458	-0.000847458	-0.000847458	-0.000847458	-0.000847458	-0.000689655	-0.000689655	-0.000689655	-0.000689655	-0.000689655
1207512	-0.003582353	-0.003582353	-0.003582353	-0.003582353	-0.003582353	-0.027723029	-0.027723029	-0.027723029	-0.027723029	-0.027723029	-0.020489116	-0.020489116	-0.020489116	-0.020489116	-0.020489116	-0.006756757	-0.006756757	-0.006756757	-0.006756757	-0.006756757	-0.004065041	-0.004065041	-0.004065041	-0.004065041	-0.004065041	-0.004065041	-0.004065041	-0.004065041	-0.004065041	-0.004065041	-0.004065041	-0.004065041	-0.004065041	-0.000421348	-0.000421348	-0.000421348	-0.000421348	-0.000421348	-0.000555556	-0.000555556	-0.000555556	-0.000555556	-0.000555556	-0.000869565	-0.000869565	-0.000869565	-0.000869565	-0.000869565	-0.000847458	-0.000847458	-0.000847458	-0.000847458	-0.000847458	-0.000689655	-0.000689655	-0.000689655	-0.000689655	-0.000689655
1208628	-0.003582353	-0.003582353	-0.003582353	-0.003582353	-0.003582353	-0.027723029	-0.027723029	-0.027723029	-0.027723029	-0.027723029	-0.020489116	-0.020489116	-0.020489116	-0.020489116	-0.020489116	-0.006756757	-0.006756757	-0.006756757	-0.006756757	-0.006756757	-0.004065041	-0.004065041	-0.004065041	-0.004065041	-0.004065041	-0.004065041	-0.004065041	-0.004065041	-0.004065041	-0.004065041	-0.004065041	-0.004065041	-0.004065041	-0.000421348	-0.000421348	-0.000421348	-0.000421348	-0.000421348	-0.000555556	-0.000555556	-0.000555556	-0.000555556	-0.000555556	-0.000869565	-0.000869565	-0.000869565	-0.000869565	-0.000869565	-0.000847458	-0.000847458	-0.000847458	-0.000847458	-0.000847458	-0.000689655	-0.000689655	-0.000689655	-0.000689655	-0.000689655
1209744	-0.003582353	-0.003582353	-0.003582353	-0.003582353	-0.003582353	-0.027723029	-0.027723029	-0.027723029	-0.027723029	-0.027723029	-0.020489116	-0.020489116	-0.020489116	-0.020489116	-0.020489116	-0.006756757	-0.006756757	-0.006756757	-0.006756757	-0.006756757	-0.004065041	-0.004065041	-0.004065041	-0.004065041	-0.004065041	-0.004065041	-0.004065041	-0.004065041	-0.004065041	-0.004065041	-0.004065041	-0.004065041	-0.004065041	-0.000421348	-0.000421348	-0.000421348	-0.000421348	-0.000421348	-0.000555556	-0.000555556	-0.000555556	-0.000555556	-0.000555556	-0.000869565	-0.000869565	-0.000869565	-0.000869565	-0.000869565	-0.000847458	-0.000847458	-0.000847458	-0.000847458	-0.000847458	-0.000689655	-0.000689655	-0.000689655	-0.000689655	-0.000689655
1210860	-0.003582353	-0.003582353	-0.003582353	-0.003582353	-0.003582353	-0.027723029	-0.027723029	-0.027723029	-0.027723029	-0.027723029	-0.020489116	-0.020489116	-0.020489116	-0.020489116	-0.020489116	-0.006756757	-0.006756757	-0.006756757	-0.006756757	-0.006756757	-0.004065041	-0.004065041	-0.004065041	-0.004065041	-0.004065041	-0.004065041	-0.004065041	-0.004065041	-0.004065041	-0.004065041	-0.004065041	-0.004065041	-0.004065041	-0.000421348	-0.000421348	-0.000421348	-0.000421348	-0.000421348	-0.000555556	-0.000555556	-0.000555556	-0.000555556	-0.000555556	-0.000869565	-0.000869565	-0.000869565	-0.000869565	-0.000869565	-0.000847458	-0.000847458	-0.000847458	-0.000847458	-0.000847458	-0.000689655	-0.000689655	-0.000689655	-0.000689655	-0.000689655
1211976	-0.003582353	-0.003582353	-0.003582353	-0.003582353	-0.003582353	-0.027723029	-0.027723029	-0.027723029	-0.027723029	-0.027723029	-0.020489116	-0.020489116	-0.020489116	-0.020489116	-0.020489116	-0.006756757	-0.006756757	-0.006756757	-0.006756757	-0.006756757	-0.004065041	-0.004065041	-0.004065041	-0.004065041	-0.004065041	-0.004065041	-0.004065041	-0.004065041	-0.004065041	-0.004065041	-0.004065041	-0.004065041	-0.004065041	-0.000421348	-0.000421348	-0.000421348	-0.000421348	-0.000421348	-0.000555556	-0.000555556	-0.000555556	-0.000555556	-0.000555556	-0.000869565	-0.000869565	-0.000869565	-0.000869565	-0.000869565	-0.000847458	-0.000847458	-0.000847458	-0.000847458	-0.000847458	-0.000689655	-0.000689655	-0.000689655	-0.000689655	-0.000689655
1213092	-0.003582353	-0.003582353	-0.003582353	-0.003582353	-0.003582353	-0.027723029	-0.027723029	-0.027723029	-0.027723029	-0.027723029	-0.020489116	-0.020489116	-0.020489116	-0.020489116	-0.020489116	-0.006756757	-0.006756757	-0.006756757	-0.006756757	-0.006756757	-0.004065041	-0.004065041	-0.004065041	-0.004065041	-0.004065041	-0.004065041	-0.004065041	-0.004065041	-0.004065041	-0.004065041	-0.004065041	-0.004065041	-0.004065041	-0.000421348	-0.000421348	-0.000421348	-0.000421348	-0.000421348	-0.000555556	-0.000555556	-0.000555556	-0.000555556	-0.000555556	-0.000869565	-0.000869565	-0.000869565	-0.000869565	-0.000869565	-0.000847458	-0.000847458	-0.000847458	-0.000847458	-0.000847458	-0.000689655	-0.000689655	-0.000689655	-0.000689655	-0.000689655
1214208	-0.003582353	-0.003582353	-0.003582353	-0.003582353	-0.003582353	-0.027723029	-0.027723029	-0.027723029	-0.027723029	-0.027723029	-0.020489116	-0.020489116	-0.020489116	-0.020489116	-0.020489116	-0.006756757	-0.006756757	-0.006756757	-0.006756757	-0.006756757	-0.004065041	-0.004065041	-0.004065041	-0.004065041	-0.004065041	-0.004065041	-0.004065041	-0.004065041	-0.004065041	-0.004065041	-0.004065041	-0.004065041	-0.004065041	-0.000421348	-0.000421348	-0.000421348	-0.000421348	-0.000421348	-0.000555556	-0.000555556	-0.000555556	-0.000555556	-0.000555556	-0.000869565	-0.000869565	-0.000869565	-0.000869565	-0.000869565	-0.000847458	-0.000847458	-0.000847458	-0.000847458	-0.000847458	-0.000689655	-0.000689655	-0.000689655	-0.000689655	-0.000689655
1215324	-0.003582353	-0.003582353	-0.003582353	-0.003582353	-0.003582353	-0.027723029	-0.027723029	-0.027723029	-0.027723029	-0.027723029	-0.020489116	-0.020489116	-0.020489116	-0.020489116	-0.020489116	-0.006756757	-0.006756757	-0.006756757	-0.006756757	-0.006756757	-0.004065041	-0.004065041	-0.004065041	-0.004065041	-0.004065041	-0.004065041	-0.004065041	-0.004065041	-0.004065041	-0.004065041	-0.004065041	-0.004065041	-0.004065041	-0.000421348	-0.000421348	-0.000421348	-0.000421348	-0.000421348	-0.000555556	-0.000555556	-0.000555556	-0.000555556	-0.000555556	-0.000869565	-0.000869565	-0.000869565	-0.000869565	-0.000869565	-0.000847458	-0.000847458	-0.000847458	-0.000847458	-0.000847458	-0.000689655	-0.000689655	-0.000689655	-0.000689655	-0.000689655
1216440	-0.003582353	-0.003582353	-0.003582353	-0.003582353	-0.003582353	-0.027723029	-0.027723029	-0.027723029	-0.027723029	-0.027723029	-0.020489116	-0.020489116	-0.020489116	-0.020489116	-0.020489116	-0.006756757	-0.006756757	-0.006756757	-0.006756757	-0.006756757	-0.004065041	-0.004065041	-0.004065041	-0.004065041	-0.004065041	-0.004065041	-0.004065041	-0.004065041	-0.004065041	-0.004065041	-0.004065041	-0.004065041	-0.004065041	-0.000421348	-0.000421348	-0.000421348	-0.000421348	-0.000421348	-0.000555556	-0.000555556	-0.000555556	-0.000555556	-0.000555556	-0.000869565	-0.000869565	-0.000869565	-0.000869565	-0.000869565	-0.000847458	-0.000847458	-0.000847458	-0.000847458	-0.000847458	-0.000689655	-0.000689655	-0.000689655	-0.000689655	-0.000689655
1217556	-0.003582353	-0.003582353	-0.003582353	-0.003582353	-0.003582353	-0.027723029	-0.027723029	-0.027723029	-0.027723029	-0.027723029	-0.020489116	-0.020489116	-0.020489116	-0.020489116	-0.020489116	-0.006756757	-0.006756757	-0.006756757	-0.006756757	-0.006756757	-0.004065041	-0.004065041	-0.004065041	-0.004065041	-0.004065041	-0.004065041	-0.004065041	-0.004065041	-0.004065041	-0.004065041	-0.004065041	-0.004065041	-0.004065041	-0.000421348	-0.000421348	-0.000421348	-0.000421348	-0.000421348	-0.000555556	-0.000555556	-0.000555556	-0.000555556	-0.000555556	-0.000869565	-0.000869565	-0.000869565	-0.000869565	-0.000869565	-0.000847458	-0.000847458	-0.000847458	-0.000847458	-0.000847458	-0.000689655	-0.000689655	-0.000689655	-0.000689655	-0.000689655
1218672	-0.003582353	-0.003582353	-0.003582353	-0.003582353	-0.003582353	-0.027723029	-0.027723029	-0.027723029	-0.027723029	-0.027723029	-0.020489116	-0.020489116	-0.020489116	-0.020489116	-0.020489116	-0.006756757	-0.006756757	-0.006756757	-0.006756757	-0.006756757	-0.004065041	-0.004065041	-0.004065041	-0.004065041	-0.004065041	-0.004065041	-0.004065041	-0.004065041	-0.004065041	-0.004065041	-0.004065041	-0.004065041	-0.004065041	-0.000421348	-0.000421348	-0.000421348	-0.000421348	-0.000421348	-0.000555556	-0.000555556	-0.000555556	-0.000555556	-0.000555556	-0.000869565	-0.000869565	-0.000869565	-0.000869565	-0.000869565	-0.000847458	-0.000847458	-0.000847458	-0.000847458	-0.000847458	-0.000689655	-0.000689655	-0.000689655	-0.000689655	-0.000689655
1219788	-0.003582353	-0.003582353	-0.003582353	-0.003582353	-0.003582353	-0.027723029	-0.027723029	-0.027723029	-0.027723029	-0.027723029	-0.020489116	-0.020489116	-0.020489116	-0.020489116	-0.020489116	-0.006756757	-0.006756757	-0.006756757	-0.006756757	-0.006756757	-0.004065041	-0.004065041	-0.004065041	-0.004065041	-0.004065041	-0.004065041	-0.004065041	-0.004065041	-0.004065041	-0.004065041	-0.004065041	-0.004065041	-0.004065041	-0.000421348	-0.000421348	-0.000421348	-0.000421348	-0.000421348	-0.000555556	-0.000555556	-0.000555556	-0.000555556	-0.000555556	-0.000869565	-0.000869565	-0.000869565	-0.000869565	-0.000869565	-0.000847458	-0.000847458	-0.000847458	-0.000847458	-0.000847458	-0.000689655	-0.000689655	-0.000689655	-0.000689655	-0.000689655
1220904	-0.003582353	-0.003582353	-0.003582353	-0.003582353	-0.003582353	-0.027723029	-0.027723029	-0.027723029	-0.027723029	-0.027723029	-0.020489116	-0.020489116	-0.020489116	-0.020489116	-0.020489116	-0.006756757	-0.006756757	-0.006756757	-0.006756757	-0.006756757	-0.004065041	-0.004065041	-0.004065041	-0.004065041	-0.004065041	-0.004065041	-0.004065041	-0.004065041	-0.004065041	-0.004065041	-0.004065041	-0.004065041	-0.004065041	-0.000421348	-0.000421348	-0.000421348	-0.000421348	-0.000421348	-0.000555556	-0.000555556	-0.000555556	-0.000555556	-0.000555556	-0.000869565	-0.000869565	-0.000869565	-0.000869565	-0.000869565	-0.000847458	-0.000847458	-0.000847458	-0.000847458	-0.000847458	-0.000689655	-0.000689655	-0.000689655	-0.000689655	-0.000689655
1222020	-0.003582353	-0.003582353	-0.003582353	-0.003582353	-0.003582353	-0.027723029	-0.027723029	-0.027723029	-0.027723029	-0.027723029	-0.020489116	-0.020489116	-0.020489116	-0.020489116	-0.020489116	-0.006756757	-0.006756757	-0.006756757	-0.006756757	-0.006756757	-0.004065041	-0.004065041	-0.004065041	-0.004065041	-0.004065041	-0.004065041	-0.004065041	-0.004065041	-0.004065041	-0.004065041	-0.004065041	-0.004065041	-0.004065041	-0.000421348	-0.000421348	-0.000421348	-0.000421348	-0.000421348	-0.000555556	-0.000555556	-0.000555556	-0.000555556	-0.000555556	-0.000869565	-0.000869565	-0.000869565	-0.000869565	-0.000869565	-0.000847458	-0.000847458	-0.000847458	-0.000847458	-0.000847458	-0.000689655	-0.000689655	-0.000689655	-0.000689655	-0.000689655
1223136	-0.003582353	-0.003582353	-0.003582353	-0.003582353	-0.003582353	-0.027723029	-0.027723029	-0.027723029	-0.027723029	-0.027723029	-0.020489116	-0.020489116	-0.020489116	-0.020489116	-0.020489116	-0.006756757	-0.006756757	-0.006756757	-0.006756757	-0.006756757	-0.004065041	-0.004065041	-0.004065041	-0.004065041	-0.004065041	-0.004065041	-0.004065041	-0.004065041	-0.004065041	-0.004065041	-0.004065041	-0.004065041	-0.004065041	-0.000421348	-0.000421348	-0.000421348	-0.000421348	-0.000421348	-0.000555556	-0.000555556	-0.000555556	-0.000555556	-0.000555556	-0.000869565	-0.000869565	-0.000869565	-0.000869565	-0.000869565	-0.000847458	-0.000847458	-0.000847458	-0.000847458	-0.000847458	-0.000689655	-0.000689655	-0.000689655	-0.000689655	-0.000689655
1224252	-0.003582353	-0.003582353	-0.003582353	-0.003582353	-0.003582353	-0.027723029	-0.027723029	-0.027723029	-0.027723029	-0.027723029	-0.020489116	-0.020489116	-0.020489116	-0.020489116	-0.020489116	-0.006756757	-0.006756757	-0.006756757	-0.006756757	-0.006756757	-0.004065041	-0.004065041	-0.004065041	-0.004065041	-0.004065041	-0.004065041	-0.004065041	-0.004065041	-0.004065041	-0.004065041	-0.004065041	-0.004065041	-0.004065041	-0.000421348	-0.000421348	-0.000421348	-0.000421348	-0.000421348	-0.000555556	-0.000555556	-0.000555556	-0.000555556	-0.000555556	-0.000869565	-0.000869565	-0.000869565	-0.000869565	-0.000869565	-0.000847458	-0.000847458	-0.000847458	-0.000847458	-0.000847458	-0.000689655	-0.000689655	-0.000689655	-0.000689655	-0.000689655
1225368	-0.003582353	-0.003582353	-0.003582353	-0.003582353	-0.003582353	-0.027723029	-0.027723029	-0.027723029	-0.027723029	-0.027723029	-0.020489116	-0.020489116	-0.020489116	-0.020489116	-0.020489116	-0.006756757	-0.006756757	-0.006756757	-0.006756757	-0.006756757	-0.004065041	-0.004065041	-0.004065041	-0.004065041	-0.004065041	-0.004065041	-0.004065041	-0.004065041	-0.004065041	-0.004065041	-0.004065041	-0.004065041	-0.004065041	-0.000421348	-0.000421348	-0.000421348	-0.000421348	-0.000421348	-0.000555556	-0.000555556	-0.000555556	-0.000555556	-0.000555556	-0.000869565	-0.000869565	-0.000869565	-0.000869565	-0.000869565	-0.000847458	-0.000847458	-0.000847458	-0.000847458	-0.000847458	-0.000689655	-0.000689655	-0.000689655	-0.000689655	-0.000689655
1226484	-0.003582353	-0.003582353	-0.003582353	-0.003582353	-0.003582353	-0.027723029	-0.027723029	-0.027723029	-0.027723029	-0.027723029	-0.020489116	-0.020489116	-0.020489116	-0.020489116	-0.020489116	-0.006756757	-0.006756757	-0.006756757	-0.006756757	-0.006756757	-0.004065041	-0.004065041	-0.004065041	-0.004065041	-0.004065041	-0.004065041	-0.004065041	-0.004065041	-0.004065041	-0.004065041	-0.004065041	-0.004065041	-0.004065041	-0.000421348	-0.000421348	-0.000421348	-0.000421348	-0.000421348	-0.000555556	-0.000555556	-0.000555556	-0.000555556	-0.000555556	-0.000869565	-0.000869565	-0.000869565	-0.000869565	-0.000869565	-0.000847458	-0.000847458	-0.000847458	-0.000847458	-0.000847458	-0.000689655	-0.000689655	-0.000689655	-0.000689655	-0.000689655
1227600	-0.003582353	-0.003582353	-0.003582353	-0.003582353	-0.003582353	-0.027723029	-0.027723029	-0.027723029	-0.027723029	-0.027723029	-0.020489116	-0.020489116	-0.020489116	-0.020489116	-0.020489116	-0.006756757	-0.006756757	-0.006756757	-0.006756757	-0.006756757	-0.004065041	-0.004065041	-0.004065041	-0.004065041	-0.004065041	-0.004065041	-0.004065041	-0.004065041	-0.004065041	-0.004065041	-0.004065041	-0.004065041	-0.004065041	-0.000421348	-0.000421348	-0.000421348	-0.000421348	-0.000421348	-0.000555556	-0.000555556	-0.000555556	-0.000555556	-0.000555556	-0.000869565	-0.000869565	-0.000869565	-0.000869565	-0.000869565	-0.000847458	-0.000847458	-0.000847458	-0.000847458	-0.000847458	-0.000689655	-0.000689655	-0.000689655	-0.000689655	-0.000689655
1228716	-0.003582353	-0.003582353	-0.003582353	-0.003582353	-0.003582353	-0.027723029	-0.027723029	-0.027723029	-0.027723029	-0.027723029	-0.020489116	-0.020489116	-0.020489116	-0.020489116	-0.020489116	-0.006756757	-0.006756757	-0.006756757	-0.006756757	-0.006756757	-0.004065041	-0.004065041	-0.004065041	-0.004065041	-0.004065041	-0.004065041	-0.004065041	-0.004065041	-0.004065041	-0.004065041	-0.004065041	-0.004065041	-0.004065041	-0.000421348	-0.000421348	-0.000421348	-0.000421348	-0.000421348	-0.000555556	-0.000555556	-0.000555556	-0.000555556	-0.000555556	-0.000869565	-0.000869565	-0.000869565	-0.000869565	-0.000869565	-0.000847458	-0.000847458	-0.000847458	-0.000847458	-0.000847458	-0.000689655	-0.000689655	-0.000689655	-0.000689655	-0.000689655
1229832	-0.003582353	-0.003582353	-0.003582353	-0.003582353	-0.003582353	-0.027723029	-0.027723029	-0.027723029	-0.027723029	-0.027723029	-0.020489116	-0.020489116	-0.020489116	-0.020489116	-0.020489116	-0.006756757	-0.006756757	-0.006756757	-0.006756757	-0.006756757	-0.004065041	-0.004065041	-0.004065041	-0.004065041	-0.004065041	-0.004065041	-0.004065041	-0.004065041	-0.004065041	-0.004065041	-0.004065041	-0.004065041	-0.004065041	-0.000421348	-0.000421348	-0.000421348	-0.000421348	-0.000421348	-0.000555556	-0.000555556	-0.000555556	-0.000555556	-0.000555556	-0.000869565	-0.000869565	-0.000869565	-0.000869565	-0.000869565	-0.000847458	-0.000847458	-0.000847458	-0.000847458	-0.000847458	-0.000689655	-0.000689655	-0.000689655	-0.000689655	-0.000689655
1230948	-0.003582353	-0.003582353	-0.003582353	-0.003582353	-0.003582353	-0.027723029	-0.027723029	-0.027723029	-0.027723029	-0.027723029	-0.020489116	-0.020489116	-0.020489116	-0.020489116	-0.020489116	-0.006756757	-0.006756757	-0.006756757	-0.006756757	-0.006756757	-0.004065041	-0.004065041	-0.004065041	-0.004065041	-0.004065041	-0.004065041	-0.004065041	-0.004065041	-0.004065041	-0.004065041	-0.004065041	-0.004065041	-0.004065041	-0.000421348	-0.000421348	-0.000421348	-0.000421348	-0.000421348	-0.000555556	-0.000555556	-0.000555556	-0.000555556	-0.000555556	-0.000869565	-0.000869565	-0.000869565	-0.000869565	-0.000869565	-0.000847458	-0.000847458	-0.000847458	-0.000847458	-0.000847458	-0.000689655	-0.000689655	-0.000689655	-0.000689655	-0.000689655
1232064	-0.003582353	-0.003582353	-0.003582353	-0.003582353	-0.003582353	-0.027723029	-0.027723029	-0.027723029	-0.027723029	-0.027723029	-0.020489116	-0.020489116	-0.020489116	-0.020489116	-0.020489116	-0.006756757	-0.006756757	-0.006756757	-0.006756757	-0.006756757	-0.004065041	-0.004065041	-0.004065041	-0.004065041	-0.004065041	-0.004065041	-0.004065041	-0.004065041	-0.004065041	-0.004065041	-0.004065041	-0.004065041	-0.004065041	-0.000421348	-0.000421348	-0.000421348	-0.000421348	-0.000421348	-0.000555556	-0.000555556	-0.000555556	-0.000555556	-0.000555556	-0.000869565	-0.000869565	-0.000869565	-0.000869565	-0.000869565	-0.000847458	-0.000847458	-0.000847458	-0.000847458	-0.000847458	-0.000689655	-0.000689655	-0.000689655	-0.000689655	-0.000689655
1233180	-0.003582353	-0.003582353	-0.003582353	-0.003582353	-0.003582353	-0.027723029	-0.027723029	-0.027723029	-0.027723029	-0.027723029	-0.020489116	-0.020489116	-0.020489116	-0.020489116	-0.020489116	-0.006756757	-0.006756757	-0.006756757	-0.006756757	-0.006756757	-0.004065041	-0.004065041	-0.004065041	-0.004065041	-0.004065041	-0.004065041	-0.004065041	-0.004065041	-0.004065041	-0.004065041	-0.004065041	-0.004065041	-0.004065041	-0.000421348	-0.000421348	-0.000421348	-0.000421348	-0.000421348	-0.000555556	-0.000555556	-0.000555556	-0.000555556	-0.000555556	-0.000869565	-0.000869565	-0.000869565	-0.000869565	-0.000869565	-0.000847458	-0.000847458	-0.000847458	-0.000847458	-0.000847458	-0.000689655	-0.000689655	-0.000689655	-0.000689655	-0.000689655
1234296	-0.003582353	-0.003582353	-0.003582353	-0.003582353	-0.003582353	-0.027723029	-0.027723029	-0.027723029	-0.027723029	-0.027723029	-0.020489116	-0.020489116	-0.020489116	-0.020489116	-0.020489116	-0.006756757	-0.006756757	-0.006756757	-0.006756757	-0.006756757	-0.004065041	-0.004065041	-0.004065041	-0.004065041	-0.004065041	-0.004065041	-0.004065041	-0.004065041	-0.004065041	-0.004065041	-0.004065041	-0.004065041	-0.004065041	-0.000421348	-0.000421348	-0.000421348	-0.000421348	-0.000421348	-0.000555556	-0.000555556	-0.000555556	-0.000555556	-0.000555556	-0.000869565	-0.000869565	-0.000869565	-0.000869565	-0.000869565	-0.000847458	-0.000847458	-0.000847458	-0.000847458	-0.000847458	-0.000689655	-0.000689655	-0.000689655	-0.000689655	-0.000689655
1235412	-0.003582353	-0.003582353	-0.003582353	-0.003582353	-0.003582353	-0.027723029	-0.027723029	-0.027723029	-0.027723029	-0.027723029	-0.020489116	-0.020489116	-0.020489116	-0.020489116	-0.020489116	-0.006756757	-0.006756757	-0.006756757	-0.006756757	-0.006756757	-0.004065041	-0.004065041	-0.004065041	-0.004065041	-0.004065041	-0.004065041	-0.004065041	-0.004065041	-0.004065041	-0.004065041	-0.004065041	-0.004065041	-0.004065041	-0.000421348	-0.000421348	-0.000421348	-0.000421348	-0.000421348	-0.000555556	-0.000555556	-0.000555556	-0.000555556	-0.000555556	-0.000869565	-0.000869565	-0.000869565	-0.000869565	-0.000869565	-0.000847458	-0.000847458	-0.000847458	-0.000847458	-0.000847458	-0.000689655	-0.000689655	-0.000689655	-0.000689655	-0.000689655
1236528	-0.003582353	-0.003582353	-0.003582353	-0.003582353	-0.003582353	-0.027723029	-0.027723029	-0.027723029	-0.027723029	-0.027723029	-0.020489116	-0.020489116	-0.020489116	-0.020489116	-0.020489116	-0.006756757	-0.006756757	-0.006756757	-0.006756757	-0.006756757	-0.004065041	-0.004065041	-0.004065041	-0.004065041	-0.004065041	-0.004065041	-0.004065041	-0.004065041	-0.004065041	-0.004065041	-0.004065041	-0.004065041	-0.004065041	-0.000421348	-0.000421348	-0.000421348	-0.000421348	-0.000421348	-0.000555556	-0.000555556	-0.000555556	-0.000555556	-0.000555556	-0.000869565	-0.000869565	-0.000869565	-0.000869565	-0.000869565	-0.000847458	-0.000847458	-0.000847458	-0.000847458	-0.000847458	-0.000689655	-0.000689655	-0.000689655	-0.000689655	-0.000689655
1237644	-0.003582353	-0.003582353	-0.003582353	-0.003582353	-0.003582353	-0.027723029	-0.027723029	-0.027723029	-0.027723029	-0.027723029	-0.020489116	-0.020489116	-0.020489116	-0.020489116	-0.020489116	-0.006756757	-0.006756757	-0.006756757	-0.006756757	-0.006756757	-0.004065041	-0.004065041	-0.004065041	-0.004065041	-0.004065041	-0.004065041	-0.004065041	-0.004065041	-0.004065041	-0.004065041	-0.004065041	-0.004065041	-0.004065041	-0.000421348	-0.000421348	-0.000421348	-0.000421348	-0.000421348	-0.000555556	-0.000555556	-0.000555556	-0.000555556	-0.000555556	-0.000869565	-0.000869565	-0.000869565	-0.000869565	-0.000869565	-0.000847458	-0.000847458	-0.000847458	-0.000847458	-0.000847458	-0.000689655	-0.000689655	-0.000689655	-0.000689655	-0.000689655
1238760	-0.003582353	-0.003582353	-0.003582353	-0.003582353	-0.003582353	-0.027723029	-0.027723029	-0.027723029	-0.027723029	-0.027723029	-0.020489116	-0.020489116	-0.020489116	-0.020489116	-0.020489116	-0.006756757	-0.006756757	-0.006756757	-0.006756757	-0.006756757	-0.004065041	-0.004065041	-0.004065041	-0.004065041	-0.004065041	-0.004065041	-0.004065041	-0.004065041	-0.004065041	-0.004065041	-0.004065041	-0.004065041	-0.004065041	-0.000421348	-0.000421348	-0.000421348	-0.000421348	-0.000421348	-0.000555556	-0.000555556	-0.000555556	-0.000555556	-0.000555556	-0.000869565	-0.000869565	-0.000869565	-0.000869565	-0.000869565	-0.000847458	-0.000847458	-0.000847458	-0.000847458	-0.000847458	-0.000689655	-0.000689655	-0.000689655	-0.000689655	-0.000689655
1239876	-0.003582353	-0.003582353	-0.003582353	-0.003582353	-0.003582353	-0.027723029	-0.027723029	-0.027723029	-0.027723029	-0.027723029	-0.020489116	-0.020489116	-0.020489116	-0.020489116	-0.020489116	-0.006756757	-0.006756757	-0.006756757	-0.006756757	-0.006756757	-0.004065041	-0.004065041	-0.004065041	-0.004065041	-0.004065041	-0.004065041	-0.004065041	-0.004065041	-0.004065041	-0.004065041	-0.004065041	-0.004065041	-0.004065041	-0.000421348	-0.000421348	-0.000421348	-0.000421348	-0.000421348	-0.000555556	-0.000555556	-0.000555556	-0.000555556	-0.000555556	-0.000869565	-0.000869565	-0.000869565	-0.000869565	-0.000869565	-0.000847458	-0.000847458	-0.000847458	-0.000847458	-0.000847458	-0.000689655	-0.000689655	-0.000689655	-0.000689655	-0.000689655
1240992	-0.003582353	-0.003582353	-0.003582353	-0.003582353	-0.003582353	-0.027723029	-0.027723029	-0.027723029	-0.027723029	-0.027723029	-0.020489116	-0.020489116	-0.020489116	-0.020489116	-0.020489116	-0.006756757	-0.006756757	-0.006756757	-0.006756757	-0.006756757	-0.004065041	-0.004065041	-0.004065041	-0.004065041	-0.004065041	-0.004065041	-0.004065041	-0.004065041	-0.004065041	-0.004065041	-0.004065041	-0.004065041	-0.004065041	-0.000421348	-0.000421348	-0.000421348	-0.000421348	-0.000421348	-0.000555556	-0.000555556	-0.000555556	-0.000555556	-0.000555556	-0.000869565	-0.000869565	-0.000869565	-0.000869565	-0.000869565	-0.000847458	-0.000847458	-0.000847458	-0.000847458	-0.000847458	-0.000689655	-0.000689655	-0.000689655	-0.000689655	-0.000689655
1242108	-0.003582353	-0.003582353	-0.003582353	-0.003582353	-0.003582353	-0.027723029	-0.027723029	-0.027723029	-0.027723029	-0.027723029	-0.020489116	-0.020489116	-0.020489116	-0.020489116	-0.020489116	-0.006756757	-0.006756757	-0.006756757	-0.006756757	-0.006756757	-0.004065041	-0.004065041	-0.004065041	-0.004065041	-0.004065041	-0.004065041	-0.004065041	-0.004065041	-0.004065041	-0.004065041	-0.004065041	-0.004065041	-0.004065041	-0.000421348	-0.000421348	-0.000421348	-0.000421348	-0.000421348	-0.000555556	-0.000555556	-0.000555556	-0.000555556	-0.000555556	-0.000869565	-0.000869565	-0.000869565	-0.000869565	-0.000869565	-0.000847458	-0.000847458	-0.000847458	-0.000847458	-0.000847458	-0.000689655	-0.000689655	-0.000689655	-0.000689655	-0.000689655
1243224	-0.003582353	-0.003582353	-0.003582353	-0.003582353	-0.003582353	-0.027723029	-0.027723029	-0.027723029	-0.027723029	-0.027723029	-0.020489116	-0.020489116	-0.020489116	-0.020489116	-0.020489116	-0.006756757	-0.006756757	-0.006756757	-0.006756757	-0.006756757	-0.004065041	-0.004065041	-0.004065041	-0.004065041	-0.004065041	-0.004065041	-0.004065041	-0.004065041	-0.004065041	-0.004065041	-0.004065041	-0.004065041	-0.004065041	-0.000421348	-0.000421348	-0.000421348	-0.000421348	-0.000421348	-0.000555556	-0.000555556	-0.000555556	-0.000555556	-0.000555556	-0.000869565	-0.000869565	-0.000869565	-0.000869565	-0.000869565	-0.000847458	-0.000847458	-0.000847458	-0.000847458	-0.000847458	-0.000689655	-0.000689655	-0.000689655	-0.000689655	-0.000689655
1244340	-0.003582353	-0.003582353	-0.003582353	-0.003582353	-0.003582353	-0.027723029	-0.027723029	-0.027723029	-0.027723029	-0.027723029	-0.020489116	-0.020489116	-0.020489116	-0.020489116	-0.020489116	-0.006756757	-0.006756757	-0.006756757	-0.006756757	-0.006756757	-0.004065041	-0.004065041	-0.004065041	-0.004065041	-0.004065041	-0.004065041	-0.004065041	-0.004065041	-0.004065041	-0.004065041	-0.004065041	-0.004065041	-0.004065041	-0.000421348	-0.000421348	-0.000421348	-0.000421348	-0.000421348	-0.000555556	-0.000555556	-0.000555556	-0.000555556	-0.000555556	-0.000869565	-0.000869565	-0.000869565	-0.000869565	-0.000869565	-0.000847458	-0.000847458	-0.000847458	-0.000847458	-0.000847458	-0.000689655	-0.000689655	-0.000689655	-0.000689655	-0.000689655
1245456	-0.003582353	-0.003582353	-0.003582353	-0.003582353	-0.003582353	-0.027723029	-0.027723029	-0.027723029	-0.027723029	-0.027723029	-0.020489116	-0.020489116	-0.020489116	-0.020489116	-0.020489116	-0.006756757	-0.006756757	-0.006756757	-0.006756757	-0.006756757	-0.004065041	-0.004065041	-0.004065041	-0.004065041	-0.004065041	-0.004065041	-0.004065041	-0.004065041	-0.004065041	-0.004065041	-0.004065041	-0.004065041	-0.004065041	-0.000421348	-0.000421348	-0.000421348	-0.000421348	-0.000421348	-0.000555556	-0.000555556	-0.000555556	-0.000555556	-0.000555556	-0.000869565	-0.000869565	-0.000869565	-0.000869565	-0.000869565	-0.000847458	-0.000847458	-0.000847458	-0.000847458	-0.000847458	-0.000689655	-0.000689655	-0.000689655	-0.000689655	-0.000689655
1246572	-0.003582353	-0.003582353	-0.003582353	-0.003582353	-0.003582353	-0.027723029	-0.027723029	-0.027723029	-0.027723029	-0.027723029	-0.020489116	-0.020489116	-0.020489116	-0.020489116	-0.020489116	-0.006756757	-0.006756757	-0.006756757	-0.006756757	-0.006756757	-0.004065041	-0.004065041	-0.004065041	-0.004065041	-0.004065041	-0.004065041	-0.004065041	-0.004065041	-0.004065041	-0.004065041	-0.004065041	-0.004065041	-0.004065041	-0.000421348	-0.000421348	-0.000421348	-0.000421348	-0.000421348	-0.000555556	-0.000555556	-0.000555556	-0.000555556	-0.000555556	-0.000869565	-0.000869565	-0.000869565	-0.000869565	-0.000869565	-0.000847458	-0.000847458	-0.000847458	-0.000847458	-0.000847458	-0.000689655	-0.000689655	-0.000689655	-0.000689655	-0.000689655
1247688	-0.003582353	-0.003582353	-0.003582353	-0.003582353	-0.003582353	-0.027723029	-0.027723029	-0.027723029	-0.027723029	-0.027723029	-0.020489116	-0.020489116	-0.020489116	-0.020489116	-0.020489116	-0.006756757	-0.006756757	-0.006756757	-0.006756757	-0.006756757	-0.004065041	-0.004065041	-0.004065041	-0.004065041	-0.004065041	-0.004065041	-0.004065041	-0.004065041	-0.004065041	-0.004065041	-0.004065041	-0.004065041	-0.004065041	-0.000421348	-0.000421348	-0.000421348	-0.000421348	-0.000421348	-0.000555556	-0.000555556	-0.000555556	-0.000555556	-0.000555556	-0.000869565	-0.000869565	-0.000869565	-0.000869565	-0.000869565	-0.000847458	-0.000847458	-0.000847458	-0.000847458	-0.000847458	-0.000689655	-0.000689655	-0.000689655	-0.000689655	-0.000689655
1248804	-0.003582353	-0.003582353	-0.003582353	-0.003582353	-0.003582353	-0.027723029	-0.027723029	-0.027723029	-0.027723029	-0.027723029	-0.020489116	-0.020489116	-0.020489116	-0.020489116	-0.020489116	-0.006756757	-0.006756757	-0.006756757	-0.006756757	-0.006756757	-0.004065041	-0.004065041	-0.004065041	-0.004065041	-0.004065041	-0.004065041	-0.004065041	-0.004065041	-0.004065041	-0.004065041	-0.004065041	-0.004065041	-0.004065041	-0.000421348	-0.000421348	-0.000421348	-0.000421348	-0.000421348	-0.000555556	-0.000555556	-0.000555556	-0.000555556	-0.000555556	-0.000869565	-0.000869565	-0.000869565	-0.000869565	-0.000869565	-0.000847458	-0.000847458	-0.000847458	-0.000847458	-0.000847458	-0.000689655	-0.000689655	-0.000689655	-0.000689655	-0.000689655
1249920	-0.003582353	-0.003582353	-0.003582353	-0.003582353	-0.003582353	-0.027723029	-0.027723029	-0.027723029	-0.027723029	-0.027723029	-0.020489116	-0.020489116	-0.020489116	-0.020489116	-0.020489116	-0.006756757	-0.006756757	-0.006756757	-0.006756757	-0.006756757	-0.004065041	-0.004065041	-0.004065041	-0.004065041	-0.004065041	-0.004065041	-0.004065041	-0.004065041	-0.004065041	-0.004065041	-0.004065041	-0.004065041	-0.004065041	-0.000421348	-0.000421348	-0.000421348	-0.000421348	-0.000421348	-0.000555556	-0.000555556	-0.000555556	-0.000555556	-0.000555556	-0.000869565	-0.000869565	-0.000869565	-0.000869565	-0.000869565	-0.000847458	-0.000847458	-0.000847458	-0.000847458	-0.000847458	-0.000689655	-0.000689655	-0.000689655	-0.000689655	-0.000689655
1251036	-0.003582353	-0.003582353	-0.003582353	-0.003582353	-0.003582353	-0.027723029	-0.027723029	-0.027723029	-0.027723029	-0.027723029	-0.020489116	-0.020489116	-0.020489116	-0.020489116	-0.020489116	-0.006756757	-0.006756757	-0.006756757	-0.006756757	-0.006756757	-0.004065041	-0.004065041	-0.004065041	-0.004065041	-0.004065041	-0.004065041	-0.004065041	-0.004065041	-0.004065041	-0.004065041	-0.004065041	-0.004065041	-0.004065041	-0.000421348	-0.000421348	-0.000421348	-0.000421348	-0.000421348	-0.000555556	-0.000555556	-0.000555556	-0.000555556	-0.000555556	-0.000869565	-0.000869565	-0.000869565	-0.000869565	-0.000869565	-0.000847458	-0.000847458	-0.000847458	-0.000847458	-0.000847458	-0.000689655	-0.000689655	-0.000689655	-0.000689655	-0.000689655
1252152	-0.003582353	-0.003582353	-0.003582353	-0.003582353	-0.003582353	-0.027723029	-0.027723029	-0.027723029	-0.027723029	-0.027723029	-0.020489116	-0.020489116	-0.020489116	-0.020489116	-0.020489116	-0.006756757	-0.006756757	-0.006756757	-0.006756757	-0.006756757	-0.004065041	-0.004065041	-0.004065041	-0.004065041	-0.004065041	-0.004065041	-0.004065041	-0.004065041	-0.004065041	-0.004065041	-0.004065041	-0.004065041	-0.004065041	-0.000421348	-0.000421348	-0.000421348	-0.000421348	-0.000421348	-0.000555556	-0.000555556	-0.000555556	-0.000555556	-0.000555556	-0.000869565	-0.000869565	-0.000869565	-0.000869565	-0.000869565	-0.000847458	-0.000847458	-0.000847458	-0.000847458	-0.000847458	-0.000689655	-0.000689655	-0.000689655	-0.000689655	-0.000689655
1253268	-0.003582353	-0.003582353	-0.003582353	-0.003582353	-0.003582353	-0.027723029	-0.027723029	-0.027723029	-0.027723029	-0.027723029	-0.020489116	-0.020489116	-0.020489116	-0.020489116	-0.020489116	-0.006756757	-0.006756757	-0.006756757	-0.006756757	-0.006756757	-0.004065041	-0.004065041	-0.004065041	-0.004065041	-0.004065041	-0.004065041	-0.004065041	-0.004065041	-0.004065041	-0.004065041	-0.004065041	-0.004065041	-0.004065041	-0.000421348	-0.000421348	-0.000421348	-0.000421348	-0.000421348	-0.000555556	-0.000555556	-0.000555556	-0.000555556	-0.000555556	-0.000869565	-0.000869565	-0.000869565	-0.000869565	-0.000869565	-0.000847458	-0.000847458	-0.000847458	-0.000847458	-0.000847458	-0.000689655	-0.000689655	-0.000689655	-0.000689655	-0.000689655
1254384	-0.003582353	-0.003582353	-0.003582353	-0.003582353	-0.003582353	-0.027723029	-0.027723029	-0.027723029	-0.027723029	-0.027723029	-0.020489116	-0.020489116	-0.020489116	-0.020489116	-0.020489116	-0.006756757	-0.006756757	-0.006756757	-0.006756757	-0.006756757	-0.004065041	-0.004065041	-0.004065041	-0.004065041	-0.004065041	-0.004065041	-0.004065041	-0.004065041	-0.004065041	-0.004065041	-0.004065041	-0.004065041	-0.004065041	-0.000421348	-0.000421348	-0.000421348	-0.000421348	-0.000421348	-0.000555556	-0.000555556	-0.000555556	-0.000555556	-0.000555556	-0.000869565	-0.000869565	-0.000869565	-0.000869565	-0.000869565	-0.000847458	-0.000847458	-0.000847458	-0.000847458	-0.000847458	-0.000689655	-0.000689655	-0.000689655	-0.000689655	-0.000689655
1255500	-0.003582353	-0.003582353	-0.003582353	-0.003582353	-0.003582353	-0.027723029	-0.027723029	-0.027723029	-0.027723029	-0.027723029	-0.020489116	-0.020489116	-0.020489116	-0.020489116	-0.020489116	-0.006756757	-0.006756757	-0.006756757	-0.006756757	-0.006756757	-0.004065041	-0.004065041	-0.004065041	-0.004065041	-0.004065041	-0.004065041	-0.004065041	-0.004065041	-0.004065041	-0.004065041	-0.004065041	-0.004065041	-0.004065041	-0.000421348	-0.000421348	-0.000421348	-0.000421348	-0.000421348	-0.000555556	-0.000555556	-0.000555556	-0.000555556	-0.000555556	-0.000869565	-0.000869565	-0.000869565	-0.000869565	-0.000869565	-0.000847458	-0.000847458	-0.000847458	-0.000847458	-0.000847458	-0.000689655	-0.000689655	-0.000689655	-0.000689655	-0.000689655
1256616	-0.003582353	-0.003582353	-0.003582353	-0.003582353	-0.003582353	-0.027723029	-0.027723029	-0.027723029	-0.027723029	-0.027723029	-0.020489116	-0.020489116	-0.020489116	-0.020489116	-0.020489116	-0.006756757	-0.006756757	-0.006756757	-0.006756757	-0.006756757	-0.004065041	-0.004065041	-0.004065041	-0.004065041	-0.004065041	-0.004065041	-0.004065041	-0.004065041	-0.004065041	-0.004065041	-0.004065041	-0.004065041	-0.004065041	-0.000421348	-0.000421348	-0.000421348	-0.000421348	-0.000421348	-0.000555556	-0.000555556	-0.000555556	-0.000555556	-0.000555556	-0.000869565	-0.000869565	-0.000869565	-0.000869565	-0.000869565	-0.000847458	-0.000847458	-0.000847458	-0.000847458	-0.000847458	-0.000689655	-0.000689655	-0.000689655	-0.000689655	-0.000689655
1257732	-0.003582353	-0.003582353	-0.003582353	-0.003582353	-0.003582353	-0.027723029	-0.027723029	-0.027723029	-0.027723029	-0.027723029	-0.020489116	-0.020489116	-0.020489116	-0.020489116	-0.020489116	-0.006756757	-0.006756757	-0.006756757	-0.006756757	-0.006756757	-0.004065041	-0.004065041	-0.004065041	-0.004065041	-0.004065041	-0.004065041	-0.004065041	-0.004065041	-0.004065041	-0.004065041	-0.004065041	-0.004065041	-0.004065041	-0.000421348	-0.000421348	-0.000421348	-0.000421348	-0.000421348	-0.000555556	-0.000555556	-0.000555556	-0.000555556	-0.000555556	-0.000869565	-0.000869565	-0.000869565	-0.000869565	-0.000869565	-0.000847458	-0.000847458	-0.000847458	-0.000847458	-0.000847458	-0.000689655	-0.000689655	-0.000689655	-0.000689655	-0.000689655
1258848	-0.003582353	-0.003582353	-0.003582353	-0.003582353	-0.003582353	-0.027723029	-0.027723029	-0.027723029	-0.027723029	-0.027723029	-0.020489116	-0.020489116	-0.020489116	-0.020489116	-0.020489116	-0.006756757	-0.006756757	-0.006756757	-0.006756757	-0.006756757	-0.004065041	-0.004065041	-0.004065041	-0.004065041	-0.004065041	-0.004065041	-0.004065041	-0.004065041	-0.004065041	-0.004065041	-0.004065041	-0.004065041	-0.004065041	-0.000421348	-0.000421348	-0.000421348	-0.000421348	-0.000421348	-0.000555556	-0.000555556	-0.000555556	-0.000555556	-0.000555556	-0.000869565	-0.000869565	-0.000869565	-0.000869565	-0.000869565	-0.000847458	-0.000847458	-0.000847458	-0.000847458	-0.000847458	-0.000689655	-0.000689655	-0.000689655	-0.000689655	-0.000689655
1259964	-0.003582353	-0.003582353	-0.003582353	-0.003582353	-0.003582353	-0.027723029	-0.027723029	-0.027723029	-0.027723029	-0.027723029	-0.020489116	-0.020489116	-0.020489116	-0.020489116	-0.020489116	-0.006756757	-0.006756757	-0.006756757	-0.006756757	-0.006756757	-0.004065041	-0.004065041	-0.004065041	-0.004065041	-0.004065041	-0.004065041	-0.004065041	-0.004065041	-0.004065041	-0.004065041	-0.004065041	-0.004065041	-0.004065041	-0.000421348	-0.000421348	-0.000421348	-0.000421348	-0.000421348	-0.000555556	-0.000555556	-0.000555556	-0.000555556	-0.000555556	-0.000869565	-0.000869565	-0.000869565	-0.000869565	-0.000869565	-0.000847458	-0.000847458	-0.000847458	-0.000847458	-0.000847458	-0.000689655	-0.000689655	-0.000689655	-0.000689655	-0.000689655
1261080	-0.003582353	-0.003582353	-0.003582353	-0.003582353	-0.003582353	-0.027723029	-0.027723029	-0.027723029	-0.027723029	-0.027723029	-0.020489116	-0.020489116	-0.020489116	-0.020489116	-0.020489116	-0.006756757	-0.006756757	-0.006756757	-0.006756757	-0.006756757	-0.004065041	-0.004065041	-0.004065041	-0.004065041	-0.004065041	-0.004065041	-0.004065041	-0.004065041	-0.004065041	-0.004065041	-0.004065041	-0.004065041	-0.004065041	-0.000421348	-0.000421348	-0.000421348	-0.000421348	-0.000421348	-0.000555556	-0.000555556	-0.000555556	-0.000555556	-0.000555556	-0.000869565	-0.000869565	-0.000869565	-0.000869565	-0.000869565	-0.000847458	-0.000847458	-0.000847458	-0.000847458	-0.000847458	-0.000689655	-0.000689655	-0.000689655	-0.000689655	-0.000689655
1262196	-0.003582353	-0.003582353	-0.003582353	-0.003582353	-0.003582353	-0.027723029	-0.027723029	-0.027723029	-0.027723029	-0.027723029	-0.020489116	-0.020489116	-0.020489116	-0.020489116	-0.020489116	-0.006756757	-0.006756757	-0.006756757	-0.006756757	-0.006756757	-0.004065041	-0.004065041	-0.004065041	-0.004065041	-0.004065041	-0.004065041	-0.004065041	-0.004065041	-0.004065041	-0.004065041	-0.004065041	-0.004065041	-0.004065041	-0.000421348	-0.000421348	-0.000421348	-0.000421348	-0.000421348	-0.000555556	-0.000555556	-0.000555556	-0.000555556	-0.000555556	-0.000869565	-0.000869565	-0.000869565	-0.000869565	-0.000869565	-0.000847458	-0.000847458	-0.000847458	-0.000847458	-0.000847458	-0.000689655	-0.000689655	-0.000689655	-0.000689655	-0.000689655
1263312	-0.003582353	-0.003582353	-0.003582353	-0.003582353	-0.003582353	-0.027723029	-0.027723029	-0.027723029	-0.027723029	-0.027723029	-0.020489116	-0.020489116	-0.020489116	-0.020489116	-0.020489116	-0.006756757	-0.006756757	-0.006756757	-0.006756757	-0.006756757	-0.004065041	-0.004065041	-0.004065041	-0.004065041	-0.004065041	-0.004065041	-0.004065041	-0.004065041	-0.004065041	-0.004065041	-0.004065041	-0.004065041	-0.004065041	-0.000421348	-0.000421348	-0.000421348	-0.000421348	-0.000421348	-0.000555556	-0.000555556	-0.000555556	-0.000555556	-0.000555556	-0.000869565	-0.000869565	-0.000869565	-0.000869565	-0.000869565	-0.000847458	-0.000847458	-0.000847458	-0.000847458	-0.000847458	-0.000689655	-0.000689655	-0.000689655	-0.000689655	-0.000689655
1264428	-0.003582353	-0.003582353	-0.003582353	-0.003582353	-0.003582353	-0.027723029	-0.027723029	-0.027723029	-0.027723029	-0.027723029	-0.020489116	-0.020489116	-0.020489116	-0.020489116	-0.020489116	-0.006756757	-0.006756757	-0.006756757	-0.006756757	-0.006756757	-0.004065041	-0.004065041	-0.004065041	-0.004065041	-0.004065041	-0.004065041	-0.004065041	-0.004065041	-0.004065041	-0.004065041	-0.004065041	-0.004065041	-0.004065041	-0.000421348	-0.000421348	-0.000421348	-0.000421348	-0.000421348	-0.000555556	-0.000555556	-0.000555556	-0.000555556	-0.000555556	-0.000869565	-0.000869565	-0.000869565	-0.000869565	-0.000869565	-0.000847458	-0.000847458	-0.000847458	-0.000847458	-0.000847458	-0.000689655	-0.000689655	-0.000689655	-0.000689655	-0.000689655
1265544	-0.003582353	-0.003582353	-0.003582353	-0.003582353	-0.003582353	-0.027723029	-0.027723029	-0.027723029	-0.027723029	-0.027723029	-0.020489116	-0.020489116	-0.020489116	-0.020489116	-0.020489116	-0.006756757	-0.006756757	-0.006756757	-0.006756757	-0.006756757	-0.004065041	-0.004065041	-0.004065041	-0.004065041	-0.004065041	-0.004065041	-0.004065041	-0.004065041	-0.004065041	-0.004065041	-0.004065041	-0.004065041	-0.004065041	-0.000421348	-0.000421348	-0.000421348	-0.000421348	-0.000421348	-0.000555556	-0.000555556	-0.000555556	-0.000555556	-0.000555556	-0.000869565	-0.000869565	-0.000869565	-0.000869565	-0.000869565	-0.000847458	-0.000847458	-0.000847458	-0.000847458	-0.000847458	-0.000689655	-0.000689655	-0.000689655	-0.000689655	-0.000689655
1266660	-0.003582353	-0.003582353	-0.003582353	-0.003582353	-0.003582353	-0.027723029	-0.027723029	-0.027723029	-0.027723029	-0.027723029	-0.020489116	-0.020489116	-0.020489116	-0.020489116	-0.020489116	-0.006756757	-0.006756757	-0.006756757	-0.006756757	-0.006756757	-0.004065041	-0.004065041	-0.004065041	-0.004065041	-0.004065041	-0.004065041	-0.004065041	-0.004065041	-0.004065041	-0.004065041	-0.004065041	-0.004065041	-0.004065041	-0.000421348	-0.000421348	-0.000421348	-0.000421348	-0.000421348	-0.000555556	-0.000555556	-0.000555556	-0.000555556	-0.000555556	-0.000869565	-0.000869565	-0.000869565	-0.000869565	-0.000869565	-0.000847458	-0.000847458	-0.000847458	-0.000847458	-0.000847458	-0.000689655	-0.000689655	-0.000689655	-0.000689655	-0.000689655
1267776	-0.003582353	-0.003582353	-0.003582353	-0.003582353	-0.003582353	-0.027723029	-0.027723029	-0.027723029	-0.027723029	-0.027723029	-0.020489116	-0.020489116	-0.020489116	-0.020489116	-0.020489116	-0.006756757	-0.006756757	-0.006756757	-0.006756757	-0.006756757	-0.004065041	-0.004065041	-0.004065041	-0.004065041	-0.004065041	-0.004065041	-0.004065041	-0.004065041	-0.004065041	-0.004065041	-0.004065041	-0.004065041	-0.004065041	-0.000421348	-0.000421348	-0.000421348	-0.000421348	-0.000421348	-0.000555556	-0.000555556	-0.000555556	-0.000555556	-0.000555556	-0.000869565	-0.000869565	-0.000869565	-0.000869565	-0.000869565	-0.000847458	-0.000847458	-0.000847458	-0.000847458	-0.000847458	-0.000689655	-0.000689655	-0.000689655	-0.000689655	-0.000689655
1268892	-0.003582353	-0.003582353	-0.003582353	-0.003582353	-0.003582353	-0.027723029	-0.027723029	-0.027723029	-0.027723029	-0.027723029	-0.020489116	-0.020489116	-0.020489116	-0.020489116	-0.020489116	-0.006756757	-0.006756757	-0.006756757	-0.006756757	-0.006756757	-0.004065041	-0.004065041	-0.004065041	-0.004065041	-0.004065041	-0.004065041	-0.004065041	-0.004065041	-0.004065041	-0.004065041	-0.004065041	-0.004065041	-0.004065041	-0.000421348	-0.000421348	-0.000421348	-0.000421348	-0.000421348	-0.000555556	-0.000555556	-0.000555556	-0.000555556	-0.000555556	-0.000869565	-0.000869565	-0.000869565	-0.000869565	-0.000869565	-0.000847458	-0.000847458	-0.000847458	-0.000847458	-0.000847458	-0.000689655	-0.000689655	-0.000689655	-0.000689655	-0.000689655
1270008	-0.003582353	-0.003582353	-0.003582353	-0.003582353	-0.003582353	-0.027723029	-0.027723029	-0.027723029	-0.027723029	-0.027723029	-0.020489116	-0.020489116	-0.020489116	-0.020489116	-0.020489116	-0.006756757	-0.006756757	-0.006756757	-0.006756757	-0.006756757	-0.004065041	-0.004065041	-0.004065041	-0.004065041	-0.004065041	-0.004065041	-0.004065041	-0.004065041	-0.004065041	-0.004065041	-0.004065041	-0.004065041	-0.004065041	-0.000421348	-0.000421348	-0.000421348	-0.000421348	-0.000421348	-0.000555556	-0.000555556	-0.000555556	-0.000555556	-0.000555556	-0.000869565	-0.000869565	-0.000869565	-0.000869565	-0.000869565	-0.000847458	-0.000847458	-0.000847458	-0.000847458	-0.000847458	-0.000689655	-0.000689655	-0.000689655	-0.000689655	-0.000689655
1271124	-0.003582353	-0.003582353	-0.003582353	-0.003582353	-0.003582353	-0.027723029	-0.027723029	-0.027723029	-0.027723029	-0.027723029	-0.020489116	-0.020489116	-0.020489116	-0.020489116	-0.020489116	-0.006756757	-0.006756757	-0.006756757	-0.006756757	-0.006756757	-0.004065041	-0.004065041	-0.004065041	-0.004065041	-0.004065041	-0.004065041	-0.004065041	-0.004065041	-0.004065041	-0.004065041	-0.004065041	-0.004065041	-0.004065041	-0.000421348	-0.000421348	-0.000421348	-0.000421348	-0.000421348	-0.000555556	-0.000555556	-0.000555556	-0.000555556	-0.000555556	-0.000869565	-0.000869565	-0.000869565	-0.000869565	-0.000869565	-0.000847458	-0.000847458	-0.000847458	-0.000847458	-0.000847458	-0.000689655	-0.000689655	-0.000689655	-0.000689655	-0.000689655
1272240	-0.003582353	-0.003582353	-0.003582353	-0.003582353	-0.003582353	-0.027723029	-0.027723029	-0.027723029	-0.027723029	-0.027723029	-0.020489116	-0.020489116	-0.020489116	-0.020489116	-0.020489116	-0.006756757	-0.006756757	-0.006756757	-0.006756757	-0.006756757	-0.004065041	-0.004065041	-0.004065041	-0.004065041	-0.004065041	-0.004065041	-0.004065041	-0.004065041	-0.004065041	-0.004065041	-0.004065041	-0.004065041	-0.004065041	-0.000421348	-0.000421348	-0.000421348	-0.000421348	-0.000421348	-0.000555556	-0.000555556	-0.000555556	-0.000555556	-0.000555556	-0.000869565	-0.000869565	-0.000869565	-0.000869565	-0.000869565	-0.000847458	-0.000847458	-0.000847458	-0.000847458	-0.000847458	-0.000689655	-0.000689655	-0.000689655	-0.000689655	-0.000689655
1273356	-0.003582353	-0.003582353	-0.003582353	-0.003582353	-0.003582353	-0.027723029	-0.027723029	-0.027723029	-0.027723029	-0.027723029	-0.020489116	-0.020489116	-0.020489116	-0.020489116	-0.020489116	-0.006756757	-0.006756757	-0.006756757	-0.006756757	-0.006756757	-0.004065041	-0.004065041	-0.004065041	-0.004065041	-0.004065041	-0.004065041	-0.004065041	-0.004065041	-0.004065041	-0.004065041	-0.004065041	-0.004065041	-0.004065041	-0.000421348	-0.000421348	-0.000421348	-0.000421348	-0.000421348	-0.000555556	-0.000555556	-0.000555556	-0.000555556	-0.000555556	-0.000869565	-0.000869565	-0.000869565	-0.000869565	-0.000869565	-0.000847458	-0.000847458	-0.000847458	-0.000847458	-0.000847458	-0.000689655	-0.000689655	-0.000689655	-0.000689655	-0.000689655
1274472	-0.003582353	-0.003582353	-0.003582353	-0.003582353	-0.003582353	-0.027723029	-0.027723029	-0.027723029	-0.027723029	-0.027723029	-0.020489116	-0.020489116	-0.020489116	-0.020489116	-0.020489116	-0.006756757	-0.006756757	-0.006756757	-0.006756757	-0.006756757	-0.004065041	-0.004065041	-0.004065041	-0.004065041	-0.004065041	-0.004065041	-0.004065041	-0.004065041	-0.004065041	-0.004065041	-0.004065041	-0.004065041	-0.004065041	-0.000421348	-0.000421348	-0.000421348	-0.000421348	-0.000421348	-0.000555556	-0.000555556	-0.000555556	-0.000555556	-0.000555556	-0.000869565	-0.000869565	-0.000869565	-0.000869565	-0.000869565	-0.000847458	-0.000847458	-0.000847458	-0.000847458	-0.000847458	-0.000689655	-0.000689655	-0.000689655	-0.000689655	-0.000689655
1275588	-0.003582353	-0.003582353	-0.003582353	-0.003582353	-0.003582353	-0.027723029	-0.027723029	-0.027723029	-0.027723029	-0.027723029	-0.020489116	-0.020489116	-0.020489116	-0.020489116	-0.020489116	-0.006756757	-0.006756757	-0.006756757	-0.006756757	-0.006756757	-0.004065041	-0.004065041	-0.004065041	-0.004065041	-0.004065041	-0.004065041	-0.004065041	-0.004065041	-0.004065041	-0.004065041	-0.004065041	-0.004065041	-0.004065041	-0.000421348	-0.000421348	-0.000421348	-0.000421348	-0.000421348	-0.000555556	-0.000555556	-0.000555556	-0.000555556	-0.000555556	-0.000869565	-0.000869565	-0.000869565	-0.000869565	-0.000869565	-0.000847458	-0.000847458	-0.000847458	-0.000847458	-0.000847458	-0.000689655	-0.000689655	-0.000689655	-0.000689655	-0.000689655
1276704	-0.003582353	-0.003582353	-0.003582353	-0.003582353	-0.003582353	-0.027723029	-0.027723029	-0.027723029	-0.027723029	-0.027723029	-0.020489116	-0.020489116	-0.020489116	-0.020489116	-0.020489116	-0.006756757	-0.006756757	-0.006756757	-0.006756757	-0.006756757	-0.004065041	-0.004065041	-0.004065041	-0.004065041	-0.004065041	-0.004065041	-0.004065041	-0.004065041	-0.004065041	-0.004065041	-0.004065041	-0.004065041	-0.004065041	-0.000421348	-0.000421348	-0.000421348	-0.000421348	-0.000421348	-0.000555556	-0.000555556	-0.000555556	-0.000555556	-0.000555556	-0.000869565	-0.000869565	-0.000869565	-0.000869565	-0.000869565	-0.000847458	-0.000847458	-0.000847458	-0.000847458	-0.000847458	-0.000689655	-0.000689655	-0.000689655	-0.000689655	-0.000689655
1277820	-0.003582353	-0.003582353	-0.003582353	-0.003582353	-0.003582353	-0.027723029	-0.027723029	-0.027723029	-0.027723029	-0.027723029	-0.020489116	-0.020489116	-0.020489116	-0.020489116	-0.020489116	-0.006756757	-0.006756757	-0.006756757	-0.006756757	-0.006756757	-0.004065041	-0.004065041	-0.004065041	-0.004065041	-0.004065041	-0.004065041	-0.004065041	-0.004065041	-0.004065041	-0.004065041	-0.004065041	-0.004065041	-0.004065041	-0.000421348	-0.000421348	-0.000421348	-0.000421348	-0.000421348	-0.000555556	-0.000555556	-0.000555556	-0.000555556	-0.000555556	-0.000869565	-0.000869565	-0.000869565	-0.000869565	-0.000869565	-0.000847458	-0.000847458	-0.000847458	-0.000847458	-0.000847458	-0.000689655	-0.000689655	-0.000689655	-0.000689655	-0.000689655
1278936	-0.003582353	-0.003582353	-0.003582353	-0.003582353	-0.003582353	-0.027723029	-0.027723029	-0.027723029	-0.027723029	-0.027723029	-0.020489116	-0.020489116	-0.020489116	-0.020489116	-0.020489116	-0.006756757	-0.006756757	-0.006756757	-0.006756757	-0.006756757	-0.004065041	-0.004065041	-0.004065041	-0.004065041	-0.004065041	-0.004065041	-0.004065041	-0.004065041	-0.004065041	-0.004065041	-0.004065041	-0.004065041	-0.004065041	-0.000421348	-0.000421348	-0.000421348	-0.000421348	-0.000421348	-0.000555556	-0.000555556	-0.000555556	-0.000555556	-0.000555556	-0.000869565	-0.000869565	-0.000869565	-0.000869565	-0.000869565	-0.000847458	-0.000847458	-0.000847458	-0.000847458	-0.000847458	-0.000689655	-0.000689655	-0.000689655	-0.000689655	-0.000689655
1280052	-0.003582353	-0.003582353	-0.003582353	-0.003582353	-0.003582353	-0.027723029	-0.027723029	-0.027723029	-0.027723029	-0.027723029	-0.020489116	-0.020489116	-0.020489116	-0.020489116	-0.020489116	-0.006756757	-0.006756757	-0.006756757	-0.006756757	-0.006756757	-0.004065041	-0.004065041	-0.004065041	-0.004065041	-0.004065041	-0.004065041	-0.004065041	-0.004065041	-0.004065041	-0.004065041	-0.004065041	-0.004065041	-0.004065041	-0.000421348	-0.000421348	-0.000421348	-0.000421348	-0.000421348	-0.000555556	-0.000555556	-0.000555556	-0.000555556	-0.000555556	-0.000869565	-0.000869565	-0.000869565	-0.000869565	-0.000869565	-0.000847458	-0.000847458	-0.000847458	-0.000847458	-0.000847458	-0.000689655	-0.000689655	-0.000689655	-0.000689655	-0.000689655
1281168	-0.003582353	-0.003582353	-0.003582353	-0.003582353	-0.003582353	-0.027723029	-0.027723029	-0.027723029	-0.027723029	-0.027723029	-0.020489116	-0.020489116	-0.020489116	-0.020489116	-0.020489116	-0.006756757	-0.006756757	-0.006756757	-0.006756757	-0.006756757	-0.004065041	-0.004065041	-0.004065041	-0.004065041	-0.004065041	-0.004065041	-0.004065041	-0.004065041	-0.004065041	-0.004065041	-0.004065041	-0.004065041	-0.004065041	-0.000421348	-0.000421348	-0.000421348	-0.000421348	-0.000421348	-0.000555556	-0.000555556	-0.000555556	-0.000555556	-0.000555556	-0.000869565	-0.000869565	-0.000869565	-0.000869565	-0.000869565	-0.000847458	-0.000847458	-0.000847458	-0.000847458	-0.000847458	-0.000689655	-0.000689655	-0.000689655	-0.000689655	-0.000689655
1282284	-0.003582353	-0.003582353	-0.003582353	-0.003582353	-0.003582353	-0.027723029	-0.027723029	-0.027723029	-0.027723029	-0.027723029	-0.020489116	-0.020489116	-0.020489116	-0.020489116	-0.020489116	-0.006756757	-0.006756757	-0.006756757	-0.006756757	-0.006756757	-0.004065041	-0.004065041	-0.004065041	-0.004065041	-0.004065041	-0.004065041	-0.004065041	-0.004065041	-0.004065041	-0.004065041	-0.004065041	-0.004065041	-0.004065041	-0.000421348	-0.000421348	-0.000421348	-0.000421348	-0.000421348	-0.000555556	-0.000555556	-0.000555556	-0.000555556	-0.000555556	-0.000869565	-0.000869565	-0.000869565	-0.000869565	-0.000869565	-0.000847458	-0.000847458	-0.000847458	-0.000847458	-0.000847458	-0.000689655	-0.000689655	-0.000689655	-0.000689655	-0.000689655
1283400	-0.003582353	-0.003582353	-0.003582353	-0.003582353	-0.003582353	-0.027723029	-0.027723029	-0.027723029	-0.027723029	-0.027723029	-0.020489116	-0.020489116	-0.020489116	-0.020489116	-0.020489116	-0.006756757	-0.006756757	-0.006756757	-0.006756757	-0.006756757	-0.004065041	-0.004065041	-0.004065041	-0.004065041	-0.004065041	-0.004065041	-0.004065041	-0.004065041	-0.004065041	-0.004065041	-0.004065041	-0.004065041	-0.004065041	-0.000421348	-0.000421348	-0.000421348	-0.000421348	-0.000421348	-0.000555556	-0.000555556	-0.000555556	-0.000555556	-0.000555556	-0.000869565	-0.000869565	-0.000869565	-0.000869565	-0.000869565	-0.000847458	-0.000847458	-0.000847458	-0.000847458	-0.000847458	-0.000689655	-0.000689655	-0.000689655	-0.000689655	-0.000689655
1284516	-0.003582353	-0.003582353	-0.003582353	-0.003582353	-0.003582353	-0.027723029	-0.027723029	-0.027723029	-0.027723029	-0.027723029	-0.020489116	-0.020489116	-0.020489116	-0.020489116	-0.020489116	-0.006756757	-0.006756757	-0.006756757	-0.006756757	-0.006756757	-0.004065041	-0.004065041	-0.004065041	-0.004065041	-0.004065041	-0.004065041	-0.004065041	-0.004065041	-0.004065041	-0.004065041	-0.004065041	-0.004065041	-0.004065041	-0.000421348	-0.000421348	-0.000421348	-0.000421348	-0.000421348	-0.000555556	-0.000555556	-0.000555556	-0.000555556	-0.000555556	-0.000869565	-0.000869565	-0.000869565	-0.000869565	-0.000869565	-0.000847458	-0.000847458	-0.000847458	-0.000847458	-0.000847458	-0.000689655	-0.000689655	-0.000689655	-0.000689655	-0.000689655
1285632	-0.003582353	-0.003582353	-0.003582353	-0.003582353	-0.003582353	-0.027723029	-0.027723029	-0.027723029	-0.027723029	-0.027723029	-0.020489116	-0.020489116	-0.020489116	-0.020489116	-0.020489116	-0.006756757	-0.006756757	-0.006756757	-0.006756757	-0.006756757	-0.004065041	-0.004065041	-0.004065041	-0.004065041	-0.004065041	-0.004065041	-0.004065041	-0.004065041	-0.004065041	-0.004065041	-0.004065041	-0.004065041	-0.004065041	-0.000421348	-0.000421348	-0.000421348	-0.000421348	-0.000421348	-0.000555556	-0.000555556	-0.000555556	-0.000555556	-0.000555556	-0.000869565	-0.000869565	-0.000869565	-0.000869565	-0.000869565	-0.000847458	-0.000847458	-0.000847458	-0.000847458	-0.000847458	-0.000689655	-0.000689655	-0.000689655	-0.000689655	-0.000689655
1286748	-0.003582353	-0.003582353	-0.003582353	-0.003582353	-0.003582353	-0.027723029	-0.027723029	-0.027723029	-0.027723029	-0.027723029	-0.020489116	-0.020489116	-0.020489116	-0.020489116	-0.020489116	-0.006756757	-0.006756757	-0.006756757	-0.006756757	-0.006756757	-0.004065041	-0.004065041	-0.004065041	-0.004065041	-0.004065041	-0.004065041	-0.004065041	-0.004065041	-0.004065041	-0.004065041	-0.004065041	-0.004065041	-0.004065041	-0.000421348	-0.000421348	-0.000421348	-0.000421348	-0.000421348	-0.000555556	-0.000555556	-0.000555556	-0.000555556	-0.000555556	-0.000869565	-0.000869565	-0.000869565	-0.000869565	-0.000869565	-0.000847458	-0.000847458	-0.000847458	-0.000847458	-0.000847458	-0.000689655	-0.000689655	-0.000689655	-0.000689655	-0.000689655
1287864	-0.003582353	-0.003582353	-0.003582353	-0.003582353	-0.003582353	-0.027723029	-0.027723029	-0.027723029	-0.027723029	-0.027723029	-0.020489116	-0.020489116	-0.020489116	-0.020489116	-0.020489116	-0.006756757	-0.006756757	-0.006756757	-0.006756757	-0.006756757	-0.004065041	-0.004065041	-0.004065041	-0.004065041	-0.004065041	-0.004065041	-0.004065041	-0.004065041	-0.004065041	-0.004065041	-0.004065041	-0.004065041	-0.004065041	-0.000421348	-0.000421348	-0.000421348	-0.000421348	-0.000421348	-0.000555556	-0.000555556	-0.000555556	-0.000555556	-0.000555556	-0.000869565	-0.000869565	-0.000869565	-0.000869565	-0.000869565	-0.000847458	-0.000847458	-0.000847458	-0.000847458	-0.000847458	-0.000689655	-0.000689655	-0.000689655	-0.000689655	-0.000689655
1288980	-0.003582353	-0.003582353	-0.003582353	-0.003582353	-0.003582353	-0.027723029	-0.027723029	-0.027723029	-0.027723029	-0.027723029	-0.020489116	-0.020489116	-0.020489116	-0.020489116	-0.020489116	-0.006756757	-0.006756757	-0.006756757	-0.006756757	-0.006756757	-0.004065041	-0.004065041	-0.004065041	-0.004065041	-0.004065041	-0.004065041	-0.004065041	-0.004065041	-0.004065041	-0.004065041	-0.004065041	-0.004065041	-0.004065041	-0.000421348	-0.000421348	-0.000421348	-0.000421348	-0.000421348	-0.000555556	-0.000555556	-0.000555556	-0.000555556	-0.000555556	-0.000869565	-0.000869565	-0.000869565	-0.000869565	-0.000869565	-0.000847458	-0.000847458	-0.000847458	-0.000847458	-0.000847458	-0.000689655	-0.000689655	-0.000689655	-0.000689655	-0.000689655
1290096	-0.003582353	-0.003582353	-0.003582353	-0.003582353	-0.003582353	-0.027723029	-0.027723029	-0.027723029	-0.027723029	-0.027723029	-0.020489116	-0.020489116	-0.020489116	-0.020489116	-0.020489116	-0.006756757	-0.006756757	-0.006756757	-0.006756757	-0.006756757	-0.004065041	-0.004065041	-0.004065041	-0.004065041	-0.004065041	-0.004065041	-0.004065041	-0.004065041	-0.004065041	-0.004065041	-0.004065041	-0.004065041	-0.004065041	-0.000421348	-0.000421348	-0.000421348	-0.000421348	-0.000421348	-0.000555556	-0.000555556	-0.000555556	-0.000555556	-0.000555556	-0.000869565	-0.000869565	-0.000869565	-0.000869565	-0.000869565	-0.000847458	-0.000847458	-0.000847458	-0.000847458	-0.000847458	-0.000689655	-0.000689655	-0.000689655	-0.000689655	-0.000689655
1291212	-0.003582353	-0.003582353	-0.003582353	-0.003582353	-0.003582353	-0.027723029	-0.027723029	-0.027723029	-0.027723029	-0.027723029	-0.020489116	-0.020489116	-0.020489116	-0.020489116	-0.020489116	-0.006756757	-0.006756757	-0.006756757	-0.006756757	-0.006756757	-0.004065041	-0.004065041	-0.004065041	-0.004065041	-0.004065041	-0.004065041	-0.004065041	-0.004065041	-0.004065041	-0.004065041	-0.004065041	-0.004065041	-0.004065041	-0.000421348	-0.000421348	-0.000421348	-0.000421348	-0.000421348	-0.000555556	-0.000555556	-0.000555556	-0.000555556	-0.000555556	-0.000869565	-0.000869565	-0.000869565	-0.000869565	-0.000869565	-0.000847458	-0.000847458	-0.000847458	-0.000847458	-0.000847458	-0.000689655	-0.000689655	-0.000689655	-0.000689655	-0.000689655
1292328	-0.003582353	-0.003582353	-0.003582353	-0.003582353	-0.003582353	-0.027723029	-0.027723029	-0.027723029	-0.027723029	-0.027723029	-0.020489116	-0.020489116	-0.020489116	-0.020489116	-0.020489116	-0.006756757	-0.006756757	-0.006756757	-0.006756757	-0.006756757	-0.004065041	-0.004065041	-0.004065041	-0.004065041	-0.004065041	-0.004065041	-0.004065041	-0.004065041	-0.004065041	-0.004065041	-0.004065041	-0.004065041	-0.004065041	-0.000421348	-0.000421348	-0.000421348	-0.000421348	-0.000421348	-0.000555556	-0.000555556	-0.000555556	-0.000555556	-0.000555556	-0.000869565	-0.000869565	-0.000869565	-0.000869565	-0.000869565	-0.000847458	-0.000847458	-0.000847458	-0.000847458	-0.000847458	-0.000689655	-0.000689655	-0.000689655	-0.000689655	-0.000689655
1293444	-0.003582353	-0.003582353	-0.003582353	-0.003582353	-0.003582353	-0.027723029	-0.027723029	-0.027723029	-0.027723029	-0.027723029	-0.020489116	-0.020489116	-0.020489116	-0.020489116	-0.020489116	-0.006756757	-0.006756757	-0.006756757	-0.006756757	-0.006756757	-0.004065041	-0.004065041	-0.004065041	-0.004065041	-0.004065041	-0.004065041	-0.004065041	-0.004065041	-0.004065041	-0.004065041	-0.004065041	-0.004065041	-0.004065041	-0.000421348	-0.000421348	-0.000421348	-0.000421348	-0.000421348	-0.000555556	-0.000555556	-0.000555556	-0.000555556	-0.000555556	-0.000869565	-0.000869565	-0.000869565	-0.000869565	-0.000869565	-0.000847458	-0.000847458	-0.000847458	-0.000847458	-0.000847458	-0.000689655	-0.000689655	-0.000689655	-0.000689655	-0.000689655
1294560	-0.003582353	-0.003582353	-0.003582353	-0.003582353	-0.003582353	-0.027723029	-0.027723029	-0.027723029	-0.027723029	-0.027723029	-0.020489116	-0.020489116	-0.020489116	-0.020489116	-0.020489116	-0.006756757	-0.006756757	-0.006756757	-0.006756757	-0.006756757	-0.004065041	-0.004065041	-0.004065041	-0.004065041	-0.004065041	-0.004065041	-0.004065041	-0.004065041	-0.004065041	-0.004065041	-0.004065041	-0.004065041	-0.004065041	-0.000421348	-0.000421348	-0.000421348	-0.000421348	-0.000421348	-0.000555556	-0.000555556	-0.000555556	-0.000555556	-0.000555556	-0.000869565	-0.000869565	-0.000869565	-0.000869565	-0.000869565	-0.000847458	-0.000847458	-0.000847458	-0.000847458	-0.000847458	-0.000689655	-0.000689655	-0.000689655	-0.000689655	-0.000689655
1295676	-0.003582353	-0.003582353	-0.003582353	-0.003582353	-0.003582353	-0.027723029	-0.027723029	-0.027723029	-0.027723029	-0.027723029	-0.020489116	-0.020489116	-0.020489116	-0.020489116	-0.020489116	-0.006756757	-0.006756757	-0.006756757	-0.006756757	-0.006756757	-0.004065041	-0.004065041	-0.004065041	-0.004065041	-0.004065041	-0.004065041	-0.004065041	-0.004065041	-0.004065041	-0.004065041	-0.004065041	-0.004065041	-0.004065041	-0.000421348	-0.000421348	-0.000421348	-0.000421348	-0.000421348	-0.000555556	-0.000555556	-0.000555556	-0.000555556	-0.000555556	-0.000869565	-0.000869565	-0.000869565	-0.000869565	-0.000869565	-0.000847458	-0.000847458	-0.000847458	-0.000847458	-0.000847458	-0.000689655	-0.000689655	-0.000689655	-0.000689655	-0.000689655
1296792	-0.003582353	-0.003582353	-0.003582353	-0.003582353	-0.003582353	-0.027723029	-0.027723029	-0.027723029	-0.027723029	-0.027723029	-0.020489116	-0.020489116	-0.020489116	-0.020489116	-0.020489116	-0.006756757	-0.006756757	-0.006756757	-0.006756757	-0.006756757	-0.004065041	-0.004065041	-0.004065041	-0.004065041	-0.004065041	-0.004065041	-0.004065041	-0.004065041	-0.004065041	-0.004065041	-0.004065041	-0.004065041	-0.004065041	-0.000421348	-0.000421348	-0.000421348	-0.000421348	-0.000421348	-0.000555556	-0.000555556	-0.000555556	-0.000555556	-0.000555556	-0.000869565	-0.000869565	-0.000869565	-0.000869565	-0.000869565	-0.000847458	-0.000847458	-0.000847458	-0.000847458	-0.000847458	-0.000689655	-0.000689655	-0.000689655	-0.000689655	-0.000689655
